machine_id,bucket,time_us,total_cpu,peak_cpu,total_mem,peak_mem,disk_io,n_tasks
1,5785632,1735689600000000,0.075485,0.134078,0.325927,0.348376,0.0,3
1,5785633,1735689900000000,0.05128,0.086487,0.309109,0.324524,0.0,4
1,5785634,1735690200000000,0.083508,0.127756,0.325091,0.335919,0.0,2
1,5785635,1735690500000000,0.08693,0.139258,0.329306,0.350183,0.0,1
1,5785636,1735690800000000,0.034881,0.112467,0.321231,0.333821,0.0,0
1,5785637,1735691100000000,0.046561,0.125327,0.354202,0.376766,0.0,3
1,5785638,1735691400000000,0.072301,0.095359,0.280861,0.307927,0.0,2
1,5785639,1735691700000000,0.064308,0.123008,0.275629,0.278272,0.0,2
1,5785640,1735692000000000,0.069698,0.129696,0.280661,0.280704,0.0,3
1,5785641,1735692300000000,0.054645,0.082365,0.330682,0.339174,0.0,5
1,5785642,1735692600000000,0.085829,0.095739,0.379838,0.415619,0.0,1
1,5785643,1735692900000000,0.084,0.087276,0.312147,0.337998,0.0,4
1,5785644,1735693200000000,0.071189,0.133376,0.224848,0.231726,0.0,4
1,5785645,1735693500000000,0.09029,0.129466,0.263442,0.299052,0.0,6
1,5785646,1735693800000000,0.078415,0.157258,0.294124,0.312922,0.0,2
1,5785647,1735694100000000,0.054533,0.091731,0.296777,0.315821,0.0,3
1,5785648,1735694400000000,0.076638,0.154871,0.310488,0.347909,0.0,2
1,5785649,1735694700000000,0.05274,0.085666,0.320002,0.322382,0.0,1
1,5785650,1735695000000000,0.085812,0.149307,0.317564,0.326172,0.0,3
1,5785651,1735695300000000,0.069101,0.075887,0.366159,0.38959,0.0,1
1,5785652,1735695600000000,0.066672,0.111109,0.296295,0.304114,0.0,1
1,5785653,1735695900000000,0.057743,0.121908,0.285717,0.312899,0.0,2
1,5785654,1735696200000000,0.092006,0.165982,0.351357,0.359921,0.0,0
1,5785655,1735696500000000,0.067218,0.133025,0.262101,0.266067,0.0,1
1,5785656,1735696800000000,0.06229,0.065248,0.337389,0.345669,0.0,2
1,5785657,1735697100000000,0.063662,0.093478,0.326384,0.343293,0.0,2
1,5785658,1735697400000000,0.079582,0.083477,0.321956,0.329001,0.0,2
1,5785659,1735697700000000,0.076578,0.085321,0.390333,0.395721,0.0,3
1,5785660,1735698000000000,0.077429,0.131454,0.302212,0.336623,0.0,3
1,5785661,1735698300000000,0.077755,0.134815,0.409626,0.422442,0.0,3
1,5785662,1735698600000000,0.10855,0.170447,0.328975,0.343405,0.0,2
1,5785663,1735698900000000,0.062685,0.131921,0.270859,0.27307,0.0,2
1,5785664,1735699200000000,0.06078,0.119934,0.32407,0.338364,0.0,5
1,5785665,1735699500000000,0.055352,0.119422,0.276323,0.286916,0.0,1
1,5785666,1735699800000000,0.081088,0.085005,0.29831,0.32273,0.0,2
1,5785667,1735700100000000,0.090322,0.109084,0.347494,0.355709,0.0,2
1,5785668,1735700400000000,0.067949,0.117701,0.346005,0.38154,0.0,3
1,5785669,1735700700000000,0.054877,0.123527,0.29432,0.331507,0.0,1
1,5785670,1735701000000000,0.055159,0.055519,0.358802,0.362795,0.0,2
1,5785671,1735701300000000,0.081711,0.122881,0.374899,0.379195,0.0,5
1,5785672,1735701600000000,0.083379,0.137562,0.386635,0.391248,0.0,4
1,5785673,1735701900000000,0.079777,0.082145,0.349098,0.373881,0.0,2
1,5785674,1735702200000000,0.058021,0.090129,0.374844,0.379723,0.0,4
1,5785675,1735702500000000,0.074179,0.14583,0.250731,0.284826,0.0,3
1,5785676,1735702800000000,0.0721,0.125829,0.312519,0.34269,0.0,3
1,5785677,1735703100000000,0.073936,0.092949,0.291198,0.32399,0.0,2
1,5785678,1735703400000000,0.085686,0.153908,0.334759,0.355801,0.0,4
1,5785679,1735703700000000,0.074025,0.101867,0.303051,0.342918,0.0,3
1,5785680,1735704000000000,0.08222,0.150488,0.322131,0.323898,0.0,2
1,5785681,1735704300000000,0.071216,0.095132,0.400213,0.416263,0.0,3
1,5785682,1735704600000000,0.075204,0.12243,0.319533,0.33249,0.0,6
1,5785683,1735704900000000,0.081363,0.113118,0.345029,0.382975,0.0,2
1,5785684,1735705200000000,0.043771,0.065757,0.306029,0.329104,0.0,2
1,5785685,1735705500000000,0.064246,0.135171,0.325515,0.357762,0.0,1
1,5785686,1735705800000000,0.061533,0.076541,0.321777,0.328591,0.0,3
1,5785687,1735706100000000,0.0585,0.065285,0.338408,0.377553,0.0,0
1,5785688,1735706400000000,0.065047,0.092402,0.369379,0.389324,0.0,3
1,5785689,1735706700000000,0.096909,0.15432,0.399814,0.419561,0.0,0
1,5785690,1735707000000000,0.054415,0.11901,0.33143,0.370265,0.0,2
1,5785691,1735707300000000,0.087429,0.167328,0.354182,0.369411,0.0,4
1,5785692,1735707600000000,0.039708,0.063417,0.267863,0.283764,0.0,2
1,5785693,1735707900000000,0.063972,0.096607,0.318875,0.342265,0.0,1
1,5785694,1735708200000000,0.07293,0.083875,0.363137,0.368259,0.0,1
1,5785695,1735708500000000,0.080552,0.126542,0.362832,0.375675,0.0,4
1,5785696,1735708800000000,0.082802,0.162608,0.337445,0.345173,0.0,2
1,5785697,1735709100000000,0.08428,0.140351,0.364954,0.369085,0.0,2
1,5785698,1735709400000000,0.063723,0.11134,0.341934,0.37658,0.0,2
1,5785699,1735709700000000,0.061678,0.093067,0.369599,0.393173,0.0,3
1,5785700,1735710000000000,0.085444,0.158667,0.34148,0.355827,0.0,2
1,5785701,1735710300000000,0.066557,0.10631,0.309067,0.325414,0.0,0
1,5785702,1735710600000000,0.047038,0.057787,0.329897,0.347158,0.0,3
1,5785703,1735710900000000,0.049601,0.078831,0.200137,0.225463,0.0,4
1,5785704,1735711200000000,0.05345,0.058823,0.334023,0.371094,0.0,3
1,5785705,1735711500000000,0.078949,0.095107,0.181696,0.219007,0.0,4
1,5785706,1735711800000000,0.072564,0.073977,0.256459,0.272118,0.0,1
1,5785707,1735712100000000,0.082429,0.118691,0.346921,0.360091,0.0,1
1,5785708,1735712400000000,0.062309,0.113073,0.340909,0.358951,0.0,2
1,5785709,1735712700000000,0.072854,0.100317,0.279002,0.301719,0.0,2
1,5785710,1735713000000000,0.081261,0.114891,0.299957,0.31843,0.0,4
1,5785711,1735713300000000,0.064432,0.141169,0.377373,0.403723,0.0,2
1,5785712,1735713600000000,0.078222,0.138379,0.308017,0.330192,0.0,0
1,5785713,1735713900000000,0.058085,0.101354,0.410047,0.422875,0.0,1
1,5785714,1735714200000000,0.347751,0.370514,0.421636,0.435465,0.013031,5
1,5785715,1735714500000000,0.347415,0.419174,0.437917,0.45306,0.014909,5
1,5785716,1735714800000000,0.048475,0.067283,0.381641,0.385427,0.0,1
1,5785717,1735715100000000,0.078766,0.104793,0.332809,0.339452,0.0,1
1,5785718,1735715400000000,0.061551,0.134276,0.281449,0.310374,0.0,2
1,5785719,1735715700000000,0.070225,0.112588,0.32019,0.335754,0.0,1
1,5785720,1735716000000000,0.078653,0.138039,0.326104,0.334686,0.0,1
1,5785721,1735716300000000,0.078038,0.125297,0.272723,0.29523,0.0,1
1,5785722,1735716600000000,0.081977,0.134252,0.318459,0.34868,0.0,2
1,5785723,1735716900000000,0.068227,0.092178,0.294192,0.304489,0.0,1
1,5785724,1735717200000000,0.062381,0.08169,0.358808,0.391879,0.0,0
1,5785725,1735717500000000,0.068565,0.094364,0.325382,0.362482,0.0,4
1,5785726,1735717800000000,0.039628,0.052063,0.302558,0.326454,0.0,3
1,5785727,1735718100000000,0.043952,0.113897,0.311136,0.337894,0.0,5
1,5785728,1735718400000000,0.046191,0.068851,0.325092,0.327195,0.0,1
1,5785729,1735718700000000,0.05205,0.096969,0.34289,0.380711,0.0,2
1,5785730,1735719000000000,0.077196,0.140554,0.28703,0.302729,0.0,1
1,5785731,1735719300000000,0.053701,0.116407,0.277132,0.314088,0.0,4
1,5785732,1735719600000000,0.063193,0.098264,0.366305,0.389464,0.0,2
1,5785733,1735719900000000,0.093386,0.131487,0.316192,0.316376,0.0,2
1,5785734,1735720200000000,0.063587,0.143163,0.265582,0.267124,0.0,3
1,5785735,1735720500000000,0.083275,0.137243,0.346899,0.374116,0.0,2
1,5785736,1735720800000000,0.053195,0.118366,0.337153,0.35966,0.0,2
1,5785737,1735721100000000,0.066302,0.138506,0.261977,0.263038,0.0,1
1,5785738,1735721400000000,0.0529,0.115907,0.327694,0.357433,0.0,3
1,5785739,1735721700000000,0.063897,0.078712,0.351787,0.385873,0.0,4
1,5785740,1735722000000000,0.085126,0.130099,0.344769,0.364626,0.0,2
1,5785741,1735722300000000,0.253557,0.261709,0.414024,0.432655,0.038716,3
1,5785742,1735722600000000,0.292469,0.344703,0.346193,0.346412,0.014725,3
1,5785743,1735722900000000,0.288928,0.365356,0.414367,0.445833,0.037029,3
1,5785744,1735723200000000,0.059305,0.100324,0.308652,0.321881,0.0,1
1,5785745,1735723500000000,0.043971,0.078609,0.296078,0.331229,0.0,3
1,5785746,1735723800000000,0.071298,0.074166,0.359777,0.374699,0.0,3
1,5785747,1735724100000000,0.060469,0.137251,0.380335,0.402938,0.0,2
1,5785748,1735724400000000,0.074188,0.082428,0.397741,0.408554,0.0,3
1,5785749,1735724700000000,0.070393,0.07368,0.37723,0.383654,0.0,3
1,5785750,1735725000000000,0.098832,0.118517,0.330202,0.361198,0.0,2
1,5785751,1735725300000000,0.065692,0.070934,0.337101,0.356964,0.0,2
1,5785752,1735725600000000,0.051577,0.087986,0.348725,0.370184,0.0,1
1,5785753,1735725900000000,0.073227,0.114514,0.330477,0.369093,0.0,0
1,5785754,1735726200000000,0.07396,0.098966,0.331117,0.36966,0.0,3
1,5785755,1735726500000000,0.094465,0.098542,0.366013,0.400239,0.0,4
1,5785756,1735726800000000,0.085032,0.09396,0.32739,0.334894,0.0,2
1,5785757,1735727100000000,0.076424,0.107184,0.297577,0.321348,0.0,0
1,5785758,1735727400000000,0.096339,0.101182,0.31714,0.352266,0.0,2
1,5785759,1735727700000000,0.048602,0.104457,0.342367,0.357346,0.0,1
1,5785760,1735728000000000,0.058484,0.075046,0.320589,0.324634,0.0,2
1,5785761,1735728300000000,0.053322,0.077487,0.332271,0.364709,0.0,3
1,5785762,1735728600000000,0.062983,0.094513,0.348847,0.368118,0.0,4
1,5785763,1735728900000000,0.04522,0.078548,0.300833,0.323409,0.0,4
1,5785764,1735729200000000,0.081433,0.081566,0.358751,0.398037,0.0,1
1,5785765,1735729500000000,0.066,0.074966,0.338254,0.362542,0.0,6
1,5785766,1735729800000000,0.043525,0.112547,0.265841,0.282841,0.0,2
1,5785767,1735730100000000,0.05172,0.051818,0.375794,0.390593,0.0,3
1,5785768,1735730400000000,0.075643,0.116297,0.306445,0.32315,0.0,1
1,5785769,1735730700000000,0.085086,0.124246,0.263576,0.268312,0.0,2
1,5785770,1735731000000000,0.105941,0.132589,0.295278,0.327068,0.0,2
1,5785771,1735731300000000,0.12245,0.156956,0.302016,0.335524,0.0,1
1,5785772,1735731600000000,0.077459,0.139906,0.329198,0.340574,0.0,4
1,5785773,1735731900000000,0.052188,0.119485,0.307312,0.319464,0.0,0
1,5785774,1735732200000000,0.031623,0.052451,0.297595,0.332568,0.0,1
1,5785775,1735732500000000,0.074819,0.100618,0.350975,0.351933,0.0,0
1,5785776,1735732800000000,0.055367,0.074766,0.332974,0.353792,0.0,5
1,5785777,1735733100000000,0.062524,0.100913,0.334525,0.353072,0.0,2
1,5785778,1735733400000000,0.058982,0.113643,0.337037,0.364642,0.0,3
1,5785779,1735733700000000,0.067466,0.085726,0.348258,0.354794,0.0,1
1,5785780,1735734000000000,0.089188,0.115647,0.246898,0.273631,0.0,2
1,5785781,1735734300000000,0.072827,0.147258,0.310912,0.325981,0.0,3
1,5785782,1735734600000000,0.067145,0.07103,0.236292,0.261041,0.0,0
1,5785783,1735734900000000,0.051358,0.08822,0.319418,0.321022,0.0,1
1,5785784,1735735200000000,0.039856,0.09678,0.313764,0.332233,0.0,2
1,5785785,1735735500000000,0.061246,0.073283,0.363258,0.384148,0.0,2
1,5785786,1735735800000000,0.069032,0.072822,0.371667,0.38024,0.0,3
1,5785787,1735736100000000,0.101823,0.112879,0.343749,0.349334,0.0,4
1,5785788,1735736400000000,0.072345,0.145851,0.305306,0.312845,0.0,0
1,5785789,1735736700000000,0.087689,0.08843,0.350098,0.363863,0.0,1
1,5785790,1735737000000000,0.061013,0.076078,0.300238,0.30411,0.0,3
1,5785791,1735737300000000,0.048671,0.051174,0.316979,0.354872,0.0,2
1,5785792,1735737600000000,0.052628,0.061478,0.357865,0.374065,0.0,0
1,5785793,1735737900000000,0.056946,0.106558,0.29762,0.329979,0.0,0
1,5785794,1735738200000000,0.108312,0.127644,0.370137,0.409113,0.0,3
1,5785795,1735738500000000,0.055215,0.100752,0.346421,0.349651,0.0,4
1,5785796,1735738800000000,0.085093,0.132308,0.291591,0.317658,0.0,1
1,5785797,1735739100000000,0.053747,0.121702,0.357767,0.392624,0.0,4
1,5785798,1735739400000000,0.086768,0.087148,0.358312,0.383681,0.0,2
1,5785799,1735739700000000,0.076929,0.145199,0.331002,0.348163,0.0,2
1,5785800,1735740000000000,0.067181,0.11671,0.29302,0.310263,0.0,2
1,5785801,1735740300000000,0.069266,0.082286,0.289875,0.291311,0.0,2
1,5785802,1735740600000000,0.058214,0.120049,0.298868,0.320252,0.0,3
1,5785803,1735740900000000,0.078029,0.146469,0.349014,0.388756,0.0,0
1,5785804,1735741200000000,0.06181,0.082151,0.283409,0.321757,0.0,0
1,5785805,1735741500000000,0.047939,0.121443,0.334279,0.335895,0.0,2
1,5785806,1735741800000000,0.046997,0.083354,0.266779,0.295011,0.0,1
1,5785807,1735742100000000,0.073107,0.121381,0.317425,0.329495,0.0,3
1,5785808,1735742400000000,0.098424,0.177196,0.338834,0.374954,0.0,3
1,5785809,1735742700000000,0.07288,0.101803,0.423313,0.425118,0.0,1
1,5785810,1735743000000000,0.067865,0.132917,0.26866,0.306095,0.0,5
1,5785811,1735743300000000,0.075145,0.100617,0.385181,0.41868,0.0,2
1,5785812,1735743600000000,0.093508,0.157445,0.338722,0.343422,0.0,5
1,5785813,1735743900000000,0.073949,0.122008,0.342329,0.344722,0.0,1
1,5785814,1735744200000000,0.062603,0.079912,0.326645,0.360033,0.0,1
1,5785815,1735744500000000,0.089913,0.123035,0.349259,0.355489,0.0,2
1,5785816,1735744800000000,0.077718,0.103128,0.321054,0.34245,0.0,1
1,5785817,1735745100000000,0.097644,0.103892,0.392337,0.428967,0.0,2
1,5785818,1735745400000000,0.073298,0.075685,0.307396,0.330093,0.0,6
1,5785819,1735745700000000,0.04796,0.075678,0.362075,0.377965,0.0,5
1,5785820,1735746000000000,0.045373,0.046896,0.290106,0.307907,0.0,2
1,5785821,1735746300000000,0.099717,0.112956,0.332491,0.335015,0.0,3
1,5785822,1735746600000000,0.101026,0.159041,0.292481,0.331231,0.0,4
1,5785823,1735746900000000,0.066769,0.123416,0.34157,0.353996,0.0,5
1,5785824,1735747200000000,0.063103,0.122189,0.379891,0.387465,0.0,3
1,5785825,1735747500000000,0.096306,0.121678,0.330613,0.342055,0.0,1
1,5785826,1735747800000000,0.050073,0.121275,0.30965,0.348225,0.0,3
1,5785827,1735748100000000,0.053895,0.101401,0.274279,0.27805,0.0,2
1,5785828,1735748400000000,0.08158,0.091662,0.319381,0.354073,0.0,4
1,5785829,1735748700000000,0.062897,0.074395,0.258302,0.286616,0.0,1
1,5785830,1735749000000000,0.069908,0.125355,0.287953,0.321153,0.0,3
1,5785831,1735749300000000,0.067058,0.080894,0.332542,0.371578,0.0,1
1,5785832,1735749600000000,0.076076,0.11666,0.379387,0.413073,0.0,4
1,5785833,1735749900000000,0.095335,0.174677,0.445736,0.483471,0.0,3
1,5785834,1735750200000000,0.071631,0.071951,0.301607,0.306685,0.0,4
1,5785835,1735750500000000,0.081591,0.082917,0.385969,0.4178,0.0,2
1,5785836,1735750800000000,0.033097,0.112544,0.321334,0.343161,0.0,4
1,5785837,1735751100000000,0.069123,0.115894,0.318143,0.339883,0.0,5
1,5785838,1735751400000000,0.341911,0.352064,0.436973,0.47293,0.001253,1
1,5785839,1735751700000000,0.335151,0.406935,0.419779,0.458652,0.05993,3
1,5785840,1735752000000000,0.341283,0.411713,0.423865,0.452058,0.116381,3
1,5785841,1735752300000000,0.063986,0.106882,0.306062,0.325379,0.0,3
1,5785842,1735752600000000,0.086486,0.13623,0.274346,0.292602,0.0,7
1,5785843,1735752900000000,0.046125,0.06798,0.254399,0.269852,0.0,4
1,5785844,1735753200000000,0.070551,0.074593,0.350823,0.365287,0.0,3
1,5785845,1735753500000000,0.061285,0.10885,0.310382,0.326042,0.0,2
1,5785846,1735753800000000,0.064102,0.087682,0.298592,0.302182,0.0,2
1,5785847,1735754100000000,0.08805,0.141139,0.331158,0.334255,0.0,2
1,5785848,1735754400000000,0.079686,0.146586,0.359687,0.390882,0.0,4
1,5785849,1735754700000000,0.094073,0.095526,0.34014,0.357983,0.0,2
1,5785850,1735755000000000,0.067219,0.114876,0.297284,0.334512,0.0,5
1,5785851,1735755300000000,0.057473,0.075975,0.369167,0.393656,0.0,0
1,5785852,1735755600000000,0.065971,0.135882,0.386257,0.387664,0.0,1
1,5785853,1735755900000000,0.074365,0.094658,0.34581,0.352111,0.0,1
1,5785854,1735756200000000,0.301994,0.350855,0.444644,0.452877,0.060859,7
1,5785855,1735756500000000,0.279296,0.323579,0.447432,0.486462,0.079698,1
1,5785856,1735756800000000,0.300444,0.332137,0.450359,0.459108,0.077526,2
1,5785857,1735757100000000,0.302923,0.357133,0.430587,0.451217,0.021335,0
1,5785858,1735757400000000,0.115315,0.173376,0.364294,0.401741,0.0,2
1,5785859,1735757700000000,0.103783,0.149138,0.357111,0.396198,0.0,5
1,5785860,1735758000000000,0.054642,0.115315,0.275231,0.284685,0.0,2
1,5785861,1735758300000000,0.064827,0.1435,0.350718,0.352683,0.0,5
1,5785862,1735758600000000,0.043658,0.0772,0.261048,0.267192,0.0,1
1,5785863,1735758900000000,0.059367,0.100534,0.288995,0.291528,0.0,1
1,5785864,1735759200000000,0.075681,0.076678,0.378631,0.386436,0.0,2
1,5785865,1735759500000000,0.091705,0.155388,0.365706,0.388448,0.0,4
1,5785866,1735759800000000,0.056876,0.098495,0.379403,0.415901,0.0,2
1,5785867,1735760100000000,0.058225,0.090862,0.309512,0.331001,0.0,6
1,5785868,1735760400000000,0.031349,0.038875,0.264882,0.289922,0.0,2
1,5785869,1735760700000000,0.067072,0.138245,0.313858,0.321932,0.0,1
1,5785870,1735761000000000,0.050877,0.082477,0.321888,0.353911,0.0,0
1,5785871,1735761300000000,0.06047,0.115077,0.324324,0.349036,0.0,4
1,5785872,1735761600000000,0.054217,0.066166,0.364323,0.398888,0.0,1
1,5785873,1735761900000000,0.068303,0.145227,0.309455,0.347409,0.0,3
1,5785874,1735762200000000,0.038361,0.052636,0.327508,0.341424,0.0,4
1,5785875,1735762500000000,0.043593,0.059557,0.275713,0.279336,0.0,7
1,5785876,1735762800000000,0.108326,0.177045,0.355927,0.364964,0.0,3
1,5785877,1735763100000000,0.046826,0.119833,0.316514,0.334027,0.0,2
1,5785878,1735763400000000,0.050258,0.06723,0.287598,0.325426,0.0,1
1,5785879,1735763700000000,0.103064,0.140649,0.326639,0.341772,0.0,3
1,5785880,1735764000000000,0.122291,0.180971,0.335435,0.366266,0.0,4
1,5785881,1735764300000000,0.048912,0.119181,0.306313,0.327932,0.0,3
1,5785882,1735764600000000,0.063372,0.093696,0.393034,0.400346,0.0,5
1,5785883,1735764900000000,0.076148,0.11751,0.322714,0.335543,0.0,3
1,5785884,1735765200000000,0.101117,0.160454,0.325635,0.351763,0.0,4
1,5785885,1735765500000000,0.052237,0.110727,0.234385,0.261299,0.0,5
1,5785886,1735765800000000,0.065585,0.128222,0.287186,0.304577,0.0,4
1,5785887,1735766100000000,0.083992,0.129587,0.318874,0.32802,0.0,4
1,5785888,1735766400000000,0.077826,0.086195,0.299805,0.328681,0.0,3
1,5785889,1735766700000000,0.063229,0.135547,0.377399,0.384153,0.0,1
1,5785890,1735767000000000,0.067591,0.136837,0.317059,0.354526,0.0,4
1,5785891,1735767300000000,0.045252,0.1091,0.367376,0.374892,0.0,3
1,5785892,1735767600000000,0.065713,0.073702,0.325468,0.32976,0.0,1
1,5785893,1735767900000000,0.065205,0.081557,0.324311,0.344217,0.0,2
1,5785894,1735768200000000,0.074179,0.133667,0.322411,0.343193,0.0,2
1,5785895,1735768500000000,0.060004,0.061855,0.321153,0.341481,0.0,2
1,5785896,1735768800000000,0.078488,0.156826,0.396223,0.413689,0.0,2
1,5785897,1735769100000000,0.088229,0.1184,0.238096,0.277888,0.0,3
1,5785898,1735769400000000,0.072798,0.130343,0.245417,0.264869,0.0,3
1,5785899,1735769700000000,0.076332,0.147337,0.304989,0.324107,0.0,2
1,5785900,1735770000000000,0.070957,0.102527,0.325416,0.342287,0.0,1
1,5785901,1735770300000000,0.070002,0.095532,0.352105,0.354778,0.0,3
1,5785902,1735770600000000,0.057012,0.105711,0.338878,0.362596,0.0,7
1,5785903,1735770900000000,0.075697,0.122176,0.311124,0.320243,0.0,1
1,5785904,1735771200000000,0.068249,0.10098,0.364649,0.390153,0.0,0
1,5785905,1735771500000000,0.107677,0.155819,0.378895,0.380928,0.0,5
1,5785906,1735771800000000,0.09832,0.173151,0.341774,0.38103,0.0,2
1,5785907,1735772100000000,0.076945,0.114356,0.365437,0.384197,0.0,4
1,5785908,1735772400000000,0.056265,0.072004,0.330599,0.366469,0.0,1
1,5785909,1735772700000000,0.049977,0.080153,0.295033,0.314055,0.0,1
1,5785910,1735773000000000,0.091441,0.122969,0.359917,0.36233,0.0,1
1,5785911,1735773300000000,0.325068,0.335557,0.418198,0.451087,0.055442,6
1,5785912,1735773600000000,0.328981,0.342011,0.415197,0.441124,0.015007,10
1,5785913,1735773900000000,0.288936,0.343701,0.460046,0.491316,0.02427,2
1,5785914,1735774200000000,0.086694,0.113852,0.232308,0.249435,0.0,2
1,5785915,1735774500000000,0.07818,0.154571,0.270656,0.296173,0.0,1
1,5785916,1735774800000000,0.285034,0.304522,0.352279,0.386528,0.014319,2
1,5785917,1735775100000000,0.296535,0.304448,0.389257,0.414499,0.04411,1
1,5785918,1735775400000000,0.309769,0.370049,0.398235,0.412142,0.009934,4
1,5785919,1735775700000000,0.305966,0.376449,0.346795,0.373296,0.016424,5
1,5785920,1735776000000000,0.064741,0.08699,0.283253,0.310127,0.0,3
1,5785921,1735776300000000,0.068137,0.084304,0.289414,0.327838,0.0,4
1,5785922,1735776600000000,0.065464,0.080326,0.42121,0.436046,0.0,2
1,5785923,1735776900000000,0.072746,0.114507,0.397531,0.414534,0.0,0
1,5785924,1735777200000000,0.096487,0.13396,0.3173,0.349785,0.0,3
1,5785925,1735777500000000,0.0238,0.044555,0.293787,0.314017,0.0,2
1,5785926,1735777800000000,0.065737,0.069351,0.27704,0.306503,0.0,0
1,5785927,1735778100000000,0.073177,0.111697,0.249287,0.267675,0.0,3
1,5785928,1735778400000000,0.075328,0.152074,0.32169,0.330309,0.0,5
1,5785929,1735778700000000,0.063306,0.115507,0.282243,0.312051,0.0,3
1,5785930,1735779000000000,0.038379,0.07802,0.310039,0.315285,0.0,1
1,5785931,1735779300000000,0.075904,0.084759,0.262558,0.270501,0.0,1
2,5785632,1735689600000000,0.085737,0.129951,0.347107,0.358075,0.0,4
2,5785633,1735689900000000,0.052326,0.086912,0.423373,0.452544,0.0,1
2,5785634,1735690200000000,0.348932,0.415069,0.476133,0.488519,0.036774,2
2,5785635,1735690500000000,0.366288,0.439012,0.456935,0.47854,0.031634,3
2,5785636,1735690800000000,0.10107,0.175639,0.33195,0.368879,0.0,3
2,5785637,1735691100000000,0.03552,0.080664,0.234882,0.256453,0.0,2
2,5785638,1735691400000000,0.07501,0.110382,0.273362,0.298043,0.0,1
2,5785639,1735691700000000,0.045231,0.10165,0.367143,0.370072,0.0,2
2,5785640,1735692000000000,0.058582,0.125648,0.288913,0.296039,0.0,0
2,5785641,1735692300000000,0.06344,0.108479,0.294234,0.298272,0.0,2
2,5785642,1735692600000000,0.062431,0.118429,0.315225,0.345817,0.0,2
2,5785643,1735692900000000,0.060392,0.12037,0.278655,0.312092,0.0,2
2,5785644,1735693200000000,0.07013,0.124241,0.275475,0.282933,0.0,3
2,5785645,1735693500000000,0.060365,0.120056,0.319109,0.32788,0.0,1
2,5785646,1735693800000000,0.043676,0.060367,0.279625,0.292554,0.0,1
2,5785647,1735694100000000,0.084038,0.123908,0.299772,0.323416,0.0,2
2,5785648,1735694400000000,0.083552,0.130613,0.297995,0.322867,0.0,0
2,5785649,1735694700000000,0.085177,0.085375,0.350706,0.378177,0.0,3
2,5785650,1735695000000000,0.042267,0.110744,0.305508,0.341716,0.0,1
2,5785651,1735695300000000,0.075381,0.124182,0.31924,0.331042,0.0,4
2,5785652,1735695600000000,0.082168,0.092499,0.352637,0.378987,0.0,1
2,5785653,1735695900000000,0.051438,0.116747,0.312322,0.334711,0.0,5
2,5785654,1735696200000000,0.070165,0.12753,0.313428,0.325661,0.0,3
2,5785655,1735696500000000,0.067907,0.128571,0.342586,0.378882,0.0,3
2,5785656,1735696800000000,0.103159,0.134522,0.362833,0.366653,0.0,1
2,5785657,1735697100000000,0.104641,0.172977,0.330741,0.359221,0.0,1
2,5785658,1735697400000000,0.040042,0.073164,0.317239,0.346354,0.0,0
2,5785659,1735697700000000,0.114891,0.160531,0.30894,0.345553,0.0,2
2,5785660,1735698000000000,0.053526,0.053577,0.284307,0.30505,0.0,7
2,5785661,1735698300000000,0.303284,0.354873,0.436915,0.44978,0.007562,2
2,5785662,1735698600000000,0.3031,0.360554,0.423883,0.456992,0.002054,3
2,5785663,1735698900000000,0.267709,0.313078,0.41191,0.442742,0.027259,4
2,5785664,1735699200000000,0.078879,0.118604,0.338842,0.358854,0.0,1
2,5785665,1735699500000000,0.068064,0.132859,0.325671,0.356385,0.0,4
2,5785666,1735699800000000,0.079978,0.134488,0.355849,0.366564,0.0,4
2,5785667,1735700100000000,0.074152,0.096398,0.363358,0.386938,0.0,2
2,5785668,1735700400000000,0.091534,0.16826,0.368486,0.403093,0.0,2
2,5785669,1735700700000000,0.071357,0.127939,0.320944,0.333663,0.0,3
2,5785670,1735701000000000,0.066978,0.146013,0.378922,0.398264,0.0,3
2,5785671,1735701300000000,0.089729,0.16743,0.340544,0.378585,0.0,4
2,5785672,1735701600000000,0.080447,0.15396,0.353452,0.38538,0.0,4
2,5785673,1735701900000000,0.322927,0.383356,0.424308,0.459789,0.096287,0
2,5785674,1735702200000000,0.297791,0.346546,0.414107,0.429517,0.03261,1
2,5785675,1735702500000000,0.290939,0.304713,0.372399,0.412259,0.05227,4
2,5785676,1735702800000000,0.299535,0.343003,0.432891,0.438994,0.019319,3
2,5785677,1735703100000000,0.058825,0.120055,0.434401,0.455151,0.0,3
2,5785678,1735703400000000,0.084152,0.12582,0.314461,0.333632,0.0,1
2,5785679,1735703700000000,0.087568,0.157027,0.333488,0.365426,0.0,3
2,5785680,1735704000000000,0.067208,0.07598,0.305674,0.342019,0.0,3
2,5785681,1735704300000000,0.095757,0.126232,0.313994,0.34324,0.0,2
2,5785682,1735704600000000,0.094632,0.13511,0.394899,0.419972,0.0,1
2,5785683,1735704900000000,0.074381,0.108967,0.299115,0.316212,0.0,3
2,5785684,1735705200000000,0.055206,0.063893,0.300359,0.320772,0.0,4
2,5785685,1735705500000000,0.098357,0.110639,0.270925,0.291297,0.0,3
2,5785686,1735705800000000,0.068902,0.135911,0.293811,0.294626,0.0,4
2,5785687,1735706100000000,0.072271,0.111022,0.256959,0.277081,0.0,1
2,5785688,1735706400000000,0.063887,0.067785,0.347633,0.381872,0.0,2
2,5785689,1735706700000000,0.053984,0.055303,0.430882,0.459253,0.0,2
2,5785690,1735707000000000,0.043564,0.081443,0.30058,0.332409,0.0,2
2,5785691,1735707300000000,0.081392,0.094542,0.261817,0.277436,0.0,4
2,5785692,1735707600000000,0.055899,0.112309,0.355565,0.376723,0.0,3
2,5785693,1735707900000000,0.125072,0.188697,0.314698,0.316037,0.0,3
2,5785694,1735708200000000,0.050451,0.068714,0.369632,0.384952,0.0,1
2,5785695,1735708500000000,0.047367,0.094741,0.305297,0.324274,0.0,3
2,5785696,1735708800000000,0.079182,0.091538,0.302441,0.31265,0.0,4
2,5785697,1735709100000000,0.097528,0.121814,0.327016,0.328266,0.0,1
2,5785698,1735709400000000,0.071163,0.142266,0.355218,0.382834,0.0,3
2,5785699,1735709700000000,0.0803,0.123828,0.319008,0.336412,0.0,3
2,5785700,1735710000000000,0.036816,0.107687,0.293017,0.309644,0.0,3
2,5785701,1735710300000000,0.057805,0.075825,0.312278,0.322278,0.0,1
2,5785702,1735710600000000,0.050675,0.077077,0.266862,0.288375,0.0,2
2,5785703,1735710900000000,0.035889,0.073565,0.328442,0.345964,0.0,1
2,5785704,1735711200000000,0.072106,0.110512,0.253768,0.272727,0.0,6
2,5785705,1735711500000000,0.029629,0.109441,0.292605,0.31584,0.0,3
2,5785706,1735711800000000,0.0462,0.055356,0.346546,0.346799,0.0,2
2,5785707,1735712100000000,0.060331,0.128488,0.333238,0.369545,0.0,2
2,5785708,1735712400000000,0.055037,0.124131,0.342876,0.345719,0.0,2
2,5785709,1735712700000000,0.077135,0.121391,0.324396,0.342433,0.0,2
2,5785710,1735713000000000,0.0755,0.103023,0.373215,0.38151,0.0,0
2,5785711,1735713300000000,0.086088,0.127626,0.367119,0.38807,0.0,2
2,5785712,1735713600000000,0.083543,0.10694,0.347086,0.358295,0.0,2
2,5785713,1735713900000000,0.090535,0.154463,0.368789,0.403189,0.0,3
2,5785714,1735714200000000,0.069965,0.109828,0.354505,0.370359,0.0,2
2,5785715,1735714500000000,0.075462,0.14953,0.308833,0.334384,0.0,3
2,5785716,1735714800000000,0.079207,0.129023,0.273967,0.283922,0.0,1
2,5785717,1735715100000000,0.07255,0.113695,0.342207,0.342983,0.0,2
2,5785718,1735715400000000,0.062851,0.119736,0.343841,0.360007,0.0,2
2,5785719,1735715700000000,0.064016,0.104331,0.366025,0.387484,0.0,4
2,5785720,1735716000000000,0.055284,0.127644,0.281897,0.300278,0.0,1
2,5785721,1735716300000000,0.077589,0.092345,0.290899,0.32938,0.0,2
2,5785722,1735716600000000,0.068308,0.146176,0.342304,0.370577,0.0,2
2,5785723,1735716900000000,0.058063,0.123038,0.317475,0.357302,0.0,0
2,5785724,1735717200000000,0.05808,0.126938,0.244897,0.2567,0.0,4
2,5785725,1735717500000000,0.048213,0.086845,0.331879,0.363441,0.0,2
2,5785726,1735717800000000,0.087619,0.154595,0.25657,0.278792,0.0,2
2,5785727,1735718100000000,0.071415,0.095957,0.287185,0.311655,0.0,3
2,5785728,1735718400000000,0.05447,0.115425,0.373132,0.412566,0.0,6
2,5785729,1735718700000000,0.084554,0.09579,0.402589,0.428749,0.0,2
2,5785730,1735719000000000,0.059912,0.084476,0.272343,0.308296,0.0,0
2,5785731,1735719300000000,0.044683,0.080342,0.302463,0.331493,0.0,1
2,5785732,1735719600000000,0.088382,0.114168,0.332639,0.337734,0.0,2
2,5785733,1735719900000000,0.060332,0.091294,0.392365,0.420342,0.0,4
2,5785734,1735720200000000,0.06264,0.128248,0.302209,0.321582,0.0,1
2,5785735,1735720500000000,0.070741,0.091275,0.305684,0.342436,0.0,3
2,5785736,1735720800000000,0.090567,0.150189,0.393647,0.425921,0.0,3
2,5785737,1735721100000000,0.070361,0.076258,0.309635,0.3138,0.0,2
2,5785738,1735721400000000,0.048416,0.109675,0.345834,0.35119,0.0,3
2,5785739,1735721700000000,0.07979,0.143152,0.268841,0.271625,0.0,1
2,5785740,1735722000000000,0.06127,0.093406,0.314595,0.334325,0.0,1
2,5785741,1735722300000000,0.103983,0.161781,0.27001,0.273241,0.0,1
2,5785742,1735722600000000,0.06998,0.143191,0.282276,0.311223,0.0,4
2,5785743,1735722900000000,0.029769,0.093826,0.343987,0.366082,0.0,2
2,5785744,1735723200000000,0.076433,0.107668,0.324755,0.358191,0.0,3
2,5785745,1735723500000000,0.105003,0.14374,0.323987,0.335179,0.0,2
2,5785746,1735723800000000,0.098367,0.160715,0.304478,0.325244,0.0,2
2,5785747,1735724100000000,0.102957,0.126365,0.327209,0.331908,0.0,1
2,5785748,1735724400000000,0.051644,0.115955,0.33012,0.365504,0.0,5
2,5785749,1735724700000000,0.086419,0.112664,0.369563,0.376563,0.0,3
2,5785750,1735725000000000,0.057004,0.121483,0.214946,0.21904,0.0,7
2,5785751,1735725300000000,0.074037,0.080981,0.292643,0.300845,0.0,0
2,5785752,1735725600000000,0.047087,0.050639,0.322844,0.355094,0.0,3
2,5785753,1735725900000000,0.0584,0.138214,0.316485,0.320718,0.0,3
2,5785754,1735726200000000,0.057828,0.127384,0.336375,0.360952,0.0,3
2,5785755,1735726500000000,0.086174,0.156802,0.340863,0.37071,0.0,3
2,5785756,1735726800000000,0.084413,0.160515,0.31735,0.347393,0.0,3
2,5785757,1735727100000000,0.074983,0.110048,0.30517,0.312772,0.0,2
2,5785758,1735727400000000,0.045692,0.068639,0.306172,0.308637,0.0,1
2,5785759,1735727700000000,0.06439,0.074792,0.368486,0.386439,0.0,3
2,5785760,1735728000000000,0.05657,0.096667,0.290519,0.298619,0.0,2
2,5785761,1735728300000000,0.085654,0.103258,0.327467,0.355438,0.0,1
2,5785762,1735728600000000,0.091207,0.166051,0.339256,0.353524,0.0,0
2,5785763,1735728900000000,0.089015,0.089335,0.393569,0.411543,0.0,3
2,5785764,1735729200000000,0.056406,0.067862,0.30773,0.312269,0.0,3
2,5785765,1735729500000000,0.020688,0.040406,0.345593,0.368295,0.0,3
2,5785766,1735729800000000,0.038195,0.054111,0.362647,0.370068,0.0,1
2,5785767,1735730100000000,0.095589,0.113652,0.330906,0.358066,0.0,2
2,5785768,1735730400000000,0.062777,0.115261,0.313543,0.31639,0.0,0
2,5785769,1735730700000000,0.056487,0.082688,0.306608,0.345644,0.0,2
2,5785770,1735731000000000,0.099568,0.14877,0.324616,0.351997,0.0,3
2,5785771,1735731300000000,0.092773,0.163994,0.36664,0.373909,0.0,3
2,5785772,1735731600000000,0.07044,0.118645,0.333894,0.334458,0.0,2
2,5785773,1735731900000000,0.064719,0.120281,0.332063,0.345442,0.0,3
2,5785774,1735732200000000,0.067622,0.096862,0.278659,0.284771,0.0,1
2,5785775,1735732500000000,0.074089,0.086868,0.287232,0.295968,0.0,1
2,5785776,1735732800000000,0.098801,0.124448,0.420318,0.455228,0.0,3
2,5785777,1735733100000000,0.326668,0.40381,0.407221,0.431349,0.016497,0
2,5785778,1735733400000000,0.332132,0.381877,0.385255,0.392314,0.046813,3
2,5785779,1735733700000000,0.091047,0.113248,0.38911,0.411377,0.0,5
2,5785780,1735734000000000,0.048946,0.085019,0.328403,0.338635,0.0,4
2,5785781,1735734300000000,0.083588,0.150429,0.352382,0.39143,0.0,3
2,5785782,1735734600000000,0.064698,0.118173,0.317122,0.318433,0.0,1
2,5785783,1735734900000000,0.02471,0.069563,0.295902,0.325194,0.0,1
2,5785784,1735735200000000,0.031693,0.102506,0.304309,0.335229,0.0,0
2,5785785,1735735500000000,0.051674,0.105469,0.262776,0.265463,0.0,1
2,5785786,1735735800000000,0.079562,0.13098,0.32433,0.331204,0.0,0
2,5785787,1735736100000000,0.072048,0.08723,0.337058,0.352431,0.0,4
2,5785788,1735736400000000,0.073319,0.08183,0.39968,0.434406,0.0,2
2,5785789,1735736700000000,0.105117,0.182328,0.340231,0.361711,0.0,1
2,5785790,1735737000000000,0.047156,0.095065,0.223138,0.24935,0.0,1
2,5785791,1735737300000000,0.069506,0.102761,0.320568,0.351888,0.0,1
2,5785792,1735737600000000,0.07548,0.122602,0.435998,0.469123,0.0,2
2,5785793,1735737900000000,0.056747,0.061692,0.354516,0.373568,0.0,0
2,5785794,1735738200000000,0.07051,0.13628,0.292243,0.312595,0.0,1
2,5785795,1735738500000000,0.041201,0.058533,0.338065,0.366785,0.0,4
2,5785796,1735738800000000,0.095378,0.159742,0.303702,0.314236,0.0,2
2,5785797,1735739100000000,0.057731,0.100481,0.266054,0.300233,0.0,2
2,5785798,1735739400000000,0.106565,0.128691,0.323363,0.324195,0.0,2
2,5785799,1735739700000000,0.069415,0.071832,0.327956,0.335787,0.0,3
2,5785800,1735740000000000,0.088505,0.153772,0.256091,0.288099,0.0,2
2,5785801,1735740300000000,0.069041,0.083157,0.278198,0.291808,0.0,0
2,5785802,1735740600000000,0.069447,0.073591,0.32472,0.330713,0.0,4
2,5785803,1735740900000000,0.059487,0.119958,0.304494,0.311964,0.0,2
2,5785804,1735741200000000,0.072144,0.100148,0.341043,0.362273,0.0,2
2,5785805,1735741500000000,0.075724,0.106871,0.277917,0.311764,0.0,2
2,5785806,1735741800000000,0.055883,0.075649,0.348124,0.35095,0.0,6
2,5785807,1735742100000000,0.067749,0.136483,0.276362,0.277581,0.0,5
2,5785808,1735742400000000,0.059018,0.082805,0.386366,0.404972,0.0,4
2,5785809,1735742700000000,0.111394,0.128209,0.270358,0.308605,0.0,1
2,5785810,1735743000000000,0.068385,0.093125,0.280233,0.291393,0.0,3
2,5785811,1735743300000000,0.097814,0.114066,0.35093,0.389297,0.0,4
2,5785812,1735743600000000,0.066479,0.091891,0.389837,0.425344,0.0,3
2,5785813,1735743900000000,0.074667,0.081302,0.338735,0.350061,0.0,1
2,5785814,1735744200000000,0.046215,0.058898,0.33869,0.371368,0.0,3
2,5785815,1735744500000000,0.061953,0.095317,0.322385,0.34982,0.0,3
2,5785816,1735744800000000,0.07379,0.144147,0.28477,0.305243,0.0,2
2,5785817,1735745100000000,0.098548,0.103131,0.314886,0.331803,0.0,3
2,5785818,1735745400000000,0.073996,0.09101,0.277422,0.310042,0.0,0
2,5785819,1735745700000000,0.094907,0.167575,0.282069,0.313792,0.0,3
2,5785820,1735746000000000,0.081533,0.152734,0.344607,0.374884,0.0,2
2,5785821,1735746300000000,0.099293,0.153649,0.289826,0.329756,0.0,1
2,5785822,1735746600000000,0.068937,0.088175,0.33691,0.356051,0.0,3
2,5785823,1735746900000000,0.113024,0.146609,0.287486,0.319762,0.0,3
2,5785824,1735747200000000,0.061263,0.078161,0.333297,0.367796,0.0,5
2,5785825,1735747500000000,0.056204,0.066491,0.300124,0.308588,0.0,1
2,5785826,1735747800000000,0.048219,0.078619,0.373141,0.374824,0.0,3
2,5785827,1735748100000000,0.111958,0.158024,0.352134,0.368324,0.0,4
2,5785828,1735748400000000,0.08475,0.113545,0.379094,0.413363,0.0,6
2,5785829,1735748700000000,0.063986,0.112852,0.292169,0.303733,0.0,3
2,5785830,1735749000000000,0.092482,0.116183,0.334615,0.362615,0.0,4
2,5785831,1735749300000000,0.082378,0.110047,0.289589,0.289883,0.0,3
2,5785832,1735749600000000,0.10539,0.168644,0.320342,0.334557,0.0,1
2,5785833,1735749900000000,0.293082,0.363347,0.392095,0.416715,0.062868,5
2,5785834,1735750200000000,0.316167,0.34193,0.381624,0.386814,0.041104,4
2,5785835,1735750500000000,0.312618,0.358339,0.360796,0.39666,0.022158,2
2,5785836,1735750800000000,0.034474,0.056727,0.255525,0.261776,0.0,1
2,5785837,1735751100000000,0.089086,0.093353,0.23759,0.273982,0.0,5
2,5785838,1735751400000000,0.065133,0.124161,0.280543,0.289198,0.0,2
2,5785839,1735751700000000,0.083313,0.096994,0.354259,0.394031,0.0,1
2,5785840,1735752000000000,0.112476,0.146533,0.275427,0.299617,0.0,2
2,5785841,1735752300000000,0.063642,0.102605,0.26755,0.270923,0.0,1
2,5785842,1735752600000000,0.062419,0.077177,0.393483,0.396094,0.0,2
2,5785843,1735752900000000,0.072136,0.0797,0.299788,0.302785,0.0,2
2,5785844,1735753200000000,0.08777,0.115611,0.343562,0.367157,0.0,2
2,5785845,1735753500000000,0.059799,0.135982,0.346622,0.379006,0.0,2
2,5785846,1735753800000000,0.058643,0.107854,0.347026,0.363145,0.0,2
2,5785847,1735754100000000,0.089029,0.119542,0.270268,0.288061,0.0,3
2,5785848,1735754400000000,0.076816,0.079928,0.317643,0.341215,0.0,7
2,5785849,1735754700000000,0.033195,0.081217,0.246889,0.268211,0.0,3
2,5785850,1735755000000000,0.047943,0.055324,0.414633,0.442155,0.0,3
2,5785851,1735755300000000,0.097022,0.140426,0.270163,0.289034,0.0,3
2,5785852,1735755600000000,0.077235,0.137391,0.285119,0.313673,0.0,3
2,5785853,1735755900000000,0.05628,0.090167,0.278074,0.317967,0.0,2
2,5785854,1735756200000000,0.066933,0.090886,0.26356,0.277572,0.0,2
2,5785855,1735756500000000,0.070238,0.074029,0.378687,0.379176,0.0,2
2,5785856,1735756800000000,0.083243,0.085225,0.426033,0.431058,0.0,2
2,5785857,1735757100000000,0.045551,0.079953,0.296913,0.319054,0.0,1
2,5785858,1735757400000000,0.054863,0.125531,0.266385,0.280155,0.0,1
2,5785859,1735757700000000,0.074913,0.094438,0.236743,0.274342,0.0,0
2,5785860,1735758000000000,0.068203,0.114127,0.314107,0.339205,0.0,3
2,5785861,1735758300000000,0.080293,0.135038,0.315448,0.336262,0.0,1
2,5785862,1735758600000000,0.047869,0.052735,0.290702,0.322624,0.0,0
2,5785863,1735758900000000,0.076428,0.088676,0.335605,0.345949,0.0,3
2,5785864,1735759200000000,0.089649,0.116151,0.347184,0.379973,0.0,2
2,5785865,1735759500000000,0.078763,0.13237,0.34049,0.340613,0.0,1
2,5785866,1735759800000000,0.072504,0.107627,0.312731,0.337519,0.0,0
2,5785867,1735760100000000,0.068274,0.12701,0.279831,0.317221,0.0,5
2,5785868,1735760400000000,0.054973,0.124381,0.345874,0.377388,0.0,2
2,5785869,1735760700000000,0.068704,0.129374,0.324547,0.358692,0.0,2
2,5785870,1735761000000000,0.092675,0.172054,0.36797,0.383849,0.0,3
2,5785871,1735761300000000,0.067857,0.128206,0.355353,0.388323,0.0,0
2,5785872,1735761600000000,0.053984,0.122158,0.262024,0.284057,0.0,1
2,5785873,1735761900000000,0.06114,0.127729,0.26403,0.288772,0.0,1
2,5785874,1735762200000000,0.073615,0.132037,0.295544,0.2979,0.0,3
2,5785875,1735762500000000,0.063277,0.127421,0.279896,0.287958,0.0,3
2,5785876,1735762800000000,0.078735,0.15351,0.357767,0.379806,0.0,2
2,5785877,1735763100000000,0.079411,0.117428,0.341846,0.344198,0.0,2
2,5785878,1735763400000000,0.086002,0.137065,0.374068,0.403726,0.0,1
2,5785879,1735763700000000,0.095624,0.136819,0.349328,0.38293,0.0,2
2,5785880,1735764000000000,0.087925,0.156008,0.33912,0.375934,0.0,3
2,5785881,1735764300000000,0.053184,0.087692,0.366603,0.370674,0.0,1
2,5785882,1735764600000000,0.053736,0.119315,0.337597,0.375186,0.0,5
2,5785883,1735764900000000,0.068636,0.132584,0.326747,0.329452,0.0,4
2,5785884,1735765200000000,0.061879,0.13883,0.380876,0.399838,0.0,0
2,5785885,1735765500000000,0.04951,0.069424,0.321936,0.355546,0.0,5
2,5785886,1735765800000000,0.06205,0.118819,0.309544,0.312356,0.0,4
2,5785887,1735766100000000,0.061459,0.122012,0.287998,0.288727,0.0,0
2,5785888,1735766400000000,0.057907,0.132809,0.348388,0.349386,0.0,1
2,5785889,1735766700000000,0.064316,0.136868,0.371993,0.392443,0.0,3
2,5785890,1735767000000000,0.091212,0.137094,0.329901,0.362365,0.0,3
2,5785891,1735767300000000,0.073586,0.119919,0.378072,0.383169,0.0,1
2,5785892,1735767600000000,0.114493,0.127876,0.261272,0.266256,0.0,3
2,5785893,1735767900000000,0.073069,0.151066,0.323356,0.346098,0.0,2
2,5785894,1735768200000000,0.064779,0.08518,0.321069,0.330441,0.0,0
2,5785895,1735768500000000,0.333736,0.391715,0.387728,0.416936,0.072015,3
2,5785896,1735768800000000,0.338278,0.401942,0.513752,0.551737,0.005782,10
2,5785897,1735769100000000,0.341496,0.376793,0.416876,0.447517,0.020421,6
2,5785898,1735769400000000,0.371042,0.387938,0.413556,0.448643,0.064502,7
2,5785899,1735769700000000,0.054784,0.069901,0.320213,0.340996,0.0,4
2,5785900,1735770000000000,0.085463,0.153983,0.249799,0.283092,0.0,3
2,5785901,1735770300000000,0.07374,0.1146,0.295414,0.30273,0.0,3
2,5785902,1735770600000000,0.04172,0.048931,0.353932,0.356666,0.0,1
2,5785903,1735770900000000,0.083873,0.141234,0.304198,0.330436,0.0,2
2,5785904,1735771200000000,0.092817,0.112831,0.299331,0.301409,0.0,3
2,5785905,1735771500000000,0.054571,0.124682,0.371481,0.40718,0.0,0
2,5785906,1735771800000000,0.069839,0.094605,0.378054,0.405716,0.0,3
2,5785907,1735772100000000,0.038944,0.054965,0.33431,0.372398,0.0,2
2,5785908,1735772400000000,0.047341,0.05413,0.298365,0.31092,0.0,1
2,5785909,1735772700000000,0.088865,0.129787,0.321524,0.34097,0.0,1
2,5785910,1735773000000000,0.061605,0.097664,0.289396,0.319063,0.0,2
2,5785911,1735773300000000,0.349219,0.409324,0.382436,0.392147,0.009794,6
2,5785912,1735773600000000,0.373308,0.410476,0.388881,0.410555,0.011883,3
2,5785913,1735773900000000,0.060597,0.088102,0.296487,0.322865,0.0,3
2,5785914,1735774200000000,0.061525,0.082458,0.280145,0.319297,0.0,1
2,5785915,1735774500000000,0.083308,0.10556,0.26661,0.296398,0.0,3
2,5785916,1735774800000000,0.330355,0.404583,0.4244,0.429126,0.029763,1
2,5785917,1735775100000000,0.33497,0.348176,0.426623,0.445637,0.000508,2
2,5785918,1735775400000000,0.072773,0.151828,0.393502,0.417053,0.0,4
2,5785919,1735775700000000,0.087449,0.113603,0.303874,0.309739,0.0,4
2,5785920,1735776000000000,0.369906,0.376977,0.441311,0.45859,0.032792,6
2,5785921,1735776300000000,0.335648,0.355543,0.429985,0.441346,0.030728,3
2,5785922,1735776600000000,0.364492,0.369165,0.417419,0.422172,0.061636,1
2,5785923,1735776900000000,0.055885,0.119088,0.349333,0.369815,0.0,3
2,5785924,1735777200000000,0.102872,0.143876,0.367014,0.37364,0.0,4
2,5785925,1735777500000000,0.049592,0.076551,0.330454,0.354075,0.0,2
2,5785926,1735777800000000,0.093913,0.146877,0.322644,0.329432,0.0,2
2,5785927,1735778100000000,0.058183,0.108635,0.306063,0.335007,0.0,5
2,5785928,1735778400000000,0.106238,0.181428,0.282473,0.290283,0.0,5
2,5785929,1735778700000000,0.080644,0.157545,0.295989,0.33184,0.0,3
2,5785930,1735779000000000,0.051712,0.106166,0.293219,0.294267,0.0,1
2,5785931,1735779300000000,0.0606,0.126025,0.276251,0.297131,0.0,0
3,5785632,1735689600000000,0.084096,0.15182,0.314418,0.324077,0.0,4
3,5785633,1735689900000000,0.066627,0.11295,0.359472,0.388395,0.0,1
3,5785634,1735690200000000,0.052134,0.084378,0.3698,0.392756,0.0,1
3,5785635,1735690500000000,0.071184,0.09117,0.36371,0.391585,0.0,3
3,5785636,1735690800000000,0.073066,0.108014,0.314523,0.340282,0.0,3
3,5785637,1735691100000000,0.086824,0.163433,0.360621,0.388891,0.0,4
3,5785638,1735691400000000,0.376545,0.417281,0.434909,0.471131,0.027612,3
3,5785639,1735691700000000,0.377769,0.415328,0.382789,0.405328,0.032162,6
3,5785640,1735692000000000,0.075765,0.135467,0.353427,0.356141,0.0,0
3,5785641,1735692300000000,0.066612,0.096936,0.329159,0.339993,0.0,2
3,5785642,1735692600000000,0.057108,0.091302,0.42373,0.452058,0.0,0
3,5785643,1735692900000000,0.075199,0.102155,0.384611,0.404374,0.0,2
3,5785644,1735693200000000,0.064004,0.076077,0.350847,0.372789,0.0,2
3,5785645,1735693500000000,0.100417,0.157522,0.345113,0.368976,0.0,1
3,5785646,1735693800000000,0.393859,0.463702,0.4444,0.459705,0.021528,9
3,5785647,1735694100000000,0.381091,0.453539,0.393234,0.42419,0.086697,10
3,5785648,1735694400000000,0.376512,0.446977,0.36222,0.391161,0.042926,8
3,5785649,1735694700000000,0.368117,0.404259,0.393939,0.42251,0.015441,5
3,5785650,1735695000000000,0.0473,0.070025,0.314646,0.343259,0.0,1
3,5785651,1735695300000000,0.066109,0.117143,0.238917,0.274531,0.0,0
3,5785652,1735695600000000,0.071825,0.148202,0.303366,0.327182,0.0,2
3,5785653,1735695900000000,0.07413,0.132294,0.316041,0.354724,0.0,5
3,5785654,1735696200000000,0.078452,0.11804,0.318841,0.323609,0.0,0
3,5785655,1735696500000000,0.086584,0.141689,0.303835,0.329114,0.0,4
3,5785656,1735696800000000,0.057541,0.119344,0.306479,0.335156,0.0,4
3,5785657,1735697100000000,0.057705,0.131246,0.389152,0.408241,0.0,0
3,5785658,1735697400000000,0.096115,0.157173,0.360126,0.371655,0.0,3
3,5785659,1735697700000000,0.083878,0.118533,0.306945,0.328947,0.0,2
3,5785660,1735698000000000,0.062966,0.084855,0.319304,0.333894,0.0,4
3,5785661,1735698300000000,0.06807,0.108061,0.322692,0.359057,0.0,5
3,5785662,1735698600000000,0.068151,0.094405,0.293135,0.307406,0.0,3
3,5785663,1735698900000000,0.070568,0.14599,0.293934,0.300962,0.0,2
3,5785664,1735699200000000,0.078508,0.119146,0.367899,0.390954,0.0,4
3,5785665,1735699500000000,0.11563,0.153394,0.323679,0.339519,0.0,7
3,5785666,1735699800000000,0.073416,0.101271,0.281908,0.285744,0.0,4
3,5785667,1735700100000000,0.081927,0.133079,0.326949,0.349542,0.0,0
3,5785668,1735700400000000,0.039643,0.081248,0.318596,0.340109,0.0,2
3,5785669,1735700700000000,0.061272,0.071596,0.242537,0.249465,0.0,2
3,5785670,1735701000000000,0.092119,0.161655,0.330612,0.354517,0.0,2
3,5785671,1735701300000000,0.077242,0.105963,0.361754,0.384448,0.0,1
3,5785672,1735701600000000,0.0,0.034606,0.318049,0.348994,0.0,3
3,5785673,1735701900000000,0.082132,0.098586,0.417938,0.432401,0.0,2
3,5785674,1735702200000000,0.104527,0.148799,0.386629,0.396579,0.0,4
3,5785675,1735702500000000,0.034074,0.090238,0.369883,0.407932,0.0,1
3,5785676,1735702800000000,0.097349,0.167842,0.446076,0.468524,0.0,4
3,5785677,1735703100000000,0.020105,0.024233,0.337363,0.338449,0.0,1
3,5785678,1735703400000000,0.313353,0.39122,0.416196,0.449025,0.069275,3
3,5785679,1735703700000000,0.296313,0.352619,0.442659,0.45053,0.028228,3
3,5785680,1735704000000000,0.25417,0.276913,0.36659,0.398031,0.010479,3
3,5785681,1735704300000000,0.304499,0.320857,0.410882,0.439089,0.013564,3
3,5785682,1735704600000000,0.090715,0.114402,0.305841,0.344594,0.0,4
3,5785683,1735704900000000,0.07655,0.146608,0.342712,0.381335,0.0,4
3,5785684,1735705200000000,0.080527,0.103838,0.302108,0.313084,0.0,5
3,5785685,1735705500000000,0.06259,0.099616,0.294429,0.325087,0.0,2
3,5785686,1735705800000000,0.036495,0.092954,0.329312,0.341986,0.0,2
3,5785687,1735706100000000,0.082454,0.152213,0.32335,0.348518,0.0,2
3,5785688,1735706400000000,0.101496,0.154181,0.258423,0.282332,0.0,1
3,5785689,1735706700000000,0.090332,0.150581,0.273394,0.275576,0.0,4
3,5785690,1735707000000000,0.034218,0.048084,0.266086,0.266293,0.0,0
3,5785691,1735707300000000,0.042732,0.112925,0.279637,0.281948,0.0,0
3,5785692,1735707600000000,0.054773,0.07683,0.335747,0.340865,0.0,3
3,5785693,1735707900000000,0.041326,0.051597,0.323222,0.333528,0.0,3
3,5785694,1735708200000000,0.070795,0.148895,0.36739,0.403668,0.0,2
3,5785695,1735708500000000,0.077081,0.093213,0.357091,0.377836,0.0,5
3,5785696,1735708800000000,0.044255,0.055188,0.358366,0.390241,0.0,2
3,5785697,1735709100000000,0.083988,0.13407,0.353732,0.387264,0.0,3
3,5785698,1735709400000000,0.08082,0.106329,0.336674,0.366072,0.0,3
3,5785699,1735709700000000,0.060133,0.070801,0.365021,0.380676,0.0,3
3,5785700,1735710000000000,0.066895,0.114984,0.36019,0.394744,0.0,4
3,5785701,1735710300000000,0.034904,0.095622,0.32726,0.356942,0.0,1
3,5785702,1735710600000000,0.064019,0.127475,0.37325,0.402976,0.0,3
3,5785703,1735710900000000,0.070133,0.082574,0.230715,0.266778,0.0,5
3,5785704,1735711200000000,0.073037,0.117587,0.313945,0.337891,0.0,1
3,5785705,1735711500000000,0.07682,0.141914,0.314655,0.335798,0.0,3
3,5785706,1735711800000000,0.074396,0.087283,0.372146,0.407753,0.0,4
3,5785707,1735712100000000,0.065242,0.081856,0.38569,0.403869,0.0,3
3,5785708,1735712400000000,0.075152,0.075344,0.268296,0.300759,0.0,4
3,5785709,1735712700000000,0.088037,0.130007,0.38726,0.389413,0.0,0
3,5785710,1735713000000000,0.068281,0.083856,0.277041,0.277092,0.0,1
3,5785711,1735713300000000,0.075717,0.133656,0.280852,0.301984,0.0,2
3,5785712,1735713600000000,0.066649,0.143626,0.313956,0.3169,0.0,2
3,5785713,1735713900000000,0.058358,0.075059,0.307697,0.346759,0.0,3
3,5785714,1735714200000000,0.079412,0.13134,0.265457,0.265678,0.0,2
3,5785715,1735714500000000,0.060006,0.076953,0.346997,0.375723,0.0,3
3,5785716,1735714800000000,0.076951,0.078391,0.354109,0.363844,0.0,1
3,5785717,1735715100000000,0.070509,0.131193,0.36684,0.405542,0.0,2
3,5785718,1735715400000000,0.064529,0.09925,0.305247,0.320509,0.0,2
3,5785719,1735715700000000,0.064093,0.139836,0.320849,0.321941,0.0,0
3,5785720,1735716000000000,0.060854,0.103597,0.320082,0.321159,0.0,0
3,5785721,1735716300000000,0.040376,0.052974,0.381651,0.403786,0.0,1
3,5785722,1735716600000000,0.076892,0.112874,0.213542,0.253011,0.0,1
3,5785723,1735716900000000,0.074168,0.090399,0.287681,0.326872,0.0,5
3,5785724,1735717200000000,0.085294,0.155536,0.330075,0.343565,0.0,2
3,5785725,1735717500000000,0.060434,0.115706,0.277729,0.297037,0.0,2
3,5785726,1735717800000000,0.104117,0.131416,0.326108,0.330126,0.0,4
3,5785727,1735718100000000,0.305959,0.348185,0.402043,0.42293,0.031823,4
3,5785728,1735718400000000,0.297043,0.350601,0.377658,0.401646,0.026773,7
3,5785729,1735718700000000,0.052114,0.114742,0.320819,0.330861,0.0,3
3,5785730,1735719000000000,0.038789,0.045201,0.338702,0.363187,0.0,2
3,5785731,1735719300000000,0.097587,0.099389,0.324705,0.360693,0.0,4
3,5785732,1735719600000000,0.094679,0.103835,0.31501,0.315048,0.0,5
3,5785733,1735719900000000,0.080813,0.112413,0.321654,0.330811,0.0,2
3,5785734,1735720200000000,0.312003,0.349339,0.408903,0.4173,0.005465,1
3,5785735,1735720500000000,0.360735,0.371652,0.356644,0.3616,0.014532,3
3,5785736,1735720800000000,0.063669,0.096561,0.340746,0.34739,0.0,2
3,5785737,1735721100000000,0.065158,0.100487,0.304765,0.329802,0.0,1
3,5785738,1735721400000000,0.095871,0.104598,0.384016,0.388124,0.0,2
3,5785739,1735721700000000,0.08186,0.155193,0.352293,0.381835,0.0,3
3,5785740,1735722000000000,0.10962,0.157552,0.38517,0.420651,0.0,3
3,5785741,1735722300000000,0.074477,0.10556,0.285627,0.32269,0.0,4
3,5785742,1735722600000000,0.062853,0.103406,0.307143,0.33355,0.0,3
3,5785743,1735722900000000,0.058988,0.084123,0.270947,0.278843,0.0,2
3,5785744,1735723200000000,0.036754,0.105101,0.284656,0.288068,0.0,3
3,5785745,1735723500000000,0.064985,0.110986,0.372829,0.38211,0.0,3
3,5785746,1735723800000000,0.090603,0.130194,0.391211,0.429689,0.0,0
3,5785747,1735724100000000,0.080779,0.15365,0.282347,0.320841,0.0,2
3,5785748,1735724400000000,0.070366,0.137404,0.306297,0.321574,0.0,0
3,5785749,1735724700000000,0.052091,0.117115,0.315184,0.328216,0.0,6
3,5785750,1735725000000000,0.074084,0.092132,0.349354,0.369754,0.0,7
3,5785751,1735725300000000,0.088231,0.10048,0.260488,0.272156,0.0,3
3,5785752,1735725600000000,0.077753,0.132961,0.263094,0.30228,0.0,1
3,5785753,1735725900000000,0.073001,0.110493,0.345135,0.353984,0.0,1
3,5785754,1735726200000000,0.055655,0.110352,0.241518,0.256283,0.0,3
3,5785755,1735726500000000,0.085609,0.146459,0.312091,0.329266,0.0,2
3,5785756,1735726800000000,0.013626,0.037251,0.311253,0.316255,0.0,5
3,5785757,1735727100000000,0.076891,0.099663,0.343539,0.358852,0.0,4
3,5785758,1735727400000000,0.116266,0.155532,0.335024,0.369294,0.0,3
3,5785759,1735727700000000,0.042849,0.064733,0.300367,0.305981,0.0,2
3,5785760,1735728000000000,0.065655,0.119039,0.356762,0.380123,0.0,3
3,5785761,1735728300000000,0.069858,0.129596,0.335858,0.352124,0.0,5
3,5785762,1735728600000000,0.061674,0.099437,0.295705,0.302527,0.0,2
3,5785763,1735728900000000,0.088655,0.146559,0.332538,0.333032,0.0,3
3,5785764,1735729200000000,0.078504,0.119339,0.342803,0.353737,0.0,2
3,5785765,1735729500000000,0.344782,0.401811,0.489403,0.491876,0.033976,8
3,5785766,1735729800000000,0.356391,0.374389,0.45619,0.471261,0.041665,10
3,5785767,1735730100000000,0.070302,0.129409,0.373188,0.405596,0.0,3
3,5785768,1735730400000000,0.127238,0.184447,0.320109,0.348896,0.0,1
3,5785769,1735730700000000,0.072724,0.094053,0.304486,0.342382,0.0,2
3,5785770,1735731000000000,0.073515,0.117993,0.316315,0.333396,0.0,2
3,5785771,1735731300000000,0.039212,0.107637,0.307981,0.336293,0.0,2
3,5785772,1735731600000000,0.060218,0.08018,0.280755,0.307369,0.0,3
3,5785773,1735731900000000,0.090653,0.149531,0.382366,0.391048,0.0,1
3,5785774,1735732200000000,0.045962,0.122279,0.351421,0.363564,0.0,1
3,5785775,1735732500000000,0.031164,0.100463,0.29868,0.319873,0.0,3
3,5785776,1735732800000000,0.070582,0.102703,0.350372,0.382238,0.0,1
3,5785777,1735733100000000,0.094673,0.14325,0.342052,0.360524,0.0,0
3,5785778,1735733400000000,0.070763,0.150104,0.35356,0.36267,0.0,2
3,5785779,1735733700000000,0.06395,0.109425,0.26861,0.308349,0.0,1
3,5785780,1735734000000000,0.036547,0.045749,0.306965,0.311588,0.0,3
3,5785781,1735734300000000,0.078141,0.081775,0.325028,0.363263,0.0,3
3,5785782,1735734600000000,0.081903,0.145128,0.353612,0.385974,0.0,0
3,5785783,1735734900000000,0.037929,0.071819,0.288138,0.321693,0.0,3
3,5785784,1735735200000000,0.090422,0.110167,0.23165,0.263447,0.0,1
3,5785785,1735735500000000,0.083783,0.111596,0.286056,0.294383,0.0,4
3,5785786,1735735800000000,0.090382,0.150972,0.329192,0.354495,0.0,3
3,5785787,1735736100000000,0.080503,0.117723,0.330732,0.361002,0.0,2
3,5785788,1735736400000000,0.081766,0.151246,0.395968,0.425796,0.0,4
3,5785789,1735736700000000,0.079373,0.138167,0.35109,0.361953,0.0,5
3,5785790,1735737000000000,0.085633,0.163554,0.333233,0.340477,0.0,2
3,5785791,1735737300000000,0.037262,0.108343,0.311746,0.324871,0.0,2
3,5785792,1735737600000000,0.042981,0.063345,0.359211,0.378404,0.0,1
3,5785793,1735737900000000,0.056752,0.109477,0.296259,0.31921,0.0,3
3,5785794,1735738200000000,0.067663,0.069307,0.318071,0.351549,0.0,2
3,5785795,1735738500000000,0.076986,0.156275,0.283375,0.314136,0.0,4
3,5785796,1735738800000000,0.075844,0.096725,0.383302,0.410348,0.0,3
3,5785797,1735739100000000,0.090108,0.143292,0.347238,0.357777,0.0,2
3,5785798,1735739400000000,0.090673,0.158605,0.303435,0.32259,0.0,1
3,5785799,1735739700000000,0.054297,0.067134,0.314426,0.327843,0.0,4
3,5785800,1735740000000000,0.074294,0.142125,0.346389,0.355786,0.0,4
3,5785801,1735740300000000,0.054739,0.055719,0.30913,0.30954,0.0,0
3,5785802,1735740600000000,0.066612,0.10197,0.301935,0.315514,0.0,4
3,5785803,1735740900000000,0.075792,0.113555,0.300356,0.310601,0.0,3
3,5785804,1735741200000000,0.008643,0.03857,0.316584,0.33946,0.0,3
3,5785805,1735741500000000,0.113402,0.160313,0.325369,0.327861,0.0,4
3,5785806,1735741800000000,0.080195,0.153383,0.309918,0.320739,0.0,4
3,5785807,1735742100000000,0.059277,0.085436,0.267305,0.269095,0.0,1
3,5785808,1735742400000000,0.104693,0.151033,0.339748,0.365405,0.0,0
3,5785809,1735742700000000,0.063746,0.133943,0.315062,0.33779,0.0,3
3,5785810,1735743000000000,0.072385,0.134225,0.312469,0.325968,0.0,2
3,5785811,1735743300000000,0.061232,0.064491,0.329382,0.335275,0.0,6
3,5785812,1735743600000000,0.099736,0.175159,0.364828,0.403144,0.0,0
3,5785813,1735743900000000,0.06811,0.071842,0.351901,0.375277,0.0,4
3,5785814,1735744200000000,0.072691,0.119791,0.347551,0.374715,0.0,3
3,5785815,1735744500000000,0.091668,0.137696,0.322457,0.343711,0.0,2
3,5785816,1735744800000000,0.080533,0.143444,0.305506,0.337768,0.0,3
3,5785817,1735745100000000,0.069022,0.080897,0.282401,0.318256,0.0,3
3,5785818,1735745400000000,0.089987,0.104337,0.307769,0.323078,0.0,4
3,5785819,1735745700000000,0.115693,0.175861,0.341278,0.368879,0.0,4
3,5785820,1735746000000000,0.075713,0.087674,0.295048,0.304244,0.0,1
3,5785821,1735746300000000,0.072102,0.109657,0.329078,0.355152,0.0,1
3,5785822,1735746600000000,0.073071,0.131603,0.286957,0.302923,0.0,1
3,5785823,1735746900000000,0.093588,0.145687,0.266316,0.266587,0.0,4
3,5785824,1735747200000000,0.059214,0.076063,0.353501,0.391722,0.0,3
3,5785825,1735747500000000,0.06499,0.089307,0.30377,0.338508,0.0,0
3,5785826,1735747800000000,0.042326,0.119844,0.281333,0.292966,0.0,5
3,5785827,1735748100000000,0.04869,0.084584,0.273288,0.313198,0.0,3
3,5785828,1735748400000000,0.06068,0.064236,0.338159,0.350844,0.0,3
3,5785829,1735748700000000,0.068993,0.08656,0.379144,0.397498,0.0,4
3,5785830,1735749000000000,0.101843,0.129238,0.319522,0.353573,0.0,3
3,5785831,1735749300000000,0.079648,0.159607,0.319254,0.331438,0.0,1
3,5785832,1735749600000000,0.053583,0.077798,0.361619,0.379641,0.0,2
3,5785833,1735749900000000,0.056896,0.059008,0.247496,0.274119,0.0,3
3,5785834,1735750200000000,0.094745,0.135779,0.411836,0.417054,0.0,3
3,5785835,1735750500000000,0.090279,0.096967,0.429362,0.446256,0.0,0
3,5785836,1735750800000000,0.070507,0.092432,0.216424,0.2288,0.0,3
3,5785837,1735751100000000,0.062035,0.141425,0.317812,0.344883,0.0,2
3,5785838,1735751400000000,0.090249,0.14662,0.302829,0.308268,0.0,5
3,5785839,1735751700000000,0.05212,0.056173,0.307651,0.31696,0.0,0
3,5785840,1735752000000000,0.077057,0.112951,0.310234,0.338689,0.0,1
3,5785841,1735752300000000,0.110908,0.124639,0.371288,0.377537,0.0,4
3,5785842,1735752600000000,0.073696,0.083532,0.321291,0.338172,0.0,0
3,5785843,1735752900000000,0.056039,0.103004,0.283177,0.311693,0.0,1
3,5785844,1735753200000000,0.077387,0.117839,0.320198,0.350817,0.0,4
3,5785845,1735753500000000,0.06154,0.120969,0.34213,0.345926,0.0,2
3,5785846,1735753800000000,0.044906,0.11629,0.268368,0.302448,0.0,1
3,5785847,1735754100000000,0.082619,0.102353,0.263067,0.292026,0.0,3
3,5785848,1735754400000000,0.090121,0.16396,0.411252,0.424824,0.0,1
3,5785849,1735754700000000,0.064404,0.105843,0.296844,0.327396,0.0,2
3,5785850,1735755000000000,0.06321,0.083917,0.316629,0.345761,0.0,4
3,5785851,1735755300000000,0.052692,0.120355,0.30253,0.326566,0.0,1
3,5785852,1735755600000000,0.067301,0.070144,0.345479,0.367818,0.0,0
3,5785853,1735755900000000,0.059877,0.104638,0.391869,0.421257,0.0,4
3,5785854,1735756200000000,0.051801,0.109531,0.341328,0.381298,0.0,2
3,5785855,1735756500000000,0.104059,0.126457,0.275686,0.298828,0.0,2
3,5785856,1735756800000000,0.078397,0.147476,0.272074,0.304423,0.0,5
3,5785857,1735757100000000,0.080303,0.099526,0.312148,0.341918,0.0,2
3,5785858,1735757400000000,0.085901,0.153091,0.319336,0.353568,0.0,2
3,5785859,1735757700000000,0.083879,0.090162,0.260479,0.29866,0.0,5
3,5785860,1735758000000000,0.062564,0.075358,0.354671,0.362394,0.0,3
3,5785861,1735758300000000,0.074906,0.105385,0.282764,0.289383,0.0,1
3,5785862,1735758600000000,0.065157,0.133482,0.382537,0.405991,0.0,4
3,5785863,1735758900000000,0.077892,0.089459,0.400088,0.418059,0.0,4
3,5785864,1735759200000000,0.07615,0.146185,0.316723,0.339551,0.0,6
3,5785865,1735759500000000,0.063112,0.081491,0.339648,0.37157,0.0,4
3,5785866,1735759800000000,0.046073,0.082273,0.266848,0.304116,0.0,5
3,5785867,1735760100000000,0.072632,0.100851,0.350368,0.367065,0.0,1
3,5785868,1735760400000000,0.066323,0.075773,0.303285,0.332003,0.0,4
3,5785869,1735760700000000,0.035973,0.111518,0.269101,0.276973,0.0,4
3,5785870,1735761000000000,0.079138,0.114192,0.316125,0.337507,0.0,4
3,5785871,1735761300000000,0.087376,0.142603,0.311952,0.312824,0.0,0
3,5785872,1735761600000000,0.11551,0.161532,0.327422,0.347572,0.0,0
3,5785873,1735761900000000,0.062958,0.103096,0.360023,0.381836,0.0,7
3,5785874,1735762200000000,0.060303,0.109629,0.289694,0.319112,0.0,2
3,5785875,1735762500000000,0.05003,0.121898,0.386912,0.412891,0.0,2
3,5785876,1735762800000000,0.073756,0.129701,0.272812,0.287148,0.0,2
3,5785877,1735763100000000,0.073642,0.11624,0.390392,0.390621,0.0,2
3,5785878,1735763400000000,0.055397,0.107012,0.278728,0.283348,0.0,2
3,5785879,1735763700000000,0.066851,0.115363,0.323357,0.36228,0.0,0
3,5785880,1735764000000000,0.034384,0.069034,0.292427,0.32932,0.0,7
3,5785881,1735764300000000,0.086675,0.136656,0.316587,0.329591,0.0,3
3,5785882,1735764600000000,0.056128,0.091613,0.351699,0.362053,0.0,2
3,5785883,1735764900000000,0.069376,0.129985,0.384275,0.401731,0.0,2
3,5785884,1735765200000000,0.04432,0.121833,0.363133,0.39073,0.0,1
3,5785885,1735765500000000,0.059518,0.136307,0.304637,0.31891,0.0,3
3,5785886,1735765800000000,0.064967,0.130626,0.330109,0.332801,0.0,0
3,5785887,1735766100000000,0.069797,0.117937,0.293146,0.309258,0.0,2
3,5785888,1735766400000000,0.078635,0.138582,0.28786,0.298284,0.0,3
3,5785889,1735766700000000,0.095903,0.110147,0.287714,0.300711,0.0,4
3,5785890,1735767000000000,0.083189,0.12151,0.311613,0.318131,0.0,3
3,5785891,1735767300000000,0.087319,0.107903,0.340546,0.366899,0.0,2
3,5785892,1735767600000000,0.09603,0.096309,0.257138,0.278203,0.0,0
3,5785893,1735767900000000,0.080255,0.157594,0.326235,0.33707,0.0,2
3,5785894,1735768200000000,0.069339,0.138447,0.38491,0.407064,0.0,3
3,5785895,1735768500000000,0.088164,0.12926,0.375734,0.395442,0.0,4
3,5785896,1735768800000000,0.089314,0.109646,0.307853,0.339692,0.0,4
3,5785897,1735769100000000,0.081674,0.137112,0.272711,0.31095,0.0,1
3,5785898,1735769400000000,0.043817,0.078601,0.333729,0.338956,0.0,3
3,5785899,1735769700000000,0.054854,0.119122,0.226502,0.261858,0.0,2
3,5785900,1735770000000000,0.065053,0.145014,0.367175,0.395366,0.0,3
3,5785901,1735770300000000,0.084033,0.11196,0.320868,0.34857,0.0,0
3,5785902,1735770600000000,0.069616,0.089168,0.397618,0.41259,0.0,3
3,5785903,1735770900000000,0.090464,0.111854,0.262584,0.27634,0.0,2
3,5785904,1735771200000000,0.093674,0.101142,0.369512,0.369737,0.0,1
3,5785905,1735771500000000,0.091585,0.123109,0.328034,0.367323,0.0,0
3,5785906,1735771800000000,0.0917,0.093094,0.318853,0.343113,0.0,3
3,5785907,1735772100000000,0.051334,0.060486,0.263173,0.279266,0.0,5
3,5785908,1735772400000000,0.078687,0.100423,0.351371,0.373121,0.0,3
3,5785909,1735772700000000,0.059064,0.071854,0.347718,0.349339,0.0,4
3,5785910,1735773000000000,0.040317,0.09889,0.385516,0.392462,0.0,2
3,5785911,1735773300000000,0.064826,0.073274,0.363011,0.387945,0.0,3
3,5785912,1735773600000000,0.093845,0.163125,0.30909,0.329661,0.0,7
3,5785913,1735773900000000,0.078293,0.095983,0.287248,0.318731,0.0,0
3,5785914,1735774200000000,0.106321,0.115008,0.282473,0.308822,0.0,2
3,5785915,1735774500000000,0.07319,0.073999,0.384546,0.408603,0.0,3
3,5785916,1735774800000000,0.11406,0.171277,0.308794,0.341405,0.0,2
3,5785917,1735775100000000,0.073195,0.093725,0.384828,0.387558,0.0,3
3,5785918,1735775400000000,0.070405,0.111165,0.345645,0.37328,0.0,0
3,5785919,1735775700000000,0.046971,0.0559,0.329636,0.35826,0.0,2
3,5785920,1735776000000000,0.08999,0.168814,0.319222,0.330228,0.0,4
3,5785921,1735776300000000,0.060962,0.070993,0.347764,0.35559,0.0,1
3,5785922,1735776600000000,0.058353,0.091307,0.319805,0.328359,0.0,3
3,5785923,1735776900000000,0.093062,0.161194,0.317803,0.325729,0.0,2
3,5785924,1735777200000000,0.090848,0.110439,0.359637,0.380588,0.0,1
3,5785925,1735777500000000,0.090377,0.111735,0.325873,0.331298,0.0,2
3,5785926,1735777800000000,0.063481,0.128161,0.290285,0.316656,0.0,1
3,5785927,1735778100000000,0.069082,0.09095,0.348172,0.352375,0.0,2
3,5785928,1735778400000000,0.068923,0.069152,0.321564,0.322639,0.0,3
3,5785929,1735778700000000,0.084085,0.118318,0.348986,0.361758,0.0,2
3,5785930,1735779000000000,0.097964,0.098967,0.316133,0.323807,0.0,4
3,5785931,1735779300000000,0.076627,0.14941,0.278454,0.318001,0.0,1
4,5785632,1735689600000000,0.072243,0.08152,0.350718,0.35912,0.0,3
4,5785633,1735689900000000,0.350375,0.374785,0.326762,0.348885,0.031032,6
4,5785634,1735690200000000,0.340985,0.369837,0.451239,0.484632,0.001211,0
4,5785635,1735690500000000,0.320783,0.375445,0.337313,0.352906,0.003923,4
4,5785636,1735690800000000,0.323214,0.386233,0.356508,0.371647,0.017807,3
4,5785637,1735691100000000,0.057366,0.134248,0.299508,0.300953,0.0,3
4,5785638,1735691400000000,0.066887,0.090519,0.410215,0.420379,0.0,2
4,5785639,1735691700000000,0.075569,0.11506,0.393546,0.421474,0.0,2
4,5785640,1735692000000000,0.085311,0.087628,0.358118,0.372534,0.0,4
4,5785641,1735692300000000,0.083486,0.103725,0.343482,0.349814,0.0,0
4,5785642,1735692600000000,0.050033,0.079954,0.243021,0.247251,0.0,3
4,5785643,1735692900000000,0.087586,0.13509,0.336925,0.340727,0.0,5
4,5785644,1735693200000000,0.068402,0.10607,0.301972,0.328337,0.0,3
4,5785645,1735693500000000,0.052234,0.081392,0.285615,0.31012,0.0,2
4,5785646,1735693800000000,0.094055,0.143981,0.339111,0.359852,0.0,2
4,5785647,1735694100000000,0.096339,0.162628,0.314874,0.334887,0.0,0
4,5785648,1735694400000000,0.074747,0.094082,0.360934,0.367059,0.0,3
4,5785649,1735694700000000,0.082758,0.110188,0.251527,0.271551,0.0,2
4,5785650,1735695000000000,0.083814,0.140208,0.332335,0.334733,0.0,0
4,5785651,1735695300000000,0.095124,0.157359,0.298129,0.335164,0.0,5
4,5785652,1735695600000000,0.083105,0.149137,0.312701,0.315022,0.0,5
4,5785653,1735695900000000,0.046102,0.062848,0.328321,0.345262,0.0,2
4,5785654,1735696200000000,0.106177,0.149318,0.29247,0.292492,0.0,2
4,5785655,1735696500000000,0.089182,0.161183,0.337783,0.369229,0.0,6
4,5785656,1735696800000000,0.292768,0.324124,0.393975,0.400622,0.111953,4
4,5785657,1735697100000000,0.283406,0.317797,0.372769,0.409765,0.006012,4
4,5785658,1735697400000000,0.311026,0.389812,0.390036,0.391795,0.015659,3
4,5785659,1735697700000000,0.064991,0.074036,0.316565,0.349396,0.0,1
4,5785660,1735698000000000,0.07594,0.132388,0.295866,0.322131,0.0,5
4,5785661,1735698300000000,0.083381,0.151396,0.329467,0.339457,0.0,2
4,5785662,1735698600000000,0.059804,0.071868,0.309804,0.317901,0.0,4
4,5785663,1735698900000000,0.04991,0.107066,0.293017,0.307324,0.0,3
4,5785664,1735699200000000,0.076945,0.114524,0.390524,0.42366,0.0,2
4,5785665,1735699500000000,0.060399,0.12863,0.337749,0.372228,0.0,0
4,5785666,1735699800000000,0.07263,0.145226,0.310112,0.317123,0.0,3
4,5785667,1735700100000000,0.04582,0.115619,0.321871,0.336009,0.0,4
4,5785668,1735700400000000,0.065461,0.070612,0.281838,0.291338,0.0,1
4,5785669,1735700700000000,0.082869,0.143418,0.311533,0.316439,0.0,4
4,5785670,1735701000000000,0.080907,0.154629,0.315514,0.341372,0.0,2
4,5785671,1735701300000000,0.05581,0.105517,0.269662,0.283496,0.0,6
4,5785672,1735701600000000,0.048971,0.097041,0.332634,0.341649,0.0,4
4,5785673,1735701900000000,0.070284,0.073884,0.304375,0.339015,0.0,2
4,5785674,1735702200000000,0.080099,0.148581,0.313816,0.343749,0.0,2
4,5785675,1735702500000000,0.077293,0.081005,0.304304,0.335254,0.0,6
4,5785676,1735702800000000,0.060781,0.085862,0.439637,0.441205,0.0,2
4,5785677,1735703100000000,0.075361,0.14943,0.299872,0.336477,0.0,0
4,5785678,1735703400000000,0.097042,0.173022,0.251218,0.274207,0.0,3
4,5785679,1735703700000000,0.073693,0.153045,0.261795,0.281947,0.0,3
4,5785680,1735704000000000,0.040603,0.078716,0.344583,0.345007,0.0,4
4,5785681,1735704300000000,0.073658,0.087852,0.379238,0.415145,0.0,5
4,5785682,1735704600000000,0.106791,0.145827,0.310105,0.331861,0.0,2
4,5785683,1735704900000000,0.046827,0.055012,0.367547,0.400554,0.0,3
4,5785684,1735705200000000,0.070535,0.140338,0.354351,0.380571,0.0,2
4,5785685,1735705500000000,0.065926,0.110769,0.315495,0.347363,0.0,3
4,5785686,1735705800000000,0.071726,0.104086,0.314686,0.342403,0.0,4
4,5785687,1735706100000000,0.073497,0.079859,0.332959,0.369797,0.0,1
4,5785688,1735706400000000,0.090519,0.122939,0.36678,0.375799,0.0,1
4,5785689,1735706700000000,0.071526,0.140821,0.340926,0.34901,0.0,2
4,5785690,1735707000000000,0.092991,0.149263,0.305474,0.333976,0.0,5
4,5785691,1735707300000000,0.067882,0.074479,0.31679,0.336846,0.0,5
4,5785692,1735707600000000,0.063698,0.07649,0.401545,0.425511,0.0,6
4,5785693,1735707900000000,0.057955,0.089339,0.330333,0.358674,0.0,0
4,5785694,1735708200000000,0.037292,0.045402,0.347825,0.369723,0.0,2
4,5785695,1735708500000000,0.074964,0.149687,0.347833,0.379341,0.0,5
4,5785696,1735708800000000,0.106972,0.159155,0.348375,0.361129,0.0,2
4,5785697,1735709100000000,0.078248,0.085834,0.331735,0.366094,0.0,6
4,5785698,1735709400000000,0.082361,0.145406,0.364722,0.369029,0.0,2
4,5785699,1735709700000000,0.062565,0.092038,0.350644,0.376004,0.0,3
4,5785700,1735710000000000,0.065602,0.085192,0.333516,0.369122,0.0,2
4,5785701,1735710300000000,0.087724,0.133322,0.302953,0.313061,0.0,0
4,5785702,1735710600000000,0.379647,0.380717,0.448299,0.461372,0.024334,8
4,5785703,1735710900000000,0.370274,0.407506,0.426916,0.439133,0.028139,5
4,5785704,1735711200000000,0.357985,0.42549,0.412965,0.435535,0.13407,4
4,5785705,1735711500000000,0.070633,0.144877,0.431872,0.448387,0.0,5
4,5785706,1735711800000000,0.073775,0.101179,0.264259,0.268578,0.0,1
4,5785707,1735712100000000,0.056437,0.107832,0.358093,0.393745,0.0,2
4,5785708,1735712400000000,0.043933,0.062079,0.28087,0.289057,0.0,5
4,5785709,1735712700000000,0.049718,0.094535,0.322649,0.344012,0.0,2
4,5785710,1735713000000000,0.070896,0.091219,0.427557,0.451349,0.0,3
4,5785711,1735713300000000,0.064744,0.110453,0.284166,0.285796,0.0,3
4,5785712,1735713600000000,0.04355,0.057288,0.286288,0.290116,0.0,2
4,5785713,1735713900000000,0.069328,0.144627,0.323564,0.362432,0.0,1
4,5785714,1735714200000000,0.064268,0.135222,0.288605,0.315186,0.0,4
4,5785715,1735714500000000,0.048889,0.075842,0.352473,0.353816,0.0,2
4,5785716,1735714800000000,0.063337,0.12547,0.300787,0.332555,0.0,3
4,5785717,1735715100000000,0.064223,0.071863,0.348638,0.36898,0.0,0
4,5785718,1735715400000000,0.058901,0.118129,0.267448,0.270456,0.0,3
4,5785719,1735715700000000,0.08668,0.109277,0.258065,0.285295,0.0,2
4,5785720,1735716000000000,0.035748,0.046599,0.303352,0.323326,0.0,1
4,5785721,1735716300000000,0.034256,0.088511,0.249249,0.257446,0.0,2
4,5785722,1735716600000000,0.070059,0.107644,0.385251,0.42036,0.0,2
4,5785723,1735716900000000,0.07173,0.114141,0.263913,0.275569,0.0,3
4,5785724,1735717200000000,0.077276,0.118918,0.285539,0.296921,0.0,2
4,5785725,1735717500000000,0.060298,0.065054,0.337649,0.34856,0.0,3
4,5785726,1735717800000000,0.053477,0.057588,0.295263,0.325961,0.0,0
4,5785727,1735718100000000,0.31015,0.358244,0.347817,0.376062,0.005947,5
4,5785728,1735718400000000,0.302334,0.352243,0.487415,0.523541,0.000168,3
4,5785729,1735718700000000,0.338201,0.341975,0.378305,0.387479,0.017967,5
4,5785730,1735719000000000,0.064164,0.094439,0.314607,0.346062,0.0,2
4,5785731,1735719300000000,0.069043,0.118071,0.315797,0.338719,0.0,0
4,5785732,1735719600000000,0.114558,0.167092,0.368508,0.380855,0.0,2
4,5785733,1735719900000000,0.066494,0.132756,0.341767,0.343185,0.0,3
4,5785734,1735720200000000,0.080011,0.113669,0.294932,0.32769,0.0,4
4,5785735,1735720500000000,0.081634,0.125494,0.315539,0.325182,0.0,3
4,5785736,1735720800000000,0.083165,0.12945,0.320031,0.345301,0.0,4
4,5785737,1735721100000000,0.075211,0.100174,0.356282,0.378237,0.0,4
4,5785738,1735721400000000,0.073489,0.077795,0.278988,0.279166,0.0,1
4,5785739,1735721700000000,0.071806,0.072144,0.405857,0.44563,0.0,2
4,5785740,1735722000000000,0.059632,0.126522,0.290504,0.323077,0.0,0
4,5785741,1735722300000000,0.075859,0.091878,0.326201,0.34566,0.0,3
4,5785742,1735722600000000,0.106516,0.156936,0.290881,0.318095,0.0,4
4,5785743,1735722900000000,0.091792,0.137956,0.280201,0.299265,0.0,3
4,5785744,1735723200000000,0.075471,0.107441,0.291438,0.321221,0.0,5
4,5785745,1735723500000000,0.085405,0.152084,0.291071,0.296444,0.0,2
4,5785746,1735723800000000,0.054355,0.110227,0.302454,0.320308,0.0,1
4,5785747,1735724100000000,0.065311,0.06713,0.2837,0.297122,0.0,4
4,5785748,1735724400000000,0.087061,0.149197,0.358294,0.37668,0.0,1
4,5785749,1735724700000000,0.096769,0.137329,0.30255,0.320569,0.0,1
4,5785750,1735725000000000,0.056124,0.083886,0.283891,0.289615,0.0,2
4,5785751,1735725300000000,0.061295,0.119446,0.305735,0.344794,0.0,1
4,5785752,1735725600000000,0.109265,0.16415,0.377956,0.378576,0.0,1
4,5785753,1735725900000000,0.071733,0.09658,0.333701,0.334104,0.0,8
4,5785754,1735726200000000,0.102821,0.181464,0.332,0.346937,0.0,2
4,5785755,1735726500000000,0.073723,0.12562,0.268481,0.293296,0.0,4
4,5785756,1735726800000000,0.074431,0.122894,0.280343,0.287529,0.0,3
4,5785757,1735727100000000,0.064501,0.070092,0.271439,0.292767,0.0,2
4,5785758,1735727400000000,0.086966,0.109311,0.382712,0.411623,0.0,3
4,5785759,1735727700000000,0.09444,0.130198,0.354277,0.358039,0.0,6
4,5785760,1735728000000000,0.05137,0.10182,0.283515,0.322892,0.0,6
4,5785761,1735728300000000,0.063656,0.104677,0.299705,0.313173,0.0,4
4,5785762,1735728600000000,0.086471,0.147514,0.297253,0.32295,0.0,5
4,5785763,1735728900000000,0.067668,0.088674,0.288249,0.292678,0.0,3
4,5785764,1735729200000000,0.061119,0.117292,0.339804,0.368183,0.0,1
4,5785765,1735729500000000,0.088172,0.1535,0.319359,0.352977,0.0,6
4,5785766,1735729800000000,0.089862,0.151066,0.414698,0.41891,0.0,2
4,5785767,1735730100000000,0.061906,0.123574,0.371682,0.376716,0.0,2
4,5785768,1735730400000000,0.073823,0.144903,0.378217,0.389459,0.0,2
4,5785769,1735730700000000,0.048247,0.054982,0.343741,0.344218,0.0,1
4,5785770,1735731000000000,0.053881,0.109657,0.301952,0.341394,0.0,1
4,5785771,1735731300000000,0.072235,0.149729,0.349194,0.373129,0.0,5
4,5785772,1735731600000000,0.070565,0.116457,0.310745,0.335048,0.0,3
4,5785773,1735731900000000,0.052596,0.069982,0.38362,0.421978,0.0,4
4,5785774,1735732200000000,0.057112,0.137013,0.336161,0.369442,0.0,3
4,5785775,1735732500000000,0.050829,0.064803,0.328285,0.360854,0.0,4
4,5785776,1735732800000000,0.078191,0.105036,0.33245,0.34603,0.0,5
4,5785777,1735733100000000,0.034582,0.048347,0.381715,0.395109,0.0,1
4,5785778,1735733400000000,0.051792,0.088953,0.260777,0.272447,0.0,5
4,5785779,1735733700000000,0.036467,0.069977,0.386295,0.400163,0.0,1
4,5785780,1735734000000000,0.077542,0.116842,0.319694,0.334474,0.0,4
4,5785781,1735734300000000,0.037551,0.111789,0.256897,0.262497,0.0,5
4,5785782,1735734600000000,0.070571,0.108837,0.294612,0.308849,0.0,5
4,5785783,1735734900000000,0.317888,0.359058,0.345229,0.363099,0.102887,5
4,5785784,1735735200000000,0.318499,0.389433,0.437621,0.449995,0.085231,3
4,5785785,1735735500000000,0.037494,0.102914,0.271591,0.278205,0.0,2
4,5785786,1735735800000000,0.075371,0.094549,0.333127,0.348063,0.0,2
4,5785787,1735736100000000,0.052199,0.053233,0.363638,0.382874,0.0,2
4,5785788,1735736400000000,0.048524,0.098884,0.290103,0.318932,0.0,1
4,5785789,1735736700000000,0.067958,0.135546,0.313061,0.341511,0.0,3
4,5785790,1735737000000000,0.092109,0.136337,0.280104,0.288211,0.0,2
4,5785791,1735737300000000,0.080794,0.097688,0.312744,0.31421,0.0,4
4,5785792,1735737600000000,0.057127,0.116436,0.422956,0.435108,0.0,2
4,5785793,1735737900000000,0.082691,0.136254,0.360059,0.366345,0.0,3
4,5785794,1735738200000000,0.029613,0.074816,0.299775,0.315607,0.0,5
4,5785795,1735738500000000,0.056447,0.125514,0.295289,0.334463,0.0,2
4,5785796,1735738800000000,0.05517,0.117909,0.317604,0.324847,0.0,1
4,5785797,1735739100000000,0.07141,0.124846,0.330195,0.34295,0.0,1
4,5785798,1735739400000000,0.066349,0.11953,0.306459,0.335464,0.0,2
4,5785799,1735739700000000,0.067454,0.12043,0.344811,0.365178,0.0,1
4,5785800,1735740000000000,0.066855,0.108868,0.285261,0.287018,0.0,3
4,5785801,1735740300000000,0.070403,0.107517,0.286306,0.292773,0.0,3
4,5785802,1735740600000000,0.079722,0.13649,0.342711,0.380121,0.0,2
4,5785803,1735740900000000,0.072688,0.121528,0.278695,0.282822,0.0,3
4,5785804,1735741200000000,0.064882,0.10408,0.351869,0.377273,0.0,4
4,5785805,1735741500000000,0.077231,0.087364,0.32646,0.358153,0.0,1
4,5785806,1735741800000000,0.08487,0.141025,0.256588,0.267206,0.0,3
4,5785807,1735742100000000,0.059992,0.111671,0.325377,0.35438,0.0,0
4,5785808,1735742400000000,0.068931,0.096311,0.25672,0.263516,0.0,2
4,5785809,1735742700000000,0.090914,0.11942,0.359554,0.370944,0.0,6
4,5785810,1735743000000000,0.05015,0.069888,0.307604,0.320077,0.0,1
4,5785811,1735743300000000,0.102485,0.179438,0.409913,0.44977,0.0,2
4,5785812,1735743600000000,0.045895,0.114711,0.358916,0.367499,0.0,1
4,5785813,1735743900000000,0.063783,0.108667,0.279897,0.285065,0.0,1
4,5785814,1735744200000000,0.052897,0.085029,0.237684,0.274712,0.0,1
4,5785815,1735744500000000,0.109383,0.168329,0.30808,0.314557,0.0,1
4,5785816,1735744800000000,0.06094,0.103158,0.272479,0.30765,0.0,2
4,5785817,1735745100000000,0.060985,0.139053,0.394374,0.420392,0.0,0
4,5785818,1735745400000000,0.063327,0.067736,0.321752,0.344826,0.0,3
4,5785819,1735745700000000,0.071721,0.074464,0.362439,0.392493,0.0,2
4,5785820,1735746000000000,0.064088,0.109577,0.31103,0.34007,0.0,3
4,5785821,1735746300000000,0.067608,0.08387,0.316476,0.320897,0.0,3
4,5785822,1735746600000000,0.006474,0.054819,0.300961,0.34094,0.0,5
4,5785823,1735746900000000,0.071029,0.133543,0.369122,0.406797,0.0,3
4,5785824,1735747200000000,0.070321,0.081369,0.337077,0.372941,0.0,0
4,5785825,1735747500000000,0.088694,0.123943,0.28875,0.313641,0.0,2
4,5785826,1735747800000000,0.093563,0.148656,0.397648,0.418559,0.0,3
4,5785827,1735748100000000,0.066621,0.13333,0.311605,0.333056,0.0,2
4,5785828,1735748400000000,0.084692,0.1244,0.311421,0.312019,0.0,4
4,5785829,1735748700000000,0.050172,0.066664,0.20438,0.224359,0.0,1
4,5785830,1735749000000000,0.083812,0.130676,0.35471,0.379661,0.0,1
4,5785831,1735749300000000,0.059695,0.096057,0.324934,0.351282,0.0,1
4,5785832,1735749600000000,0.048675,0.110429,0.321033,0.334319,0.0,1
4,5785833,1735749900000000,0.066659,0.111105,0.307218,0.326069,0.0,1
4,5785834,1735750200000000,0.095209,0.117562,0.310314,0.335767,0.0,2
4,5785835,1735750500000000,0.073258,0.13361,0.310857,0.327989,0.0,3
4,5785836,1735750800000000,0.096937,0.138357,0.352454,0.39094,0.0,1
4,5785837,1735751100000000,0.056523,0.070727,0.345348,0.373565,0.0,4
4,5785838,1735751400000000,0.088861,0.133907,0.32186,0.321911,0.0,1
4,5785839,1735751700000000,0.058261,0.134127,0.358349,0.35928,0.0,1
4,5785840,1735752000000000,0.074056,0.130497,0.322761,0.350373,0.0,1
4,5785841,1735752300000000,0.0739,0.097805,0.305696,0.322202,0.0,3
4,5785842,1735752600000000,0.081907,0.138777,0.336604,0.370183,0.0,1
4,5785843,1735752900000000,0.074513,0.097122,0.271704,0.278625,0.0,6
4,5785844,1735753200000000,0.056695,0.10011,0.329152,0.329705,0.0,1
4,5785845,1735753500000000,0.085846,0.127973,0.268359,0.283882,0.0,4
4,5785846,1735753800000000,0.10117,0.120961,0.2943,0.323743,0.0,2
4,5785847,1735754100000000,0.059492,0.087322,0.240074,0.278944,0.0,2
4,5785848,1735754400000000,0.036966,0.11234,0.305933,0.34128,0.0,1
4,5785849,1735754700000000,0.078988,0.099036,0.392031,0.411394,0.0,0
4,5785850,1735755000000000,0.064039,0.128121,0.31773,0.350243,0.0,1
4,5785851,1735755300000000,0.06764,0.12103,0.349417,0.352231,0.0,2
4,5785852,1735755600000000,0.080011,0.122622,0.422096,0.444987,0.0,3
4,5785853,1735755900000000,0.061785,0.072786,0.337787,0.374759,0.0,1
4,5785854,1735756200000000,0.065161,0.081526,0.292198,0.308053,0.0,1
4,5785855,1735756500000000,0.068198,0.082516,0.298767,0.337171,0.0,1
4,5785856,1735756800000000,0.096456,0.143399,0.333786,0.342613,0.0,2
4,5785857,1735757100000000,0.070541,0.148412,0.299374,0.303599,0.0,0
4,5785858,1735757400000000,0.047758,0.117937,0.294392,0.315382,0.0,1
4,5785859,1735757700000000,0.048474,0.050494,0.356376,0.392666,0.0,1
4,5785860,1735758000000000,0.072506,0.094404,0.366423,0.378875,0.0,1
4,5785861,1735758300000000,0.04967,0.062251,0.251509,0.283515,0.0,2
4,5785862,1735758600000000,0.041879,0.119933,0.281931,0.288699,0.0,4
4,5785863,1735758900000000,0.08144,0.100288,0.309944,0.339767,0.0,2
4,5785864,1735759200000000,0.082321,0.098426,0.352776,0.375057,0.0,2
4,5785865,1735759500000000,0.063374,0.113044,0.367904,0.374904,0.0,9
4,5785866,1735759800000000,0.075286,0.119781,0.434429,0.463152,0.0,3
4,5785867,1735760100000000,0.073386,0.091454,0.307058,0.335608,0.0,2
4,5785868,1735760400000000,0.080844,0.134473,0.311666,0.332283,0.0,2
4,5785869,1735760700000000,0.080885,0.088646,0.351853,0.360871,0.0,1
4,5785870,1735761000000000,0.023096,0.024645,0.280795,0.286087,0.0,0
4,5785871,1735761300000000,0.356906,0.363499,0.419279,0.457569,0.007674,4
4,5785872,1735761600000000,0.370557,0.399746,0.413093,0.439326,0.040053,4
4,5785873,1735761900000000,0.062612,0.140613,0.217048,0.249418,0.0,5
4,5785874,1735762200000000,0.070652,0.114431,0.329657,0.357536,0.0,1
4,5785875,1735762500000000,0.083513,0.143891,0.321935,0.355114,0.0,2
4,5785876,1735762800000000,0.071457,0.097176,0.375859,0.382359,0.0,2
4,5785877,1735763100000000,0.097143,0.15469,0.33422,0.354098,0.0,1
4,5785878,1735763400000000,0.090286,0.16758,0.28141,0.308095,0.0,3
4,5785879,1735763700000000,0.067866,0.096487,0.313429,0.317565,0.0,2
4,5785880,1735764000000000,0.066435,0.14636,0.239609,0.245607,0.0,1
4,5785881,1735764300000000,0.018694,0.069767,0.258106,0.283466,0.0,1
4,5785882,1735764600000000,0.064123,0.12401,0.347863,0.382612,0.0,1
4,5785883,1735764900000000,0.045641,0.065815,0.306081,0.332497,0.0,2
4,5785884,1735765200000000,0.073982,0.125429,0.362794,0.364242,0.0,4
4,5785885,1735765500000000,0.072752,0.113632,0.246787,0.285605,0.0,3
4,5785886,1735765800000000,0.082525,0.159038,0.319185,0.324766,0.0,2
4,5785887,1735766100000000,0.09514,0.167514,0.314279,0.323581,0.0,2
4,5785888,1735766400000000,0.069527,0.101261,0.362568,0.401567,0.0,0
4,5785889,1735766700000000,0.111047,0.186797,0.365777,0.396618,0.0,3
4,5785890,1735767000000000,0.074184,0.144969,0.351655,0.389118,0.0,2
4,5785891,1735767300000000,0.046416,0.093647,0.377902,0.410167,0.0,2
4,5785892,1735767600000000,0.059883,0.066452,0.306235,0.332305,0.0,2
4,5785893,1735767900000000,0.063291,0.076154,0.375555,0.386937,0.0,2
4,5785894,1735768200000000,0.080658,0.086808,0.286462,0.299537,0.0,6
4,5785895,1735768500000000,0.05295,0.061589,0.275297,0.313188,0.0,3
4,5785896,1735768800000000,0.064636,0.142793,0.352733,0.387158,0.0,2
4,5785897,1735769100000000,0.067101,0.084075,0.263296,0.277675,0.0,3
4,5785898,1735769400000000,0.061934,0.117202,0.344587,0.359518,0.0,1
4,5785899,1735769700000000,0.084605,0.135528,0.333664,0.345572,0.0,8
4,5785900,1735770000000000,0.081544,0.132035,0.371414,0.38446,0.0,1
4,5785901,1735770300000000,0.090998,0.107535,0.329472,0.363898,0.0,1
4,5785902,1735770600000000,0.064042,0.110389,0.324657,0.325077,0.0,2
4,5785903,1735770900000000,0.091645,0.141689,0.352447,0.369889,0.0,0
4,5785904,1735771200000000,0.045448,0.09108,0.289401,0.327114,0.0,2
4,5785905,1735771500000000,0.045009,0.059902,0.287505,0.30921,0.0,4
4,5785906,1735771800000000,0.048152,0.105996,0.33583,0.353848,0.0,3
4,5785907,1735772100000000,0.070166,0.076025,0.323387,0.335881,0.0,1
4,5785908,1735772400000000,0.091643,0.138939,0.315782,0.318739,0.0,0
4,5785909,1735772700000000,0.059161,0.094062,0.317395,0.326375,0.0,1
4,5785910,1735773000000000,0.06142,0.081442,0.385279,0.388898,0.0,3
4,5785911,1735773300000000,0.066112,0.130703,0.305418,0.310486,0.0,3
4,5785912,1735773600000000,0.357267,0.371338,0.406163,0.412703,0.000256,2
4,5785913,1735773900000000,0.338359,0.412997,0.350128,0.362209,0.015801,2
4,5785914,1735774200000000,0.060398,0.131164,0.319445,0.319886,0.0,3
4,5785915,1735774500000000,0.045783,0.07463,0.342299,0.380305,0.0,3
4,5785916,1735774800000000,0.059709,0.084121,0.354346,0.359299,0.0,3
4,5785917,1735775100000000,0.091194,0.102193,0.336247,0.351573,0.0,0
4,5785918,1735775400000000,0.071637,0.144943,0.363306,0.398487,0.0,0
4,5785919,1735775700000000,0.056683,0.106885,0.349088,0.353351,0.0,0
4,5785920,1735776000000000,0.092251,0.094793,0.376806,0.39615,0.0,0
4,5785921,1735776300000000,0.059466,0.100346,0.360185,0.393977,0.0,3
4,5785922,1735776600000000,0.095559,0.102423,0.396245,0.418523,0.0,2
4,5785923,1735776900000000,0.095265,0.141165,0.326555,0.334969,0.0,5
4,5785924,1735777200000000,0.071008,0.111725,0.271771,0.301191,0.0,1
4,5785925,1735777500000000,0.043026,0.049654,0.341608,0.368862,0.0,0
4,5785926,1735777800000000,0.111211,0.17648,0.370146,0.384633,0.0,0
4,5785927,1735778100000000,0.076971,0.097956,0.38974,0.391591,0.0,2
4,5785928,1735778400000000,0.06417,0.107489,0.373711,0.374026,0.0,0
4,5785929,1735778700000000,0.08721,0.138333,0.408343,0.441358,0.0,4
4,5785930,1735779000000000,0.082641,0.159626,0.353719,0.366581,0.0,3
4,5785931,1735779300000000,0.093597,0.133102,0.341911,0.347422,0.0,1
5,5785632,1735689600000000,0.214691,0.249045,0.391323,0.411852,0.0,0
5,5785633,1735689900000000,0.211702,0.270448,0.395276,0.401374,0.0,6
5,5785634,1735690200000000,0.181176,0.194545,0.352424,0.36276,0.0,3
5,5785635,1735690500000000,0.23229,0.282809,0.384617,0.405486,0.0,3
5,5785636,1735690800000000,0.197805,0.222341,0.438962,0.468286,0.0,2
5,5785637,1735691100000000,0.221139,0.251692,0.38308,0.39901,0.0,1
5,5785638,1735691400000000,0.205451,0.262994,0.37361,0.382924,0.0,1
5,5785639,1735691700000000,0.213003,0.218727,0.378666,0.39047,0.0,6
5,5785640,1735692000000000,0.240741,0.268164,0.375543,0.379348,0.0,6
5,5785641,1735692300000000,0.229569,0.260875,0.362935,0.363941,0.0,2
5,5785642,1735692600000000,0.240341,0.297601,0.392466,0.431392,0.0,0
5,5785643,1735692900000000,0.225947,0.241885,0.358853,0.362709,0.0,3
5,5785644,1735693200000000,0.227131,0.302924,0.373675,0.378671,0.0,4
5,5785645,1735693500000000,0.187939,0.26776,0.334158,0.368997,0.0,1
5,5785646,1735693800000000,0.214285,0.279797,0.37932,0.40586,0.0,7
5,5785647,1735694100000000,0.215952,0.239929,0.398951,0.416394,0.0,2
5,5785648,1735694400000000,0.242026,0.295135,0.376233,0.402193,0.0,4
5,5785649,1735694700000000,0.210888,0.21754,0.293476,0.330875,0.0,5
5,5785650,1735695000000000,0.224767,0.29447,0.402283,0.406259,0.0,3
5,5785651,1735695300000000,0.224064,0.265343,0.38323,0.392978,0.0,2
5,5785652,1735695600000000,0.240838,0.254953,0.344564,0.378976,0.0,2
5,5785653,1735695900000000,0.217593,0.243786,0.407088,0.438314,0.0,3
5,5785654,1735696200000000,0.2349,0.29896,0.326278,0.366048,0.0,3
5,5785655,1735696500000000,0.189312,0.258931,0.408076,0.420632,0.0,2
5,5785656,1735696800000000,0.190948,0.232525,0.364537,0.402332,0.0,4
5,5785657,1735697100000000,0.609657,0.648082,0.422625,0.436373,0.005957,10
5,5785658,1735697400000000,0.664905,0.724964,0.53985,0.568454,0.060811,7
5,5785659,1735697700000000,0.662884,0.728979,0.515762,0.551071,0.042074,7
5,5785660,1735698000000000,0.236143,0.297331,0.360376,0.367207,0.0,2
5,5785661,1735698300000000,0.207807,0.238562,0.343224,0.351449,0.0,3
5,5785662,1735698600000000,0.209856,0.26121,0.368361,0.391599,0.0,3
5,5785663,1735698900000000,0.217821,0.28641,0.35683,0.390583,0.0,1
5,5785664,1735699200000000,0.245987,0.258127,0.311828,0.314986,0.0,4
5,5785665,1735699500000000,0.250489,0.28154,0.438554,0.472589,0.111862,2
5,5785666,1735699800000000,0.234289,0.238818,0.372227,0.385952,0.0,3
5,5785667,1735700100000000,0.225958,0.258669,0.349808,0.366057,0.0,2
5,5785668,1735700400000000,0.244037,0.305819,0.340276,0.35387,0.0,5
5,5785669,1735700700000000,0.215395,0.231157,0.406217,0.442677,0.0,2
5,5785670,1735701000000000,0.212963,0.256314,0.3226,0.327832,0.0,3
5,5785671,1735701300000000,0.217678,0.220604,0.381547,0.404518,0.0,5
5,5785672,1735701600000000,0.202383,0.274195,0.347488,0.353412,0.0,3
5,5785673,1735701900000000,0.21685,0.28245,0.354881,0.392024,0.0,4
5,5785674,1735702200000000,0.199887,0.241839,0.325818,0.357735,0.0,2
5,5785675,1735702500000000,0.23845,0.294913,0.358645,0.367998,0.0,4
5,5785676,1735702800000000,0.229786,0.2381,0.380778,0.392689,0.0,4
5,5785677,1735703100000000,0.245732,0.313349,0.395419,0.410679,0.0,2
5,5785678,1735703400000000,0.190673,0.247894,0.335312,0.351529,0.0,4
5,5785679,1735703700000000,0.254231,0.263828,0.385343,0.418037,0.149677,2
5,5785680,1735704000000000,0.191695,0.270151,0.402632,0.425213,0.0,3
5,5785681,1735704300000000,0.19843,0.200233,0.302946,0.320064,0.0,4
5,5785682,1735704600000000,0.208825,0.259106,0.372838,0.401616,0.0,3
5,5785683,1735704900000000,0.243539,0.257279,0.347207,0.365522,0.0,3
5,5785684,1735705200000000,0.22406,0.281601,0.336314,0.341443,0.0,4
5,5785685,1735705500000000,0.215611,0.221244,0.385904,0.390204,0.0,2
5,5785686,1735705800000000,0.205733,0.212221,0.350196,0.363235,0.0,6
5,5785687,1735706100000000,0.195233,0.232537,0.319659,0.343774,0.0,0
5,5785688,1735706400000000,0.637594,0.717115,0.576129,0.581523,0.064759,6
5,5785689,1735706700000000,0.631582,0.653704,0.557857,0.579863,0.01153,6
5,5785690,1735707000000000,0.641551,0.690553,0.447251,0.458035,0.005167,9
5,5785691,1735707300000000,0.62435,0.665838,0.459545,0.487362,0.005199,7
5,5785692,1735707600000000,0.172442,0.239812,0.384093,0.385224,0.0,2
5,5785693,1735707900000000,0.563476,0.586563,0.485822,0.504582,0.087569,5
5,5785694,1735708200000000,0.594246,0.638641,0.568009,0.5701,0.05744,4
5,5785695,1735708500000000,0.579223,0.655273,0.527382,0.540602,0.116771,8
5,5785696,1735708800000000,0.209941,0.236548,0.385458,0.386081,0.0,2
5,5785697,1735709100000000,0.521698,0.556851,0.44172,0.460484,0.044562,6
5,5785698,1735709400000000,0.558613,0.629718,0.515172,0.545853,0.019726,7
5,5785699,1735709700000000,0.549768,0.576368,0.441388,0.445397,0.018128,2
5,5785700,1735710000000000,0.229021,0.259475,0.432367,0.461776,0.0,2
5,5785701,1735710300000000,0.208595,0.232925,0.389894,0.413262,0.0,3
5,5785702,1735710600000000,0.223173,0.287936,0.345117,0.365302,0.0,4
5,5785703,1735710900000000,0.19592,0.270351,0.400759,0.424739,0.0,3
5,5785704,1735711200000000,0.217663,0.268151,0.465843,0.479279,0.0,2
5,5785705,1735711500000000,0.174497,0.224388,0.352369,0.380783,0.0,3
5,5785706,1735711800000000,0.191774,0.222974,0.389137,0.420324,0.0,5
5,5785707,1735712100000000,0.214198,0.215197,0.357696,0.388825,0.0,7
5,5785708,1735712400000000,0.262752,0.276667,0.395377,0.406156,0.045437,5
5,5785709,1735712700000000,0.187587,0.199382,0.305366,0.331522,0.0,1
5,5785710,1735713000000000,0.533325,0.542595,0.486643,0.492566,0.040793,3
5,5785711,1735713300000000,0.559611,0.611935,0.497607,0.517424,0.004804,4
5,5785712,1735713600000000,0.25185,0.262758,0.460107,0.460212,0.033169,2
5,5785713,1735713900000000,0.223639,0.23049,0.306474,0.314217,0.0,2
5,5785714,1735714200000000,0.569748,0.600354,0.488176,0.513446,0.010915,4
5,5785715,1735714500000000,0.551032,0.570954,0.544386,0.57936,0.014287,3
5,5785716,1735714800000000,0.547918,0.559587,0.4821,0.484062,0.012694,3
5,5785717,1735715100000000,0.221479,0.23317,0.370664,0.393006,0.0,4
5,5785718,1735715400000000,0.208151,0.228647,0.339522,0.364993,0.0,2
5,5785719,1735715700000000,0.233037,0.275985,0.344259,0.381554,0.0,2
5,5785720,1735716000000000,0.191087,0.251735,0.293846,0.320052,0.0,6
5,5785721,1735716300000000,0.23602,0.304242,0.357438,0.36156,0.0,0
5,5785722,1735716600000000,0.220708,0.280821,0.337673,0.343543,0.0,7
5,5785723,1735716900000000,0.216135,0.266392,0.380369,0.405799,0.0,6
5,5785724,1735717200000000,0.190426,0.263036,0.335142,0.343767,0.0,4
5,5785725,1735717500000000,0.202364,0.243943,0.351644,0.388776,0.0,4
5,5785726,1735717800000000,0.241576,0.292244,0.366463,0.403291,0.0,4
5,5785727,1735718100000000,0.216245,0.249175,0.373759,0.411705,0.0,3
5,5785728,1735718400000000,0.225011,0.251202,0.357613,0.369331,0.0,4
5,5785729,1735718700000000,0.204168,0.230705,0.328988,0.357666,0.0,4
5,5785730,1735719000000000,0.219477,0.231342,0.380248,0.406768,0.0,5
5,5785731,1735719300000000,0.195301,0.259029,0.411055,0.412479,0.0,4
5,5785732,1735719600000000,0.221798,0.226227,0.382768,0.393391,0.0,4
5,5785733,1735719900000000,0.226672,0.280646,0.354942,0.363213,0.0,5
5,5785734,1735720200000000,0.225771,0.294928,0.374094,0.388926,0.0,1
5,5785735,1735720500000000,0.203735,0.24353,0.289282,0.327404,0.0,3
5,5785736,1735720800000000,0.213843,0.219459,0.369269,0.403093,0.0,3
5,5785737,1735721100000000,0.229669,0.263943,0.36437,0.376107,0.0,0
5,5785738,1735721400000000,0.216194,0.243652,0.33833,0.359531,0.0,0
5,5785739,1735721700000000,0.214829,0.293672,0.345106,0.352797,0.0,3
5,5785740,1735722000000000,0.254262,0.309564,0.372582,0.38368,0.150481,7
5,5785741,1735722300000000,0.202882,0.260591,0.410707,0.413307,0.0,5
5,5785742,1735722600000000,0.239448,0.280714,0.427489,0.453193,0.0,4
5,5785743,1735722900000000,0.199216,0.255969,0.332601,0.358877,0.0,1
5,5785744,1735723200000000,0.231786,0.289592,0.360402,0.393942,0.0,6
5,5785745,1735723500000000,0.232747,0.238055,0.361758,0.39662,0.0,3
5,5785746,1735723800000000,0.210813,0.228622,0.406167,0.412569,0.0,4
5,5785747,1735724100000000,0.198085,0.199123,0.37515,0.404872,0.0,4
5,5785748,1735724400000000,0.184532,0.225317,0.368298,0.373686,0.0,2
5,5785749,1735724700000000,0.208928,0.278992,0.394575,0.409524,0.0,6
5,5785750,1735725000000000,0.229472,0.278236,0.356459,0.37708,0.0,2
5,5785751,1735725300000000,0.200603,0.240619,0.424766,0.426745,0.0,4
5,5785752,1735725600000000,0.221745,0.295822,0.377541,0.383812,0.0,5
5,5785753,1735725900000000,0.193424,0.207202,0.333462,0.344307,0.0,4
5,5785754,1735726200000000,0.21579,0.221758,0.366341,0.371443,0.0,6
5,5785755,1735726500000000,0.199353,0.272738,0.419051,0.456415,0.0,5
5,5785756,1735726800000000,0.218596,0.290819,0.359503,0.371036,0.0,4
5,5785757,1735727100000000,0.210981,0.265618,0.411826,0.431872,0.0,4
5,5785758,1735727400000000,0.198573,0.218252,0.344487,0.384348,0.0,4
5,5785759,1735727700000000,0.20814,0.285721,0.342223,0.364888,0.0,1
5,5785760,1735728000000000,0.203185,0.264413,0.397499,0.413959,0.0,4
5,5785761,1735728300000000,0.196349,0.250261,0.333763,0.370955,0.0,5
5,5785762,1735728600000000,0.239489,0.257322,0.416723,0.425623,0.0,5
5,5785763,1735728900000000,0.213517,0.254564,0.388796,0.395976,0.0,6
5,5785764,1735729200000000,0.18036,0.246166,0.328182,0.349597,0.0,5
5,5785765,1735729500000000,0.208781,0.277602,0.370216,0.387308,0.0,2
5,5785766,1735729800000000,0.236465,0.281379,0.360812,0.392691,0.0,2
5,5785767,1735730100000000,0.206296,0.248119,0.386163,0.387843,0.0,8
5,5785768,1735730400000000,0.246959,0.302774,0.461948,0.486657,0.0,4
5,5785769,1735730700000000,0.20458,0.24684,0.356775,0.385202,0.0,6
5,5785770,1735731000000000,0.229061,0.262476,0.401523,0.440399,0.0,3
5,5785771,1735731300000000,0.23866,0.245493,0.384508,0.390339,0.0,3
5,5785772,1735731600000000,0.228103,0.238187,0.380799,0.390648,0.0,8
5,5785773,1735731900000000,0.195259,0.256081,0.361732,0.39903,0.0,3
5,5785774,1735732200000000,0.203036,0.205009,0.336766,0.361991,0.0,1
5,5785775,1735732500000000,0.241061,0.245246,0.397777,0.399299,0.0,3
5,5785776,1735732800000000,0.205517,0.277888,0.360381,0.363475,0.0,2
5,5785777,1735733100000000,0.237562,0.293882,0.346955,0.378372,0.0,4
5,5785778,1735733400000000,0.212255,0.212592,0.414856,0.437555,0.0,1
5,5785779,1735733700000000,0.222546,0.247509,0.381851,0.404468,0.0,10
5,5785780,1735734000000000,0.19505,0.256116,0.359144,0.394338,0.0,4
5,5785781,1735734300000000,0.209051,0.242459,0.42677,0.436414,0.0,4
5,5785782,1735734600000000,0.204244,0.241748,0.298042,0.30446,0.0,5
5,5785783,1735734900000000,0.224061,0.260765,0.429334,0.453886,0.0,6
5,5785784,1735735200000000,0.221678,0.237848,0.34238,0.377677,0.0,8
5,5785785,1735735500000000,0.228328,0.286039,0.388376,0.398986,0.0,1
5,5785786,1735735800000000,0.211171,0.219411,0.350387,0.377639,0.0,4
5,5785787,1735736100000000,0.203256,0.243836,0.33422,0.340315,0.0,2
5,5785788,1735736400000000,0.223289,0.236886,0.430707,0.437583,0.0,1
5,5785789,1735736700000000,0.201467,0.20519,0.444762,0.480823,0.0,3
5,5785790,1735737000000000,0.239412,0.250871,0.374945,0.379664,0.0,8
5,5785791,1735737300000000,0.217939,0.287485,0.389698,0.390671,0.0,3
5,5785792,1735737600000000,0.21413,0.228221,0.377225,0.408223,0.0,3
5,5785793,1735737900000000,0.228319,0.250589,0.449132,0.463632,0.0,3
5,5785794,1735738200000000,0.218625,0.229673,0.291993,0.307859,0.0,0
5,5785795,1735738500000000,0.190155,0.248999,0.381639,0.413634,0.0,1
5,5785796,1735738800000000,0.200894,0.23653,0.341228,0.348425,0.0,4
5,5785797,1735739100000000,0.239039,0.31453,0.289425,0.315438,0.0,0
5,5785798,1735739400000000,0.22151,0.274656,0.363107,0.375648,0.0,5
5,5785799,1735739700000000,0.189732,0.232243,0.440328,0.444499,0.0,6
5,5785800,1735740000000000,0.226338,0.278868,0.352976,0.380476,0.0,5
5,5785801,1735740300000000,0.209933,0.213167,0.405107,0.417854,0.0,1
5,5785802,1735740600000000,0.204259,0.280312,0.419438,0.454102,0.0,1
5,5785803,1735740900000000,0.199392,0.275907,0.369279,0.406041,0.0,3
5,5785804,1735741200000000,0.237999,0.26009,0.388118,0.42208,0.0,5
5,5785805,1735741500000000,0.184621,0.234885,0.295965,0.30886,0.0,7
5,5785806,1735741800000000,0.204924,0.221078,0.343077,0.35254,0.0,5
5,5785807,1735742100000000,0.222162,0.26596,0.414037,0.449749,0.0,8
5,5785808,1735742400000000,0.248411,0.310074,0.389371,0.407489,0.0,2
5,5785809,1735742700000000,0.229969,0.305155,0.395183,0.423493,0.0,9
5,5785810,1735743000000000,0.204772,0.231909,0.376996,0.410083,0.0,1
5,5785811,1735743300000000,0.247528,0.303009,0.474315,0.485423,0.0,6
5,5785812,1735743600000000,0.195608,0.252922,0.351242,0.356006,0.0,3
5,5785813,1735743900000000,0.224776,0.242468,0.442888,0.467881,0.0,2
5,5785814,1735744200000000,0.22878,0.279103,0.385413,0.409021,0.0,5
5,5785815,1735744500000000,0.20414,0.256574,0.439217,0.450025,0.0,4
5,5785816,1735744800000000,0.232557,0.293683,0.332396,0.355784,0.0,6
5,5785817,1735745100000000,0.21075,0.290746,0.381149,0.412763,0.0,7
5,5785818,1735745400000000,0.232513,0.235731,0.365632,0.379632,0.0,3
5,5785819,1735745700000000,0.186887,0.203072,0.370989,0.380682,0.0,2
5,5785820,1735746000000000,0.22603,0.237636,0.428005,0.457005,0.0,2
5,5785821,1735746300000000,0.212582,0.224937,0.389556,0.420991,0.0,3
5,5785822,1735746600000000,0.240695,0.277035,0.433058,0.47123,0.0,6
5,5785823,1735746900000000,0.219208,0.289491,0.349914,0.355817,0.0,4
5,5785824,1735747200000000,0.242486,0.278384,0.351957,0.387527,0.0,3
5,5785825,1735747500000000,0.229137,0.282615,0.380842,0.411446,0.0,3
5,5785826,1735747800000000,0.217705,0.247825,0.374651,0.402727,0.0,1
5,5785827,1735748100000000,0.234178,0.259751,0.374528,0.38705,0.0,4
5,5785828,1735748400000000,0.234293,0.301032,0.343657,0.344545,0.0,1
5,5785829,1735748700000000,0.228494,0.280938,0.427919,0.448221,0.0,4
5,5785830,1735749000000000,0.178739,0.20681,0.348045,0.359476,0.0,2
5,5785831,1735749300000000,0.202314,0.275447,0.427853,0.439446,0.0,5
5,5785832,1735749600000000,0.244914,0.284795,0.38623,0.423315,0.0,3
5,5785833,1735749900000000,0.197393,0.212455,0.395025,0.401143,0.0,9
5,5785834,1735750200000000,0.235884,0.274542,0.404868,0.442237,0.0,3
5,5785835,1735750500000000,0.232716,0.286692,0.34848,0.368632,0.0,4
5,5785836,1735750800000000,0.206936,0.236305,0.387116,0.420647,0.0,2
5,5785837,1735751100000000,0.184086,0.251589,0.441563,0.452907,0.0,5
5,5785838,1735751400000000,0.20976,0.252411,0.38348,0.408837,0.0,3
5,5785839,1735751700000000,0.257404,0.294825,0.426143,0.448406,0.014201,6
5,5785840,1735752000000000,0.204461,0.273158,0.399292,0.436259,0.0,4
5,5785841,1735752300000000,0.205703,0.242737,0.384278,0.39145,0.0,4
5,5785842,1735752600000000,0.202044,0.235196,0.378174,0.386357,0.0,7
5,5785843,1735752900000000,0.241866,0.250163,0.406546,0.444504,0.0,3
5,5785844,1735753200000000,0.61344,0.64244,0.545235,0.549154,0.005507,4
5,5785845,1735753500000000,0.606546,0.63831,0.458205,0.483592,0.027603,1
5,5785846,1735753800000000,0.643255,0.657705,0.535031,0.537454,0.043441,6
5,5785847,1735754100000000,0.230431,0.277457,0.373288,0.376367,0.0,3
5,5785848,1735754400000000,0.203453,0.21496,0.355547,0.379433,0.0,0
5,5785849,1735754700000000,0.197975,0.215871,0.42113,0.443185,0.0,3
5,5785850,1735755000000000,0.240847,0.285734,0.354971,0.377892,0.0,4
5,5785851,1735755300000000,0.220302,0.241821,0.321315,0.340261,0.0,2
5,5785852,1735755600000000,0.192117,0.24329,0.39907,0.428764,0.0,2
5,5785853,1735755900000000,0.187904,0.243145,0.308951,0.348638,0.0,9
5,5785854,1735756200000000,0.199911,0.224015,0.292851,0.303882,0.0,2
5,5785855,1735756500000000,0.197689,0.20468,0.405522,0.41846,0.0,4
5,5785856,1735756800000000,0.183171,0.222327,0.370459,0.383381,0.0,3
5,5785857,1735757100000000,0.200209,0.207641,0.388982,0.419513,0.0,1
5,5785858,1735757400000000,0.203457,0.244675,0.353513,0.367433,0.0,3
5,5785859,1735757700000000,0.211672,0.269769,0.318709,0.345778,0.0,5
5,5785860,1735758000000000,0.250472,0.300099,0.340234,0.358069,0.03611,2
5,5785861,1735758300000000,0.215197,0.251058,0.364431,0.388744,0.0,2
5,5785862,1735758600000000,0.216984,0.292652,0.325048,0.358209,0.0,7
5,5785863,1735758900000000,0.229167,0.237306,0.39249,0.413053,0.0,1
5,5785864,1735759200000000,0.215728,0.286128,0.357007,0.376014,0.0,2
5,5785865,1735759500000000,0.227203,0.291213,0.386922,0.397601,0.0,4
5,5785866,1735759800000000,0.225051,0.25863,0.384974,0.40561,0.0,5
5,5785867,1735760100000000,0.222207,0.234436,0.393244,0.403741,0.0,1
5,5785868,1735760400000000,0.269796,0.282266,0.414408,0.448151,0.026562,6
5,5785869,1735760700000000,0.2364,0.310145,0.368984,0.384539,0.0,3
5,5785870,1735761000000000,0.200529,0.219225,0.377544,0.382708,0.0,3
5,5785871,1735761300000000,0.226664,0.296593,0.388773,0.398371,0.0,3
5,5785872,1735761600000000,0.205749,0.246012,0.274856,0.29624,0.0,5
5,5785873,1735761900000000,0.228033,0.264971,0.405672,0.442324,0.0,3
5,5785874,1735762200000000,0.195247,0.244808,0.374334,0.386356,0.0,3
5,5785875,1735762500000000,0.20006,0.217263,0.392583,0.403158,0.0,5
5,5785876,1735762800000000,0.22619,0.26046,0.327693,0.343955,0.0,3
5,5785877,1735763100000000,0.237958,0.313037,0.370654,0.409365,0.0,0
5,5785878,1735763400000000,0.229048,0.248108,0.336506,0.370314,0.0,1
5,5785879,1735763700000000,0.235374,0.309101,0.412165,0.418152,0.0,4
5,5785880,1735764000000000,0.226729,0.306266,0.32315,0.347701,0.0,5
5,5785881,1735764300000000,0.223105,0.227258,0.340941,0.372615,0.0,3
5,5785882,1735764600000000,0.210934,0.253444,0.395199,0.42592,0.0,5
5,5785883,1735764900000000,0.234634,0.24838,0.356947,0.376501,0.0,5
5,5785884,1735765200000000,0.238448,0.288185,0.346321,0.375594,0.0,6
5,5785885,1735765500000000,0.218864,0.298027,0.412871,0.436215,0.0,9
5,5785886,1735765800000000,0.217895,0.289646,0.414172,0.42223,0.0,2
5,5785887,1735766100000000,0.248645,0.322633,0.415909,0.418151,0.0,4
5,5785888,1735766400000000,0.219632,0.2367,0.41082,0.4256,0.0,3
5,5785889,1735766700000000,0.221362,0.264748,0.368214,0.370691,0.0,1
5,5785890,1735767000000000,0.228716,0.247503,0.371867,0.387667,0.0,4
5,5785891,1735767300000000,0.218239,0.290193,0.350461,0.383616,0.0,7
5,5785892,1735767600000000,0.205234,0.220526,0.378541,0.412313,0.0,2
5,5785893,1735767900000000,0.226803,0.23912,0.358265,0.359628,0.0,1
5,5785894,1735768200000000,0.219302,0.220275,0.359433,0.362215,0.0,1
5,5785895,1735768500000000,0.253161,0.267716,0.412602,0.439397,0.000106,4
5,5785896,1735768800000000,0.234192,0.249373,0.429349,0.449349,0.0,3
5,5785897,1735769100000000,0.209281,0.215481,0.389179,0.395153,0.0,6
5,5785898,1735769400000000,0.233123,0.302542,0.453366,0.485587,0.0,4
5,5785899,1735769700000000,0.225542,0.287941,0.350719,0.359379,0.0,2
5,5785900,1735770000000000,0.24357,0.263928,0.31173,0.314856,0.0,2
5,5785901,1735770300000000,0.21056,0.27322,0.402281,0.432261,0.0,3
5,5785902,1735770600000000,0.223396,0.257169,0.347315,0.37164,0.0,4
5,5785903,1735770900000000,0.218216,0.280258,0.365428,0.381206,0.0,6
5,5785904,1735771200000000,0.221053,0.246893,0.306577,0.334286,0.0,3
5,5785905,1735771500000000,0.204066,0.249239,0.335455,0.37191,0.0,8
5,5785906,1735771800000000,0.230366,0.260895,0.320539,0.321906,0.0,2
5,5785907,1735772100000000,0.227523,0.242537,0.362261,0.387368,0.0,2
5,5785908,1735772400000000,0.243134,0.289985,0.369315,0.378042,0.0,2
5,5785909,1735772700000000,0.21982,0.279886,0.380535,0.399501,0.0,3
5,5785910,1735773000000000,0.212587,0.272835,0.423994,0.440954,0.0,6
5,5785911,1735773300000000,0.234207,0.26271,0.409049,0.424648,0.0,3
5,5785912,1735773600000000,0.205704,0.247201,0.30711,0.314724,0.0,5
5,5785913,1735773900000000,0.23953,0.300632,0.408156,0.440262,0.0,6
5,5785914,1735774200000000,0.239491,0.243851,0.388292,0.403473,0.0,6
5,5785915,1735774500000000,0.242631,0.248382,0.381008,0.416496,0.0,2
5,5785916,1735774800000000,0.226779,0.256877,0.378465,0.392651,0.0,3
5,5785917,1735775100000000,0.211243,0.229121,0.382117,0.415706,0.0,4
5,5785918,1735775400000000,0.221965,0.251937,0.350012,0.371791,0.0,0
5,5785919,1735775700000000,0.226841,0.234341,0.3721,0.387525,0.0,1
5,5785920,1735776000000000,0.209917,0.257278,0.420829,0.44899,0.0,2
5,5785921,1735776300000000,0.243996,0.297735,0.357242,0.388709,0.0,3
5,5785922,1735776600000000,0.230442,0.293789,0.339459,0.358767,0.0,4
5,5785923,1735776900000000,0.20394,0.255982,0.368911,0.385928,0.0,7
5,5785924,1735777200000000,0.253892,0.285602,0.343639,0.366736,0.083683,5
5,5785925,1735777500000000,0.221753,0.296547,0.308702,0.332109,0.0,3
5,5785926,1735777800000000,0.200306,0.258413,0.356328,0.373348,0.0,6
5,5785927,1735778100000000,0.205055,0.24727,0.429714,0.460021,0.0,1
5,5785928,1735778400000000,0.24678,0.263328,0.384829,0.400818,0.0,4
5,5785929,1735778700000000,0.25285,0.304768,0.39564,0.41376,0.012203,4
5,5785930,1735779000000000,0.614547,0.661885,0.429886,0.454098,0.00549,5
5,5785931,1735779300000000,0.620124,0.674791,0.534568,0.574042,0.011612,5
6,5785632,1735689600000000,0.231168,0.252421,0.351679,0.389901,0.0,2
6,5785633,1735689900000000,0.169833,0.237261,0.368488,0.381065,0.0,4
6,5785634,1735690200000000,0.267741,0.322363,0.403621,0.403707,0.051204,3
6,5785635,1735690500000000,0.186714,0.187027,0.368765,0.404833,0.0,2
6,5785636,1735690800000000,0.216292,0.261546,0.380296,0.403378,0.0,4
6,5785637,1735691100000000,0.199599,0.218146,0.371345,0.400667,0.0,2
6,5785638,1735691400000000,0.20668,0.207909,0.380808,0.386915,0.0,4
6,5785639,1735691700000000,0.225119,0.274669,0.408419,0.424603,0.0,1
6,5785640,1735692000000000,0.182722,0.199115,0.412764,0.438567,0.0,1
6,5785641,1735692300000000,0.218376,0.290346,0.346178,0.356217,0.0,2
6,5785642,1735692600000000,0.240652,0.286523,0.377336,0.405396,0.0,2
6,5785643,1735692900000000,0.204822,0.221556,0.354783,0.364128,0.0,7
6,5785644,1735693200000000,0.194975,0.273305,0.345614,0.353979,0.0,3
6,5785645,1735693500000000,0.217493,0.261208,0.311481,0.311946,0.0,4
6,5785646,1735693800000000,0.21391,0.227148,0.375837,0.387114,0.0,2
6,5785647,1735694100000000,0.209286,0.250665,0.392423,0.402292,0.0,2
6,5785648,1735694400000000,0.19861,0.275358,0.363309,0.393884,0.0,3
6,5785649,1735694700000000,0.229345,0.263282,0.379913,0.402701,0.0,8
6,5785650,1735695000000000,0.230715,0.264742,0.397488,0.404601,0.0,2
6,5785651,1735695300000000,0.200818,0.237708,0.426731,0.449456,0.0,3
6,5785652,1735695600000000,0.203309,0.225718,0.354368,0.363385,0.0,0
6,5785653,1735695900000000,0.222457,0.2354,0.330995,0.348016,0.0,0
6,5785654,1735696200000000,0.202631,0.248945,0.367303,0.402831,0.0,1
6,5785655,1735696500000000,0.223216,0.294752,0.453468,0.482238,0.0,2
6,5785656,1735696800000000,0.246425,0.305283,0.339813,0.365857,0.0,4
6,5785657,1735697100000000,0.218923,0.226618,0.402629,0.413888,0.0,4
6,5785658,1735697400000000,0.198155,0.230223,0.415671,0.420654,0.0,5
6,5785659,1735697700000000,0.227058,0.227482,0.284849,0.314967,0.0,3
6,5785660,1735698000000000,0.216802,0.241437,0.39229,0.415005,0.0,3
6,5785661,1735698300000000,0.217297,0.270847,0.40019,0.425101,0.0,2
6,5785662,1735698600000000,0.228556,0.251775,0.369301,0.408306,0.0,3
6,5785663,1735698900000000,0.232439,0.299683,0.355496,0.369429,0.0,5
6,5785664,1735699200000000,0.220639,0.25883,0.353597,0.385627,0.0,6
6,5785665,1735699500000000,0.557385,0.610919,0.481942,0.5043,0.01033,7
6,5785666,1735699800000000,0.595621,0.66633,0.496384,0.505794,0.094686,6
6,5785667,1735700100000000,0.580087,0.634712,0.483399,0.485515,0.115199,5
6,5785668,1735700400000000,0.573481,0.645267,0.486939,0.51158,0.005068,3
6,5785669,1735700700000000,0.222362,0.287007,0.425458,0.437363,0.0,4
6,5785670,1735701000000000,0.201897,0.247262,0.322087,0.349906,0.0,2
6,5785671,1735701300000000,0.240293,0.264072,0.31414,0.342169,0.0,2
6,5785672,1735701600000000,0.222597,0.246449,0.42618,0.444399,0.0,3
6,5785673,1735701900000000,0.209611,0.279637,0.365683,0.387139,0.0,3
6,5785674,1735702200000000,0.215623,0.219934,0.359939,0.385001,0.0,6
6,5785675,1735702500000000,0.202609,0.277924,0.366464,0.385209,0.0,7
6,5785676,1735702800000000,0.239032,0.265197,0.392032,0.427127,0.0,5
6,5785677,1735703100000000,0.232295,0.291404,0.360341,0.363378,0.0,4
6,5785678,1735703400000000,0.223269,0.249672,0.398382,0.437574,0.0,2
6,5785679,1735703700000000,0.21923,0.295494,0.33824,0.339578,0.0,4
6,5785680,1735704000000000,0.207748,0.210666,0.360639,0.368963,0.0,5
6,5785681,1735704300000000,0.181659,0.209924,0.274993,0.303325,0.0,4
6,5785682,1735704600000000,0.194567,0.263964,0.414988,0.418386,0.0,4
6,5785683,1735704900000000,0.206632,0.228557,0.365278,0.375765,0.0,5
6,5785684,1735705200000000,0.203927,0.225976,0.398178,0.404338,0.0,2
6,5785685,1735705500000000,0.225208,0.297109,0.397886,0.426829,0.0,3
6,5785686,1735705800000000,0.234607,0.301053,0.404105,0.427262,0.0,0
6,5785687,1735706100000000,0.217688,0.22615,0.37588,0.378459,0.0,4
6,5785688,1735706400000000,0.245361,0.291775,0.401405,0.419811,0.0,5
6,5785689,1735706700000000,0.205908,0.223779,0.333616,0.341956,0.0,3
6,5785690,1735707000000000,0.21756,0.234771,0.329299,0.368007,0.0,4
6,5785691,1735707300000000,0.219082,0.268315,0.372635,0.376951,0.0,9
6,5785692,1735707600000000,0.239659,0.249569,0.35669,0.380612,0.0,6
6,5785693,1735707900000000,0.221906,0.259488,0.434686,0.45396,0.0,2
6,5785694,1735708200000000,0.222404,0.24287,0.392847,0.415971,0.0,4
6,5785695,1735708500000000,0.190213,0.258527,0.337915,0.376175,0.0,5
6,5785696,1735708800000000,0.203802,0.248161,0.360469,0.37412,0.0,3
6,5785697,1735709100000000,0.239727,0.256936,0.389225,0.419175,0.0,3
6,5785698,1735709400000000,0.182644,0.256761,0.361205,0.379104,0.0,1
6,5785699,1735709700000000,0.616915,0.682747,0.52679,0.553221,0.008635,6
6,5785700,1735710000000000,0.601735,0.622958,0.513353,0.52798,0.132289,3
6,5785701,1735710300000000,0.579286,0.65617,0.447124,0.456209,0.019511,5
6,5785702,1735710600000000,0.577764,0.599183,0.416181,0.419526,0.016161,6
6,5785703,1735710900000000,0.254127,0.277539,0.374,0.37807,0.049604,3
6,5785704,1735711200000000,0.245405,0.276282,0.408312,0.446689,0.0,1
6,5785705,1735711500000000,0.21785,0.231034,0.361753,0.393291,0.0,2
6,5785706,1735711800000000,0.222423,0.277384,0.42731,0.437109,0.0,3
6,5785707,1735712100000000,0.208369,0.252956,0.371054,0.392219,0.0,4
6,5785708,1735712400000000,0.222426,0.293983,0.432137,0.460706,0.0,2
6,5785709,1735712700000000,0.20787,0.22714,0.418831,0.432932,0.0,5
6,5785710,1735713000000000,0.218586,0.232205,0.418557,0.436156,0.0,1
6,5785711,1735713300000000,0.252586,0.281276,0.340265,0.369,0.047584,3
6,5785712,1735713600000000,0.54211,0.553798,0.490424,0.499522,0.026989,9
6,5785713,1735713900000000,0.524966,0.600658,0.532649,0.553703,0.0191,2
6,5785714,1735714200000000,0.519236,0.576632,0.492626,0.50103,0.05495,5
6,5785715,1735714500000000,0.546119,0.609814,0.513316,0.513439,0.126514,6
6,5785716,1735714800000000,0.206304,0.266147,0.316691,0.344301,0.0,5
6,5785717,1735715100000000,0.224439,0.243864,0.455305,0.483596,0.0,4
6,5785718,1735715400000000,0.190849,0.202101,0.335142,0.374971,0.0,6
6,5785719,1735715700000000,0.232424,0.266779,0.301572,0.308812,0.0,6
6,5785720,1735716000000000,0.200917,0.267239,0.356276,0.385859,0.0,4
6,5785721,1735716300000000,0.220833,0.247275,0.279392,0.317311,0.0,5
6,5785722,1735716600000000,0.213911,0.214676,0.331464,0.357247,0.0,0
6,5785723,1735716900000000,0.250931,0.303736,0.490166,0.528692,0.004411,6
6,5785724,1735717200000000,0.223087,0.239092,0.362879,0.402656,0.0,1
6,5785725,1735717500000000,0.255019,0.298445,0.332145,0.36421,0.012364,4
6,5785726,1735717800000000,0.230093,0.231284,0.381545,0.421516,0.0,2
6,5785727,1735718100000000,0.245657,0.286365,0.350068,0.375101,0.0,2
6,5785728,1735718400000000,0.216242,0.24773,0.410265,0.430148,0.0,5
6,5785729,1735718700000000,0.226219,0.296652,0.343595,0.3803,0.0,0
6,5785730,1735719000000000,0.241936,0.299681,0.395507,0.428745,0.0,5
6,5785731,1735719300000000,0.236289,0.239172,0.336819,0.341223,0.0,3
6,5785732,1735719600000000,0.229558,0.29272,0.484306,0.496415,0.0,4
6,5785733,1735719900000000,0.214097,0.277395,0.395079,0.405505,0.0,4
6,5785734,1735720200000000,0.217142,0.270215,0.370179,0.40439,0.0,5
6,5785735,1735720500000000,0.240478,0.314822,0.372449,0.381779,0.0,2
6,5785736,1735720800000000,0.244226,0.308487,0.363335,0.375497,0.0,0
6,5785737,1735721100000000,0.209328,0.22684,0.342828,0.36358,0.0,5
6,5785738,1735721400000000,0.206612,0.237136,0.340778,0.343823,0.0,5
6,5785739,1735721700000000,0.203726,0.231719,0.438437,0.476886,0.0,3
6,5785740,1735722000000000,0.234935,0.275327,0.360123,0.379765,0.0,1
6,5785741,1735722300000000,0.203269,0.279567,0.285968,0.293585,0.0,4
6,5785742,1735722600000000,0.234717,0.283965,0.335512,0.346345,0.0,0
6,5785743,1735722900000000,0.229822,0.254858,0.417547,0.44947,0.0,3
6,5785744,1735723200000000,0.210188,0.28551,0.363473,0.388833,0.0,4
6,5785745,1735723500000000,0.248149,0.304171,0.381489,0.400074,0.0,4
6,5785746,1735723800000000,0.193679,0.214966,0.41458,0.427844,0.0,3
6,5785747,1735724100000000,0.249872,0.322393,0.356368,0.392396,0.0,0
6,5785748,1735724400000000,0.22574,0.253277,0.404306,0.435208,0.0,3
6,5785749,1735724700000000,0.630099,0.671395,0.493819,0.522544,0.010457,5
6,5785750,1735725000000000,0.696075,0.734413,0.566661,0.584501,0.044398,8
6,5785751,1735725300000000,0.684921,0.758811,0.524077,0.563323,0.022846,5
6,5785752,1735725600000000,0.212292,0.233545,0.36464,0.393043,0.0,6
6,5785753,1735725900000000,0.202635,0.2293,0.403728,0.420673,0.0,3
6,5785754,1735726200000000,0.191757,0.24457,0.397036,0.435458,0.0,2
6,5785755,1735726500000000,0.263478,0.334407,0.3856,0.421429,0.027293,4
6,5785756,1735726800000000,0.203379,0.21257,0.352318,0.381916,0.0,4
6,5785757,1735727100000000,0.197255,0.214046,0.433005,0.463685,0.0,5
6,5785758,1735727400000000,0.224823,0.300665,0.402261,0.419206,0.0,4
6,5785759,1735727700000000,0.190518,0.252702,0.351036,0.37133,0.0,2
6,5785760,1735728000000000,0.202332,0.230018,0.344693,0.352355,0.0,2
6,5785761,1735728300000000,0.237909,0.26652,0.424264,0.44808,0.0,4
6,5785762,1735728600000000,0.228356,0.265918,0.384541,0.399337,0.0,2
6,5785763,1735728900000000,0.213045,0.266949,0.368024,0.381921,0.0,3
6,5785764,1735729200000000,0.22033,0.265213,0.381714,0.419643,0.0,2
6,5785765,1735729500000000,0.212036,0.274125,0.387724,0.394316,0.0,3
6,5785766,1735729800000000,0.218884,0.223217,0.374342,0.407541,0.0,8
6,5785767,1735730100000000,0.206287,0.271811,0.420348,0.431607,0.0,2
6,5785768,1735730400000000,0.209556,0.2142,0.423718,0.424864,0.0,1
6,5785769,1735730700000000,0.209008,0.279486,0.394428,0.396047,0.0,4
6,5785770,1735731000000000,0.206935,0.210395,0.427416,0.444583,0.0,2
6,5785771,1735731300000000,0.23879,0.249017,0.383916,0.402095,0.0,3
6,5785772,1735731600000000,0.233862,0.248277,0.409465,0.422275,0.0,3
6,5785773,1735731900000000,0.203217,0.221062,0.411304,0.438056,0.0,4
6,5785774,1735732200000000,0.198501,0.230642,0.410237,0.429651,0.0,3
6,5785775,1735732500000000,0.217169,0.269608,0.412649,0.415614,0.0,3
6,5785776,1735732800000000,0.258795,0.330203,0.415826,0.429749,0.015833,4
6,5785777,1735733100000000,0.201501,0.243462,0.448811,0.452889,0.0,2
6,5785778,1735733400000000,0.217098,0.259697,0.354396,0.356913,0.0,5
6,5785779,1735733700000000,0.221597,0.247141,0.37135,0.379682,0.0,5
6,5785780,1735734000000000,0.218044,0.282099,0.367735,0.395758,0.0,2
6,5785781,1735734300000000,0.211752,0.220591,0.359391,0.387231,0.0,3
6,5785782,1735734600000000,0.240791,0.26488,0.304726,0.339182,0.0,6
6,5785783,1735734900000000,0.22818,0.235939,0.434858,0.465114,0.0,4
6,5785784,1735735200000000,0.235225,0.252359,0.341287,0.362707,0.0,3
6,5785785,1735735500000000,0.230609,0.277537,0.387506,0.40001,0.0,2
6,5785786,1735735800000000,0.580966,0.591043,0.446464,0.446696,0.035201,4
6,5785787,1735736100000000,0.593394,0.601443,0.532517,0.558402,0.021642,9
6,5785788,1735736400000000,0.588833,0.654906,0.474676,0.486264,0.002998,5
6,5785789,1735736700000000,0.606721,0.616185,0.466914,0.476918,0.036822,2
6,5785790,1735737000000000,0.241912,0.290556,0.392443,0.431436,0.0,3
6,5785791,1735737300000000,0.20795,0.236111,0.344753,0.351723,0.0,3
6,5785792,1735737600000000,0.235252,0.306961,0.359372,0.360669,0.0,4
6,5785793,1735737900000000,0.232788,0.289392,0.388347,0.426323,0.0,3
6,5785794,1735738200000000,0.254565,0.25932,0.421097,0.433338,0.004521,4
6,5785795,1735738500000000,0.202591,0.274229,0.338171,0.353908,0.0,4
6,5785796,1735738800000000,0.230043,0.263155,0.340867,0.344105,0.0,0
6,5785797,1735739100000000,0.207741,0.231599,0.373649,0.389811,0.0,4
6,5785798,1735739400000000,0.229226,0.283048,0.401799,0.440688,0.0,3
6,5785799,1735739700000000,0.216135,0.273572,0.434157,0.461918,0.0,7
6,5785800,1735740000000000,0.22863,0.25289,0.337168,0.35612,0.0,5
6,5785801,1735740300000000,0.194614,0.222746,0.355396,0.367695,0.0,2
6,5785802,1735740600000000,0.234278,0.246785,0.429029,0.443671,0.0,3
6,5785803,1735740900000000,0.223709,0.271185,0.457222,0.481671,0.0,3
6,5785804,1735741200000000,0.222739,0.299292,0.338235,0.348413,0.0,2
6,5785805,1735741500000000,0.255104,0.288434,0.359734,0.365812,0.055857,2
6,5785806,1735741800000000,0.213115,0.292812,0.389834,0.417684,0.0,5
6,5785807,1735742100000000,0.226161,0.240274,0.356047,0.390825,0.0,3
6,5785808,1735742400000000,0.221805,0.285493,0.347262,0.383324,0.0,3
6,5785809,1735742700000000,0.223565,0.297813,0.388026,0.421683,0.0,0
6,5785810,1735743000000000,0.259992,0.315037,0.452974,0.474198,0.053491,3
6,5785811,1735743300000000,0.221149,0.229895,0.325023,0.356576,0.0,7
6,5785812,1735743600000000,0.209789,0.235912,0.43336,0.470414,0.0,1
6,5785813,1735743900000000,0.253676,0.260529,0.365796,0.36673,0.006024,3
6,5785814,1735744200000000,0.214462,0.262601,0.388893,0.405377,0.0,3
6,5785815,1735744500000000,0.191107,0.270959,0.430521,0.438686,0.0,7
6,5785816,1735744800000000,0.206665,0.236645,0.385346,0.425216,0.0,5
6,5785817,1735745100000000,0.197561,0.210597,0.357247,0.39443,0.0,6
6,5785818,1735745400000000,0.187601,0.209092,0.394387,0.426475,0.0,0
6,5785819,1735745700000000,0.596104,0.641768,0.50171,0.513545,0.212801,2
6,5785820,1735746000000000,0.601375,0.646892,0.531335,0.569419,0.008586,7
6,5785821,1735746300000000,0.623888,0.642274,0.510174,0.511344,0.02572,7
6,5785822,1735746600000000,0.613968,0.674024,0.549335,0.556856,0.031452,5
6,5785823,1735746900000000,0.230509,0.23755,0.324909,0.349584,0.0,4
6,5785824,1735747200000000,0.203922,0.253765,0.330832,0.362552,0.0,3
6,5785825,1735747500000000,0.235929,0.269985,0.326218,0.361563,0.0,3
6,5785826,1735747800000000,0.245042,0.255216,0.383508,0.395528,0.0,2
6,5785827,1735748100000000,0.227102,0.277853,0.318304,0.333936,0.0,3
6,5785828,1735748400000000,0.227605,0.281449,0.351989,0.370182,0.0,2
6,5785829,1735748700000000,0.197236,0.232437,0.324732,0.325811,0.0,5
6,5785830,1735749000000000,0.23898,0.302819,0.44283,0.477389,0.0,3
6,5785831,1735749300000000,0.252055,0.2928,0.348592,0.36211,0.063032,2
6,5785832,1735749600000000,0.225813,0.248673,0.327573,0.335544,0.0,4
6,5785833,1735749900000000,0.209302,0.28559,0.383189,0.399557,0.0,4
6,5785834,1735750200000000,0.217084,0.292608,0.443452,0.471875,0.0,2
6,5785835,1735750500000000,0.212432,0.220082,0.369709,0.404545,0.0,4
6,5785836,1735750800000000,0.213512,0.289198,0.37318,0.381795,0.0,6
6,5785837,1735751100000000,0.637842,0.69988,0.574875,0.581779,0.075958,3
6,5785838,1735751400000000,0.631208,0.63974,0.556052,0.593803,0.040522,4
6,5785839,1735751700000000,0.238071,0.279617,0.400341,0.422377,0.0,4
6,5785840,1735752000000000,0.226676,0.229472,0.356043,0.370674,0.0,4
6,5785841,1735752300000000,0.204446,0.251555,0.389795,0.397767,0.0,3
6,5785842,1735752600000000,0.210988,0.285643,0.319414,0.359224,0.0,4
6,5785843,1735752900000000,0.209869,0.239326,0.348507,0.377274,0.0,3
6,5785844,1735753200000000,0.216644,0.257334,0.433084,0.441799,0.0,3
6,5785845,1735753500000000,0.252305,0.27051,0.440386,0.444037,0.052352,1
6,5785846,1735753800000000,0.255188,0.298464,0.406815,0.414787,0.005313,5
6,5785847,1735754100000000,0.235059,0.299265,0.305096,0.315006,0.0,6
6,5785848,1735754400000000,0.222138,0.239358,0.329419,0.333863,0.0,2
6,5785849,1735754700000000,0.19549,0.239769,0.341243,0.350429,0.0,3
6,5785850,1735755000000000,0.22396,0.252332,0.371518,0.376189,0.0,4
6,5785851,1735755300000000,0.20578,0.26561,0.322007,0.337116,0.0,2
6,5785852,1735755600000000,0.249349,0.305512,0.37742,0.396868,0.0,3
6,5785853,1735755900000000,0.19109,0.246993,0.437573,0.455785,0.0,2
6,5785854,1735756200000000,0.226921,0.257145,0.395456,0.428624,0.0,2
6,5785855,1735756500000000,0.204264,0.252206,0.380245,0.390405,0.0,2
6,5785856,1735756800000000,0.219829,0.271916,0.336238,0.371722,0.0,4
6,5785857,1735757100000000,0.231989,0.286454,0.315637,0.351962,0.0,3
6,5785858,1735757400000000,0.238395,0.284416,0.334311,0.372703,0.0,3
6,5785859,1735757700000000,0.218908,0.288252,0.309442,0.316681,0.0,5
6,5785860,1735758000000000,0.233702,0.253606,0.384797,0.394627,0.0,4
6,5785861,1735758300000000,0.208076,0.21254,0.388182,0.413135,0.0,4
6,5785862,1735758600000000,0.22442,0.30142,0.339935,0.345571,0.0,3
6,5785863,1735758900000000,0.23804,0.242898,0.389231,0.392656,0.0,3
6,5785864,1735759200000000,0.225978,0.298214,0.437852,0.4408,0.0,2
6,5785865,1735759500000000,0.210472,0.259455,0.451973,0.476219,0.0,3
6,5785866,1735759800000000,0.214977,0.288476,0.406058,0.438246,0.0,1
6,5785867,1735760100000000,0.602556,0.647752,0.503901,0.514256,0.034474,5
6,5785868,1735760400000000,0.564621,0.630301,0.527141,0.564483,0.069097,6
6,5785869,1735760700000000,0.567276,0.62498,0.552619,0.584297,0.027355,3
6,5785870,1735761000000000,0.595103,0.637112,0.427997,0.431095,0.02402,14
6,5785871,1735761300000000,0.212095,0.241161,0.433516,0.449808,0.0,7
6,5785872,1735761600000000,0.551845,0.552074,0.471362,0.474083,0.06213,5
6,5785873,1735761900000000,0.602315,0.622388,0.489412,0.52602,0.043698,6
6,5785874,1735762200000000,0.200207,0.276349,0.355875,0.385588,0.0,1
6,5785875,1735762500000000,0.21641,0.238447,0.388547,0.416009,0.0,2
6,5785876,1735762800000000,0.208849,0.268997,0.328647,0.355955,0.0,2
6,5785877,1735763100000000,0.214642,0.255322,0.363732,0.375139,0.0,4
6,5785878,1735763400000000,0.204077,0.228758,0.392438,0.42978,0.0,3
6,5785879,1735763700000000,0.232857,0.312145,0.390243,0.427154,0.0,6
6,5785880,1735764000000000,0.221995,0.225753,0.392931,0.42251,0.0,4
6,5785881,1735764300000000,0.237706,0.284272,0.370238,0.388996,0.0,3
6,5785882,1735764600000000,0.209035,0.245956,0.400911,0.402795,0.0,0
6,5785883,1735764900000000,0.258394,0.264517,0.432695,0.433827,0.020477,7
6,5785884,1735765200000000,0.185716,0.202844,0.404858,0.410384,0.0,3
6,5785885,1735765500000000,0.191468,0.247007,0.384118,0.407949,0.0,3
6,5785886,1735765800000000,0.251556,0.260222,0.4256,0.457524,0.013638,8
6,5785887,1735766100000000,0.228533,0.292615,0.414829,0.452768,0.0,3
6,5785888,1735766400000000,0.226145,0.27615,0.486211,0.493226,0.0,1
6,5785889,1735766700000000,0.227763,0.235832,0.42844,0.439461,0.0,3
6,5785890,1735767000000000,0.230282,0.253227,0.377049,0.379213,0.0,4
6,5785891,1735767300000000,0.225396,0.23637,0.342421,0.381983,0.0,4
6,5785892,1735767600000000,0.202614,0.266422,0.360469,0.391706,0.0,3
6,5785893,1735767900000000,0.234727,0.277364,0.368883,0.388112,0.0,4
6,5785894,1735768200000000,0.231892,0.232119,0.401619,0.424642,0.0,5
6,5785895,1735768500000000,0.245712,0.289144,0.357989,0.380476,0.0,4
6,5785896,1735768800000000,0.251756,0.290381,0.435802,0.445976,0.048382,2
6,5785897,1735769100000000,0.225949,0.277395,0.3235,0.330915,0.0,4
6,5785898,1735769400000000,0.197904,0.200692,0.303965,0.315844,0.0,3
6,5785899,1735769700000000,0.251905,0.254739,0.382762,0.392648,0.020885,5
6,5785900,1735770000000000,0.201673,0.229623,0.336883,0.359184,0.0,3
6,5785901,1735770300000000,0.226083,0.281166,0.3288,0.341128,0.0,3
6,5785902,1735770600000000,0.215379,0.268703,0.3499,0.379058,0.0,4
6,5785903,1735770900000000,0.212249,0.23451,0.343828,0.366545,0.0,3
6,5785904,1735771200000000,0.233757,0.251043,0.38222,0.403511,0.0,2
6,5785905,1735771500000000,0.2244,0.27905,0.353721,0.391773,0.0,3
6,5785906,1735771800000000,0.229238,0.231407,0.358668,0.371564,0.0,5
6,5785907,1735772100000000,0.205318,0.24986,0.371667,0.397077,0.0,3
6,5785908,1735772400000000,0.216867,0.250795,0.416473,0.416475,0.0,7
6,5785909,1735772700000000,0.206148,0.225275,0.430982,0.460459,0.0,2
6,5785910,1735773000000000,0.216417,0.258041,0.381657,0.401758,0.0,4
6,5785911,1735773300000000,0.217862,0.235236,0.385274,0.393609,0.0,4
6,5785912,1735773600000000,0.253197,0.298343,0.381292,0.381352,0.018411,3
6,5785913,1735773900000000,0.215331,0.227249,0.394616,0.422894,0.0,2
6,5785914,1735774200000000,0.181739,0.214195,0.379218,0.405726,0.0,3
6,5785915,1735774500000000,0.245112,0.285946,0.438823,0.465439,0.0,6
6,5785916,1735774800000000,0.228087,0.230623,0.304282,0.32178,0.0,2
6,5785917,1735775100000000,0.217642,0.266499,0.366795,0.392367,0.0,2
6,5785918,1735775400000000,0.21213,0.272155,0.387813,0.410667,0.0,4
6,5785919,1735775700000000,0.202955,0.279441,0.369983,0.379539,0.0,3
6,5785920,1735776000000000,0.254885,0.271135,0.351643,0.372394,0.008343,4
6,5785921,1735776300000000,0.220933,0.237629,0.325352,0.345936,0.0,6
6,5785922,1735776600000000,0.18872,0.213107,0.398305,0.43125,0.0,1
6,5785923,1735776900000000,0.225899,0.29716,0.348788,0.366127,0.0,3
6,5785924,1735777200000000,0.241711,0.27426,0.314403,0.331846,0.0,2
6,5785925,1735777500000000,0.222816,0.246959,0.412248,0.451625,0.0,5
6,5785926,1735777800000000,0.203771,0.263066,0.389679,0.425458,0.0,3
6,5785927,1735778100000000,0.202161,0.2052,0.366121,0.375813,0.0,3
6,5785928,1735778400000000,0.203488,0.247393,0.334639,0.371051,0.0,5
6,5785929,1735778700000000,0.24739,0.283405,0.382049,0.387567,0.0,1
6,5785930,1735779000000000,0.21871,0.268699,0.425172,0.459308,0.0,8
6,5785931,1735779300000000,0.189783,0.248271,0.301836,0.309169,0.0,4
7,5785632,1735689600000000,0.249655,0.323553,0.461706,0.472934,0.0,4
7,5785633,1735689900000000,0.209461,0.219754,0.392635,0.403146,0.0,1
7,5785634,1735690200000000,0.649377,0.693033,0.603648,0.631528,0.044167,6
7,5785635,1735690500000000,0.603141,0.635252,0.539705,0.556153,0.047827,10
7,5785636,1735690800000000,0.201157,0.211894,0.413833,0.447457,0.0,0
7,5785637,1735691100000000,0.232216,0.255655,0.366919,0.396816,0.0,1
7,5785638,1735691400000000,0.218155,0.26884,0.333374,0.354618,0.0,2
7,5785639,1735691700000000,0.229678,0.232178,0.362429,0.372391,0.0,2
7,5785640,1735692000000000,0.219755,0.297034,0.376439,0.408136,0.0,1
7,5785641,1735692300000000,0.216262,0.28899,0.350565,0.385205,0.0,4
7,5785642,1735692600000000,0.207759,0.214527,0.33267,0.366121,0.0,5
7,5785643,1735692900000000,0.198508,0.267976,0.386151,0.38822,0.0,3
7,5785644,1735693200000000,0.245249,0.271534,0.345621,0.373539,0.0,2
7,5785645,1735693500000000,0.569349,0.574749,0.437932,0.46609,0.004578,6
7,5785646,1735693800000000,0.52244,0.546929,0.437971,0.475694,0.004031,4
7,5785647,1735694100000000,0.521264,0.585975,0.473068,0.483607,0.030139,5
7,5785648,1735694400000000,0.21374,0.267007,0.335172,0.366626,0.0,5
7,5785649,1735694700000000,0.226128,0.245213,0.370021,0.397585,0.0,2
7,5785650,1735695000000000,0.216727,0.274261,0.399872,0.435021,0.0,4
7,5785651,1735695300000000,0.228991,0.285617,0.403125,0.430857,0.0,7
7,5785652,1735695600000000,0.219114,0.278542,0.350257,0.384355,0.0,5
7,5785653,1735695900000000,0.217937,0.261189,0.32412,0.338503,0.0,8
7,5785654,1735696200000000,0.263435,0.328951,0.369177,0.375482,0.092926,3
7,5785655,1735696500000000,0.210546,0.261855,0.399917,0.414451,0.0,3
7,5785656,1735696800000000,0.249519,0.259551,0.4229,0.455502,0.0,8
7,5785657,1735697100000000,0.246044,0.310864,0.400231,0.405497,0.0,4
7,5785658,1735697400000000,0.229074,0.254975,0.428233,0.453751,0.0,5
7,5785659,1735697700000000,0.18533,0.241732,0.434033,0.473536,0.0,1
7,5785660,1735698000000000,0.220559,0.27457,0.357867,0.393667,0.0,2
7,5785661,1735698300000000,0.210735,0.237609,0.43322,0.460067,0.0,3
7,5785662,1735698600000000,0.220362,0.233296,0.366705,0.39841,0.0,7
7,5785663,1735698900000000,0.200867,0.256463,0.411097,0.415756,0.0,1
7,5785664,1735699200000000,0.233613,0.301535,0.410107,0.430061,0.0,3
7,5785665,1735699500000000,0.23773,0.304788,0.304123,0.3254,0.0,5
7,5785666,1735699800000000,0.24106,0.291181,0.345722,0.37703,0.0,1
7,5785667,1735700100000000,0.213121,0.231313,0.325741,0.337045,0.0,3
7,5785668,1735700400000000,0.20093,0.226227,0.299044,0.303303,0.0,0
7,5785669,1735700700000000,0.22633,0.2867,0.414388,0.442313,0.0,3
7,5785670,1735701000000000,0.251609,0.284478,0.470814,0.490518,0.102361,3
7,5785671,1735701300000000,0.221249,0.279849,0.36713,0.400822,0.0,7
7,5785672,1735701600000000,0.228141,0.252897,0.414016,0.433275,0.0,4
7,5785673,1735701900000000,0.215771,0.216277,0.434905,0.468756,0.0,4
7,5785674,1735702200000000,0.210938,0.259217,0.382161,0.402475,0.0,1
7,5785675,1735702500000000,0.231849,0.279922,0.380135,0.411443,0.0,2
7,5785676,1735702800000000,0.218091,0.268295,0.366504,0.395334,0.0,8
7,5785677,1735703100000000,0.227263,0.248718,0.401045,0.411688,0.0,1
7,5785678,1735703400000000,0.229135,0.294021,0.415185,0.427561,0.0,5
7,5785679,1735703700000000,0.226255,0.265253,0.397662,0.433629,0.0,2
7,5785680,1735704000000000,0.230041,0.291032,0.397613,0.406853,0.0,6
7,5785681,1735704300000000,0.204646,0.253533,0.369578,0.397478,0.0,4
7,5785682,1735704600000000,0.203547,0.236833,0.307523,0.313328,0.0,3
7,5785683,1735704900000000,0.219233,0.273603,0.41264,0.442846,0.0,5
7,5785684,1735705200000000,0.219666,0.265664,0.325498,0.33443,0.0,1
7,5785685,1735705500000000,0.210598,0.251455,0.398485,0.422247,0.0,6
7,5785686,1735705800000000,0.224338,0.276223,0.408748,0.431318,0.0,3
7,5785687,1735706100000000,0.236348,0.243223,0.337104,0.345245,0.0,4
7,5785688,1735706400000000,0.241375,0.314196,0.360169,0.379825,0.0,2
7,5785689,1735706700000000,0.245421,0.272227,0.470756,0.505926,0.0,3
7,5785690,1735707000000000,0.196334,0.214309,0.365537,0.392759,0.0,2
7,5785691,1735707300000000,0.199066,0.26081,0.320865,0.360571,0.0,5
7,5785692,1735707600000000,0.214786,0.233284,0.40721,0.438593,0.0,3
7,5785693,1735707900000000,0.221445,0.301107,0.346599,0.372337,0.0,2
7,5785694,1735708200000000,0.647468,0.681108,0.449793,0.472321,0.171026,7
7,5785695,1735708500000000,0.641812,0.665542,0.545425,0.582922,0.033277,5
7,5785696,1735708800000000,0.64628,0.651245,0.489533,0.510614,0.001292,5
7,5785697,1735709100000000,0.2287,0.232044,0.392892,0.408999,0.0,4
7,5785698,1735709400000000,0.196067,0.203678,0.336116,0.369496,0.0,5
7,5785699,1735709700000000,0.26218,0.262583,0.420051,0.457661,0.008742,0
7,5785700,1735710000000000,0.220378,0.246545,0.384472,0.403629,0.0,0
7,5785701,1735710300000000,0.238915,0.263752,0.280052,0.285542,0.0,5
7,5785702,1735710600000000,0.20956,0.243967,0.388626,0.412961,0.0,3
7,5785703,1735710900000000,0.230338,0.248972,0.369029,0.398664,0.0,3
7,5785704,1735711200000000,0.221802,0.226821,0.434299,0.449245,0.0,1
7,5785705,1735711500000000,0.235423,0.241116,0.398206,0.428121,0.0,7
7,5785706,1735711800000000,0.216424,0.230996,0.405995,0.427237,0.0,5
7,5785707,1735712100000000,0.247928,0.273255,0.358353,0.370407,0.0,1
7,5785708,1735712400000000,0.193143,0.204982,0.335997,0.361178,0.0,2
7,5785709,1735712700000000,0.237089,0.266298,0.381955,0.397513,0.0,1
7,5785710,1735713000000000,0.222137,0.295915,0.363323,0.394796,0.0,7
7,5785711,1735713300000000,0.20167,0.222598,0.424105,0.424228,0.0,0
7,5785712,1735713600000000,0.255137,0.268609,0.383165,0.415892,0.046988,5
7,5785713,1735713900000000,0.253277,0.306459,0.339654,0.351917,0.065812,1
7,5785714,1735714200000000,0.18267,0.221941,0.330831,0.369216,0.0,3
7,5785715,1735714500000000,0.223182,0.226962,0.416716,0.447082,0.0,6
7,5785716,1735714800000000,0.232702,0.295727,0.374755,0.384397,0.0,2
7,5785717,1735715100000000,0.227951,0.285178,0.370954,0.410106,0.0,4
7,5785718,1735715400000000,0.24728,0.325463,0.428955,0.448939,0.0,2
7,5785719,1735715700000000,0.243537,0.318602,0.348648,0.369565,0.0,1
7,5785720,1735716000000000,0.224773,0.271513,0.289264,0.325644,0.0,2
7,5785721,1735716300000000,0.260988,0.31587,0.357231,0.393967,0.023768,3
7,5785722,1735716600000000,0.236863,0.269624,0.392586,0.420461,0.0,7
7,5785723,1735716900000000,0.575963,0.64704,0.491607,0.530745,0.006067,5
7,5785724,1735717200000000,0.572346,0.616571,0.437904,0.451059,0.107287,4
7,5785725,1735717500000000,0.676799,0.702843,0.577522,0.586816,0.0011,12
7,5785726,1735717800000000,0.640146,0.640905,0.530591,0.531761,0.052922,7
7,5785727,1735718100000000,0.647044,0.69396,0.542026,0.55588,0.11362,8
7,5785728,1735718400000000,0.650107,0.692141,0.544322,0.568427,0.189935,10
7,5785729,1735718700000000,0.226402,0.291352,0.3273,0.339515,0.0,3
7,5785730,1735719000000000,0.216518,0.231478,0.387896,0.411081,0.0,7
7,5785731,1735719300000000,0.196295,0.261527,0.405001,0.406937,0.0,7
7,5785732,1735719600000000,0.240917,0.24214,0.429933,0.444097,0.0,3
7,5785733,1735719900000000,0.212721,0.259706,0.403303,0.433223,0.0,5
7,5785734,1735720200000000,0.256359,0.288107,0.410251,0.414424,0.02872,3
7,5785735,1735720500000000,0.225472,0.251993,0.309418,0.338012,0.0,2
7,5785736,1735720800000000,0.24281,0.277473,0.384386,0.414918,0.0,2
7,5785737,1735721100000000,0.231356,0.249243,0.342711,0.365462,0.0,4
7,5785738,1735721400000000,0.243671,0.258345,0.436572,0.472015,0.0,0
7,5785739,1735721700000000,0.230266,0.294675,0.425808,0.463991,0.0,3
7,5785740,1735722000000000,0.224233,0.242454,0.34046,0.341848,0.0,3
7,5785741,1735722300000000,0.239678,0.298636,0.382048,0.409212,0.0,5
7,5785742,1735722600000000,0.264748,0.321656,0.402602,0.412089,0.053016,3
7,5785743,1735722900000000,0.215144,0.217816,0.411332,0.427659,0.0,2
7,5785744,1735723200000000,0.234309,0.304794,0.314983,0.339909,0.0,2
7,5785745,1735723500000000,0.219906,0.283054,0.288582,0.317073,0.0,2
7,5785746,1735723800000000,0.229109,0.292794,0.381714,0.415322,0.0,2
7,5785747,1735724100000000,0.220759,0.285494,0.276009,0.304224,0.0,7
7,5785748,1735724400000000,0.181161,0.227765,0.369749,0.400845,0.0,1
7,5785749,1735724700000000,0.216397,0.295867,0.399427,0.42339,0.0,4
7,5785750,1735725000000000,0.237992,0.252324,0.43274,0.437423,0.0,6
7,5785751,1735725300000000,0.206226,0.212013,0.347276,0.348134,0.0,3
7,5785752,1735725600000000,0.236577,0.29291,0.389249,0.410441,0.0,4
7,5785753,1735725900000000,0.223305,0.24682,0.404217,0.432839,0.0,4
7,5785754,1735726200000000,0.216553,0.265212,0.328765,0.333119,0.0,5
7,5785755,1735726500000000,0.236305,0.267641,0.419321,0.436492,0.0,4
7,5785756,1735726800000000,0.232259,0.258941,0.392264,0.402511,0.0,2
7,5785757,1735727100000000,0.22757,0.29903,0.355432,0.378115,0.0,3
7,5785758,1735727400000000,0.238286,0.24965,0.389055,0.404676,0.0,1
7,5785759,1735727700000000,0.223656,0.238775,0.372706,0.380765,0.0,7
7,5785760,1735728000000000,0.190396,0.243823,0.397842,0.398017,0.0,2
7,5785761,1735728300000000,0.213194,0.275802,0.360199,0.37306,0.0,1
7,5785762,1735728600000000,0.187521,0.254098,0.374716,0.395362,0.0,1
7,5785763,1735728900000000,0.579293,0.597785,0.477915,0.515084,0.010212,4
7,5785764,1735729200000000,0.583592,0.654161,0.466743,0.475842,0.027059,5
7,5785765,1735729500000000,0.584411,0.633175,0.511405,0.531895,0.000226,4
7,5785766,1735729800000000,0.228804,0.294661,0.344211,0.36687,0.0,3
7,5785767,1735730100000000,0.237423,0.242904,0.415121,0.44109,0.0,6
7,5785768,1735730400000000,0.191621,0.220173,0.390757,0.403899,0.0,4
7,5785769,1735730700000000,0.218064,0.260053,0.345718,0.349697,0.0,4
7,5785770,1735731000000000,0.194532,0.240688,0.376637,0.413491,0.0,3
7,5785771,1735731300000000,0.21355,0.221476,0.343955,0.382065,0.0,3
7,5785772,1735731600000000,0.249093,0.292185,0.32301,0.340539,0.0,1
7,5785773,1735731900000000,0.239678,0.292917,0.359998,0.383221,0.0,4
7,5785774,1735732200000000,0.231921,0.260849,0.37916,0.380321,0.0,2
7,5785775,1735732500000000,0.216731,0.25679,0.396712,0.398601,0.0,3
7,5785776,1735732800000000,0.564049,0.587454,0.503396,0.506463,0.00588,10
7,5785777,1735733100000000,0.5853,0.65494,0.541162,0.570712,0.006704,6
7,5785778,1735733400000000,0.239992,0.287929,0.344751,0.35384,0.0,6
7,5785779,1735733700000000,0.227378,0.27148,0.364514,0.371892,0.0,5
7,5785780,1735734000000000,0.191458,0.267006,0.432785,0.433118,0.0,1
7,5785781,1735734300000000,0.221883,0.275078,0.300416,0.301332,0.0,4
7,5785782,1735734600000000,0.591846,0.614232,0.489068,0.505283,0.016757,10
7,5785783,1735734900000000,0.640761,0.692101,0.481407,0.503074,0.007878,5
7,5785784,1735735200000000,0.613811,0.690741,0.507018,0.53018,0.121265,12
7,5785785,1735735500000000,0.197984,0.199868,0.351916,0.370233,0.0,5
7,5785786,1735735800000000,0.234723,0.28485,0.406239,0.424622,0.0,3
7,5785787,1735736100000000,0.230069,0.242616,0.390745,0.420871,0.0,5
7,5785788,1735736400000000,0.224183,0.2895,0.326239,0.337822,0.0,2
7,5785789,1735736700000000,0.259451,0.310705,0.367281,0.37679,0.001014,4
7,5785790,1735737000000000,0.23143,0.306389,0.380996,0.415169,0.0,3
7,5785791,1735737300000000,0.208391,0.261957,0.402512,0.430083,0.0,0
7,5785792,1735737600000000,0.229346,0.230723,0.477589,0.496664,0.0,4
7,5785793,1735737900000000,0.214851,0.255679,0.40331,0.414326,0.0,6
7,5785794,1735738200000000,0.242802,0.315095,0.344481,0.349944,0.0,3
7,5785795,1735738500000000,0.225058,0.243642,0.375016,0.376513,0.0,4
7,5785796,1735738800000000,0.226839,0.23347,0.386633,0.420727,0.0,3
7,5785797,1735739100000000,0.194037,0.251628,0.347137,0.370873,0.0,2
7,5785798,1735739400000000,0.221104,0.261305,0.396197,0.39803,0.0,1
7,5785799,1735739700000000,0.218987,0.222795,0.28579,0.292134,0.0,4
7,5785800,1735740000000000,0.201564,0.223957,0.392673,0.403856,0.0,3
7,5785801,1735740300000000,0.216013,0.242153,0.356549,0.367072,0.0,3
7,5785802,1735740600000000,0.227844,0.281272,0.375357,0.397293,0.0,1
7,5785803,1735740900000000,0.219922,0.25765,0.435602,0.451579,0.0,8
7,5785804,1735741200000000,0.194582,0.233557,0.317643,0.352932,0.0,5
7,5785805,1735741500000000,0.215082,0.27961,0.386188,0.414964,0.0,3
7,5785806,1735741800000000,0.211576,0.233849,0.405808,0.442238,0.0,2
7,5785807,1735742100000000,0.223483,0.277289,0.385033,0.419545,0.0,2
7,5785808,1735742400000000,0.22154,0.250944,0.312971,0.349826,0.0,1
7,5785809,1735742700000000,0.212591,0.246061,0.428423,0.467623,0.0,2
7,5785810,1735743000000000,0.211888,0.25636,0.365707,0.378175,0.0,1
7,5785811,1735743300000000,0.22121,0.276862,0.356322,0.364709,0.0,0
7,5785812,1735743600000000,0.237334,0.312949,0.370647,0.377254,0.0,5
7,5785813,1735743900000000,0.225016,0.246536,0.36347,0.388593,0.0,6
7,5785814,1735744200000000,0.245615,0.253915,0.338358,0.365597,0.0,5
7,5785815,1735744500000000,0.240397,0.274701,0.390737,0.394251,0.0,5
7,5785816,1735744800000000,0.24694,0.290678,0.36254,0.395383,0.0,5
7,5785817,1735745100000000,0.244635,0.262876,0.412458,0.443781,0.0,4
7,5785818,1735745400000000,0.248133,0.319373,0.40755,0.432689,0.0,4
7,5785819,1735745700000000,0.199243,0.263151,0.434762,0.452186,0.0,4
7,5785820,1735746000000000,0.231654,0.271147,0.372613,0.37876,0.0,1
7,5785821,1735746300000000,0.559045,0.59505,0.463536,0.48376,0.071948,7
7,5785822,1735746600000000,0.562298,0.565557,0.438015,0.444381,0.043998,4
7,5785823,1735746900000000,0.523242,0.566194,0.570869,0.595068,0.005541,7
7,5785824,1735747200000000,0.231833,0.279493,0.407626,0.420024,0.0,3
7,5785825,1735747500000000,0.221354,0.292684,0.349777,0.359669,0.0,6
7,5785826,1735747800000000,0.253247,0.293335,0.456363,0.474005,0.010363,1
7,5785827,1735748100000000,0.195029,0.207619,0.422507,0.445735,0.0,1
7,5785828,1735748400000000,0.206153,0.220557,0.318102,0.332801,0.0,5
7,5785829,1735748700000000,0.187409,0.200198,0.335454,0.373998,0.0,4
7,5785830,1735749000000000,0.589511,0.664593,0.501036,0.501272,0.037226,7
7,5785831,1735749300000000,0.627657,0.691128,0.476876,0.513391,0.039293,14
7,5785832,1735749600000000,0.219202,0.285183,0.372857,0.372885,0.0,7
7,5785833,1735749900000000,0.221819,0.289053,0.406115,0.414783,0.0,3
7,5785834,1735750200000000,0.229904,0.237555,0.325536,0.36539,0.0,2
7,5785835,1735750500000000,0.217907,0.274081,0.387987,0.417111,0.0,0
7,5785836,1735750800000000,0.226588,0.282935,0.426046,0.451826,0.0,5
7,5785837,1735751100000000,0.22706,0.245046,0.39548,0.424523,0.0,5
7,5785838,1735751400000000,0.20478,0.244033,0.368648,0.38498,0.0,4
7,5785839,1735751700000000,0.218307,0.271302,0.349683,0.381052,0.0,2
7,5785840,1735752000000000,0.233355,0.305142,0.414908,0.421103,0.0,2
7,5785841,1735752300000000,0.236714,0.245548,0.335773,0.367529,0.0,5
7,5785842,1735752600000000,0.243373,0.314748,0.394892,0.432473,0.0,5
7,5785843,1735752900000000,0.226038,0.299831,0.380134,0.414441,0.0,1
7,5785844,1735753200000000,0.226404,0.300293,0.424266,0.453852,0.0,3
7,5785845,1735753500000000,0.233503,0.23389,0.358416,0.384471,0.0,3
7,5785846,1735753800000000,0.209294,0.226974,0.353344,0.374187,0.0,2
7,5785847,1735754100000000,0.208556,0.263856,0.32332,0.339129,0.0,9
7,5785848,1735754400000000,0.217754,0.243493,0.393705,0.428331,0.0,5
7,5785849,1735754700000000,0.19705,0.201936,0.352015,0.377913,0.0,6
7,5785850,1735755000000000,0.227324,0.28836,0.345081,0.362477,0.0,3
7,5785851,1735755300000000,0.238883,0.241171,0.352937,0.384328,0.0,1
7,5785852,1735755600000000,0.207219,0.242901,0.394011,0.396175,0.0,7
7,5785853,1735755900000000,0.227833,0.303639,0.335623,0.368148,0.0,3
7,5785854,1735756200000000,0.208676,0.243894,0.33247,0.364898,0.0,8
7,5785855,1735756500000000,0.201702,0.274653,0.40645,0.415591,0.0,5
7,5785856,1735756800000000,0.257,0.28972,0.383305,0.384812,0.001165,3
7,5785857,1735757100000000,0.20196,0.229695,0.408904,0.437452,0.0,2
7,5785858,1735757400000000,0.196972,0.205563,0.354566,0.362561,0.0,6
7,5785859,1735757700000000,0.223865,0.252512,0.378308,0.418149,0.0,4
7,5785860,1735758000000000,0.224833,0.251792,0.384944,0.385311,0.0,2
7,5785861,1735758300000000,0.23201,0.299734,0.436695,0.445887,0.0,6
7,5785862,1735758600000000,0.256022,0.329615,0.441843,0.443525,0.002807,1
7,5785863,1735758900000000,0.206012,0.207766,0.418234,0.44954,0.0,1
7,5785864,1735759200000000,0.209588,0.217449,0.348203,0.371351,0.0,2
7,5785865,1735759500000000,0.248958,0.300417,0.347662,0.3816,0.0,2
7,5785866,1735759800000000,0.236904,0.275684,0.413348,0.451853,0.0,0
7,5785867,1735760100000000,0.234401,0.258152,0.437111,0.461516,0.0,3
7,5785868,1735760400000000,0.209382,0.230175,0.419797,0.429067,0.0,3
7,5785869,1735760700000000,0.240266,0.25824,0.384615,0.388321,0.0,5
7,5785870,1735761000000000,0.234457,0.276493,0.411172,0.445823,0.0,1
7,5785871,1735761300000000,0.223412,0.22481,0.40801,0.417814,0.0,3
7,5785872,1735761600000000,0.209471,0.268582,0.379273,0.415013,0.0,3
7,5785873,1735761900000000,0.221921,0.245952,0.385367,0.420499,0.0,2
7,5785874,1735762200000000,0.249673,0.283819,0.391313,0.416426,0.0,4
7,5785875,1735762500000000,0.200309,0.242473,0.338584,0.362744,0.0,2
7,5785876,1735762800000000,0.205604,0.222512,0.344519,0.382552,0.0,2
7,5785877,1735763100000000,0.2087,0.279396,0.344985,0.375226,0.0,4
7,5785878,1735763400000000,0.212605,0.267173,0.310442,0.337774,0.0,4
7,5785879,1735763700000000,0.219717,0.28934,0.382615,0.400045,0.0,1
7,5785880,1735764000000000,0.237254,0.27529,0.381416,0.400776,0.0,3
7,5785881,1735764300000000,0.228305,0.262902,0.410385,0.425942,0.0,5
7,5785882,1735764600000000,0.221095,0.240067,0.427812,0.465665,0.0,4
7,5785883,1735764900000000,0.224986,0.268573,0.431717,0.457242,0.0,5
7,5785884,1735765200000000,0.231232,0.278685,0.43767,0.468884,0.0,7
7,5785885,1735765500000000,0.189729,0.223323,0.336122,0.33761,0.0,2
7,5785886,1735765800000000,0.239289,0.250919,0.326473,0.36057,0.0,4
7,5785887,1735766100000000,0.205125,0.226973,0.409023,0.425729,0.0,2
7,5785888,1735766400000000,0.212017,0.213157,0.429491,0.458978,0.0,4
7,5785889,1735766700000000,0.226128,0.251659,0.441384,0.442985,0.0,3
7,5785890,1735767000000000,0.218643,0.265103,0.395925,0.43168,0.0,2
7,5785891,1735767300000000,0.228765,0.305222,0.3002,0.326593,0.0,6
7,5785892,1735767600000000,0.222553,0.236785,0.392518,0.410818,0.0,7
7,5785893,1735767900000000,0.214792,0.219229,0.397395,0.409537,0.0,4
7,5785894,1735768200000000,0.247518,0.271223,0.436714,0.449155,0.0,2
7,5785895,1735768500000000,0.232745,0.245289,0.438646,0.450782,0.0,6
7,5785896,1735768800000000,0.225438,0.28108,0.415289,0.42053,0.0,5
7,5785897,1735769100000000,0.232465,0.232925,0.357872,0.376424,0.0,7
7,5785898,1735769400000000,0.207304,0.285773,0.331392,0.349531,0.0,4
7,5785899,1735769700000000,0.259146,0.327599,0.41206,0.428537,0.072471,3
7,5785900,1735770000000000,0.63903,0.678284,0.491964,0.520088,0.044853,9
7,5785901,1735770300000000,0.660645,0.73432,0.590231,0.607024,0.023141,6
7,5785902,1735770600000000,0.653452,0.703697,0.460526,0.464086,0.000257,8
7,5785903,1735770900000000,0.652768,0.732269,0.551144,0.585227,0.063564,5
7,5785904,1735771200000000,0.211823,0.234088,0.38692,0.403924,0.0,4
7,5785905,1735771500000000,0.206109,0.285862,0.363868,0.390079,0.0,5
7,5785906,1735771800000000,0.24139,0.25581,0.347482,0.384678,0.0,0
7,5785907,1735772100000000,0.198315,0.226589,0.286939,0.317636,0.0,1
7,5785908,1735772400000000,0.237704,0.31253,0.361939,0.383491,0.0,3
7,5785909,1735772700000000,0.231674,0.261317,0.36053,0.382331,0.0,2
7,5785910,1735773000000000,0.213144,0.229931,0.41907,0.453051,0.0,2
7,5785911,1735773300000000,0.229587,0.234346,0.349041,0.381986,0.0,5
7,5785912,1735773600000000,0.217158,0.229074,0.394116,0.401262,0.0,4
7,5785913,1735773900000000,0.200182,0.2286,0.318374,0.343434,0.0,5
7,5785914,1735774200000000,0.200372,0.234071,0.38934,0.423969,0.0,4
7,5785915,1735774500000000,0.231798,0.275194,0.291621,0.323754,0.0,2
7,5785916,1735774800000000,0.230864,0.295951,0.464614,0.469603,0.0,1
7,5785917,1735775100000000,0.224356,0.225429,0.372882,0.39031,0.0,4
7,5785918,1735775400000000,0.212953,0.280242,0.262753,0.283483,0.0,4
7,5785919,1735775700000000,0.216572,0.262752,0.34709,0.357403,0.0,2
7,5785920,1735776000000000,0.21414,0.274658,0.339923,0.367103,0.0,1
7,5785921,1735776300000000,0.188555,0.249113,0.339762,0.358811,0.0,5
7,5785922,1735776600000000,0.221103,0.293359,0.3628,0.374701,0.0,2
7,5785923,1735776900000000,0.229404,0.236875,0.353787,0.367261,0.0,5
7,5785924,1735777200000000,0.221217,0.266938,0.344769,0.379036,0.0,2
7,5785925,1735777500000000,0.251845,0.324567,0.341798,0.376446,0.029251,6
7,5785926,1735777800000000,0.201918,0.259454,0.403543,0.436038,0.0,1
7,5785927,1735778100000000,0.2081,0.215827,0.42088,0.457435,0.0,1
7,5785928,1735778400000000,0.222394,0.271511,0.367655,0.405747,0.0,5
7,5785929,1735778700000000,0.224388,0.288378,0.37783,0.397503,0.0,4
7,5785930,1735779000000000,0.185778,0.207767,0.319969,0.323837,0.0,2
7,5785931,1735779300000000,0.230849,0.281448,0.383638,0.415641,0.0,2
8,5785632,1735689600000000,0.22975,0.262128,0.313072,0.338619,0.0,6
8,5785633,1735689900000000,0.219563,0.248025,0.375434,0.391845,0.0,2
8,5785634,1735690200000000,0.212808,0.238481,0.372755,0.406541,0.0,3
8,5785635,1735690500000000,0.200823,0.279258,0.353117,0.370273,0.0,2
8,5785636,1735690800000000,0.199631,0.245365,0.409113,0.433724,0.0,4
8,5785637,1735691100000000,0.226247,0.305601,0.389462,0.405378,0.0,1
8,5785638,1735691400000000,0.21902,0.246507,0.453676,0.463917,0.0,3
8,5785639,1735691700000000,0.212521,0.245638,0.418393,0.437246,0.0,3
8,5785640,1735692000000000,0.231967,0.248908,0.435776,0.464596,0.0,4
8,5785641,1735692300000000,0.216391,0.25082,0.32777,0.365883,0.0,5
8,5785642,1735692600000000,0.203563,0.208523,0.339004,0.34069,0.0,3
8,5785643,1735692900000000,0.215203,0.215248,0.346373,0.367647,0.0,5
8,5785644,1735693200000000,0.234771,0.271017,0.435095,0.460533,0.0,2
8,5785645,1735693500000000,0.201577,0.261259,0.331865,0.335294,0.0,3
8,5785646,1735693800000000,0.223767,0.258732,0.340801,0.373968,0.0,2
8,5785647,1735694100000000,0.219002,0.260443,0.331797,0.342835,0.0,5
8,5785648,1735694400000000,0.206305,0.241955,0.482328,0.517325,0.0,5
8,5785649,1735694700000000,0.21472,0.256864,0.369463,0.391567,0.0,3
8,5785650,1735695000000000,0.19171,0.253758,0.388294,0.394377,0.0,5
8,5785651,1735695300000000,0.221974,0.286276,0.332066,0.361635,0.0,3
8,5785652,1735695600000000,0.195435,0.262479,0.406773,0.413062,0.0,5
8,5785653,1735695900000000,0.239304,0.256298,0.31281,0.341625,0.0,6
8,5785654,1735696200000000,0.218344,0.254972,0.33726,0.369588,0.0,1
8,5785655,1735696500000000,0.209707,0.276188,0.344143,0.367164,0.0,1
8,5785656,1735696800000000,0.24089,0.31624,0.393066,0.40391,0.0,6
8,5785657,1735697100000000,0.201427,0.244865,0.338776,0.35627,0.0,3
8,5785658,1735697400000000,0.206542,0.245982,0.43325,0.45437,0.0,3
8,5785659,1735697700000000,0.187074,0.248241,0.385605,0.412236,0.0,4
8,5785660,1735698000000000,0.243571,0.322907,0.357666,0.383023,0.0,0
8,5785661,1735698300000000,0.253712,0.287786,0.428704,0.444721,0.014322,1
8,5785662,1735698600000000,0.189875,0.203083,0.350725,0.381052,0.0,1
8,5785663,1735698900000000,0.205316,0.272061,0.348243,0.3791,0.0,3
8,5785664,1735699200000000,0.221257,0.278091,0.413272,0.441126,0.0,4
8,5785665,1735699500000000,0.210717,0.222324,0.275638,0.286524,0.0,2
8,5785666,1735699800000000,0.219436,0.245317,0.406195,0.424971,0.0,4
8,5785667,1735700100000000,0.217883,0.262141,0.347735,0.365046,0.0,4
8,5785668,1735700400000000,0.227336,0.285853,0.350983,0.383655,0.0,4
8,5785669,1735700700000000,0.202703,0.265154,0.449271,0.481599,0.0,1
8,5785670,1735701000000000,0.223468,0.235926,0.356965,0.391608,0.0,5
8,5785671,1735701300000000,0.19991,0.21725,0.408205,0.417452,0.0,4
8,5785672,1735701600000000,0.212587,0.272116,0.385575,0.415513,0.0,5
8,5785673,1735701900000000,0.188738,0.198027,0.381378,0.416194,0.0,2
8,5785674,1735702200000000,0.212718,0.252571,0.36443,0.371089,0.0,3
8,5785675,1735702500000000,0.209691,0.25337,0.361283,0.362881,0.0,2
8,5785676,1735702800000000,0.236984,0.264133,0.444064,0.448284,0.0,1
8,5785677,1735703100000000,0.218933,0.28264,0.413845,0.438093,0.0,6
8,5785678,1735703400000000,0.222205,0.226638,0.357785,0.37465,0.0,0
8,5785679,1735703700000000,0.219596,0.281791,0.335024,0.342826,0.0,5
8,5785680,1735704000000000,0.181676,0.233359,0.340208,0.36134,0.0,3
8,5785681,1735704300000000,0.184055,0.224632,0.403679,0.4351,0.0,5
8,5785682,1735704600000000,0.214264,0.284054,0.42214,0.456373,0.0,2
8,5785683,1735704900000000,0.225014,0.241194,0.400953,0.431022,0.0,3
8,5785684,1735705200000000,0.215772,0.279834,0.31085,0.34627,0.0,3
8,5785685,1735705500000000,0.204447,0.219469,0.401708,0.425875,0.0,7
8,5785686,1735705800000000,0.215674,0.29491,0.427629,0.461112,0.0,4
8,5785687,1735706100000000,0.214112,0.216734,0.381882,0.398569,0.0,3
8,5785688,1735706400000000,0.234022,0.278278,0.4611,0.495199,0.0,3
8,5785689,1735706700000000,0.233014,0.246456,0.328716,0.364549,0.0,2
8,5785690,1735707000000000,0.210039,0.242677,0.400906,0.428362,0.0,2
8,5785691,1735707300000000,0.219101,0.230937,0.335877,0.353119,0.0,4
8,5785692,1735707600000000,0.224972,0.240478,0.421082,0.432349,0.0,8
8,5785693,1735707900000000,0.227644,0.232522,0.40419,0.417197,0.0,7
8,5785694,1735708200000000,0.249747,0.250387,0.459466,0.46476,0.0,3
8,5785695,1735708500000000,0.219493,0.277038,0.396811,0.398698,0.0,6
8,5785696,1735708800000000,0.241037,0.277314,0.368203,0.38478,0.0,1
8,5785697,1735709100000000,0.199119,0.202766,0.350049,0.351755,0.0,4
8,5785698,1735709400000000,0.208522,0.283639,0.362976,0.398199,0.0,6
8,5785699,1735709700000000,0.181555,0.234804,0.343115,0.369114,0.0,3
8,5785700,1735710000000000,0.222724,0.243865,0.431838,0.465584,0.0,3
8,5785701,1735710300000000,0.588628,0.623724,0.557045,0.574822,0.042297,2
8,5785702,1735710600000000,0.530976,0.570117,0.425979,0.434937,0.021772,4
8,5785703,1735710900000000,0.549389,0.594983,0.493821,0.505432,0.036146,4
8,5785704,1735711200000000,0.556876,0.625472,0.497406,0.531596,0.073518,5
8,5785705,1735711500000000,0.55585,0.603042,0.463296,0.468171,0.015735,7
8,5785706,1735711800000000,0.524474,0.602773,0.501096,0.529027,0.047889,5
8,5785707,1735712100000000,0.233916,0.292061,0.440305,0.449332,0.0,3
8,5785708,1735712400000000,0.220167,0.299249,0.412731,0.426858,0.0,4
8,5785709,1735712700000000,0.230639,0.274699,0.434606,0.434728,0.0,2
8,5785710,1735713000000000,0.217735,0.272011,0.347468,0.366632,0.0,4
8,5785711,1735713300000000,0.226859,0.285891,0.380861,0.385995,0.0,3
8,5785712,1735713600000000,0.239966,0.300346,0.353362,0.387748,0.0,2
8,5785713,1735713900000000,0.216328,0.218282,0.385292,0.389201,0.0,1
8,5785714,1735714200000000,0.225114,0.235312,0.391968,0.401983,0.0,3
8,5785715,1735714500000000,0.242496,0.260714,0.423267,0.423859,0.0,2
8,5785716,1735714800000000,0.217602,0.239321,0.4287,0.468415,0.0,1
8,5785717,1735715100000000,0.199743,0.272172,0.397469,0.423127,0.0,1
8,5785718,1735715400000000,0.232169,0.289977,0.346852,0.372595,0.0,4
8,5785719,1735715700000000,0.245828,0.25729,0.331953,0.352707,0.0,8
8,5785720,1735716000000000,0.243198,0.277306,0.40592,0.440642,0.0,2
8,5785721,1735716300000000,0.23287,0.252319,0.441525,0.447293,0.0,5
8,5785722,1735716600000000,0.177805,0.244194,0.36124,0.392954,0.0,4
8,5785723,1735716900000000,0.208555,0.281979,0.311899,0.344183,0.0,2
8,5785724,1735717200000000,0.209477,0.22262,0.456707,0.458152,0.0,4
8,5785725,1735717500000000,0.220808,0.254133,0.396859,0.402166,0.0,1
8,5785726,1735717800000000,0.250389,0.326616,0.394482,0.416368,0.038163,4
8,5785727,1735718100000000,0.20055,0.253117,0.323474,0.327081,0.0,3
8,5785728,1735718400000000,0.26036,0.329807,0.391775,0.403069,0.030882,5
8,5785729,1735718700000000,0.213118,0.241734,0.402067,0.418214,0.0,6
8,5785730,1735719000000000,0.206196,0.222972,0.392289,0.398578,0.0,1
8,5785731,1735719300000000,0.235214,0.290518,0.355129,0.383295,0.0,2
8,5785732,1735719600000000,0.236637,0.247632,0.38054,0.400343,0.0,0
8,5785733,1735719900000000,0.231699,0.298891,0.356454,0.382047,0.0,4
8,5785734,1735720200000000,0.20615,0.266537,0.438719,0.457691,0.0,0
8,5785735,1735720500000000,0.229037,0.253429,0.415958,0.432457,0.0,3
8,5785736,1735720800000000,0.201396,0.241293,0.349515,0.369211,0.0,4
8,5785737,1735721100000000,0.20565,0.269585,0.325239,0.361219,0.0,3
8,5785738,1735721400000000,0.218292,0.293085,0.387515,0.403356,0.0,3
8,5785739,1735721700000000,0.205241,0.233413,0.352122,0.377812,0.0,3
8,5785740,1735722000000000,0.238949,0.302149,0.3669,0.400259,0.0,3
8,5785741,1735722300000000,0.209593,0.22515,0.327949,0.352793,0.0,3
8,5785742,1735722600000000,0.216032,0.288315,0.335155,0.344197,0.0,3
8,5785743,1735722900000000,0.204156,0.259056,0.377962,0.38284,0.0,5
8,5785744,1735723200000000,0.238677,0.250896,0.372862,0.396497,0.0,4
8,5785745,1735723500000000,0.20801,0.267196,0.472664,0.50176,0.0,3
8,5785746,1735723800000000,0.240556,0.298481,0.407965,0.438714,0.0,1
8,5785747,1735724100000000,0.239234,0.298618,0.337664,0.365416,0.0,2
8,5785748,1735724400000000,0.211973,0.239563,0.312765,0.312903,0.0,5
8,5785749,1735724700000000,0.220534,0.279718,0.393114,0.424067,0.0,4
8,5785750,1735725000000000,0.211473,0.277599,0.358141,0.382326,0.0,2
8,5785751,1735725300000000,0.229823,0.257593,0.433697,0.473224,0.0,1
8,5785752,1735725600000000,0.2165,0.233136,0.387049,0.417633,0.0,3
8,5785753,1735725900000000,0.212485,0.283516,0.295069,0.312277,0.0,1
8,5785754,1735726200000000,0.220831,0.270487,0.336514,0.36356,0.0,5
8,5785755,1735726500000000,0.570723,0.607554,0.472742,0.497379,0.036854,5
8,5785756,1735726800000000,0.597838,0.668217,0.526925,0.54042,0.022143,0
8,5785757,1735727100000000,0.610896,0.621776,0.471703,0.493045,0.04928,3
8,5785758,1735727400000000,0.222485,0.287332,0.383982,0.392158,0.0,5
8,5785759,1735727700000000,0.23713,0.276396,0.329549,0.333063,0.0,6
8,5785760,1735728000000000,0.213209,0.216611,0.37487,0.404191,0.0,3
8,5785761,1735728300000000,0.211733,0.289542,0.388907,0.404273,0.0,0
8,5785762,1735728600000000,0.199888,0.262134,0.428421,0.45865,0.0,8
8,5785763,1735728900000000,0.212697,0.229877,0.384267,0.4038,0.0,3
8,5785764,1735729200000000,0.255386,0.329282,0.356716,0.389107,0.026067,5
8,5785765,1735729500000000,0.22496,0.299787,0.438456,0.46804,0.0,1
8,5785766,1735729800000000,0.20946,0.273498,0.365984,0.396549,0.0,3
8,5785767,1735730100000000,0.201889,0.212063,0.401604,0.418777,0.0,2
8,5785768,1735730400000000,0.191226,0.206137,0.342413,0.380861,0.0,0
8,5785769,1735730700000000,0.205053,0.265376,0.3754,0.39161,0.0,1
8,5785770,1735731000000000,0.233665,0.30677,0.349732,0.381458,0.0,5
8,5785771,1735731300000000,0.212313,0.229515,0.3872,0.406784,0.0,3
8,5785772,1735731600000000,0.202753,0.239619,0.403117,0.41252,0.0,1
8,5785773,1735731900000000,0.204733,0.217116,0.351864,0.377021,0.0,2
8,5785774,1735732200000000,0.231691,0.269931,0.359051,0.377816,0.0,0
8,5785775,1735732500000000,0.218537,0.26994,0.390761,0.401324,0.0,3
8,5785776,1735732800000000,0.20871,0.210195,0.340048,0.355349,0.0,3
8,5785777,1735733100000000,0.214449,0.265883,0.314339,0.320737,0.0,4
8,5785778,1735733400000000,0.259706,0.310886,0.405025,0.444507,0.024743,6
8,5785779,1735733700000000,0.621093,0.657494,0.513075,0.538802,0.081332,6
8,5785780,1735734000000000,0.625575,0.697207,0.513797,0.520739,0.025526,9
8,5785781,1735734300000000,0.567602,0.578387,0.519503,0.550087,0.04758,4
8,5785782,1735734600000000,0.21728,0.221385,0.402478,0.426553,0.0,1
8,5785783,1735734900000000,0.208394,0.24806,0.366498,0.3954,0.0,4
8,5785784,1735735200000000,0.229789,0.272432,0.335519,0.358899,0.0,4
8,5785785,1735735500000000,0.239077,0.260412,0.358133,0.360552,0.0,1
8,5785786,1735735800000000,0.225876,0.302806,0.402455,0.410585,0.0,2
8,5785787,1735736100000000,0.204296,0.224594,0.37696,0.407709,0.0,4
8,5785788,1735736400000000,0.208102,0.229715,0.350845,0.381019,0.0,1
8,5785789,1735736700000000,0.23117,0.296049,0.349534,0.379689,0.0,4
8,5785790,1735737000000000,0.232961,0.306787,0.406249,0.406858,0.0,7
8,5785791,1735737300000000,0.222537,0.265428,0.369022,0.401228,0.0,0
8,5785792,1735737600000000,0.222336,0.223861,0.407926,0.425491,0.0,5
8,5785793,1735737900000000,0.220902,0.249337,0.412489,0.440236,0.0,3
8,5785794,1735738200000000,0.224844,0.242759,0.366182,0.377065,0.0,3
8,5785795,1735738500000000,0.232887,0.273769,0.419496,0.450278,0.0,2
8,5785796,1735738800000000,0.231343,0.285949,0.386506,0.425798,0.0,3
8,5785797,1735739100000000,0.220425,0.251819,0.387859,0.398,0.0,6
8,5785798,1735739400000000,0.219117,0.262106,0.289141,0.320509,0.0,3
8,5785799,1735739700000000,0.218429,0.279217,0.337613,0.361811,0.0,4
8,5785800,1735740000000000,0.205954,0.225646,0.335416,0.34634,0.0,2
8,5785801,1735740300000000,0.205725,0.221403,0.359258,0.371032,0.0,2
8,5785802,1735740600000000,0.229791,0.294242,0.385001,0.414266,0.0,6
8,5785803,1735740900000000,0.207168,0.21013,0.378719,0.390093,0.0,1
8,5785804,1735741200000000,0.234651,0.246699,0.393558,0.395469,0.0,5
8,5785805,1735741500000000,0.219076,0.220064,0.349279,0.384237,0.0,4
8,5785806,1735741800000000,0.234753,0.279184,0.409818,0.433376,0.0,1
8,5785807,1735742100000000,0.231465,0.279472,0.453384,0.483723,0.0,3
8,5785808,1735742400000000,0.235173,0.277655,0.368177,0.392306,0.0,4
8,5785809,1735742700000000,0.211425,0.244567,0.347452,0.36811,0.0,3
8,5785810,1735743000000000,0.22736,0.269683,0.352163,0.382962,0.0,3
8,5785811,1735743300000000,0.233282,0.248797,0.385067,0.386354,0.0,1
8,5785812,1735743600000000,0.192076,0.258176,0.346196,0.358672,0.0,5
8,5785813,1735743900000000,0.25063,0.329092,0.318508,0.343606,0.036175,2
8,5785814,1735744200000000,0.260787,0.304037,0.333005,0.370764,0.008246,4
8,5785815,1735744500000000,0.237051,0.267,0.423776,0.439522,0.0,3
8,5785816,1735744800000000,0.234506,0.297848,0.433349,0.47236,0.0,3
8,5785817,1735745100000000,0.230598,0.246043,0.444705,0.474916,0.0,2
8,5785818,1735745400000000,0.214178,0.23984,0.384015,0.40341,0.0,1
8,5785819,1735745700000000,0.218017,0.293215,0.33667,0.353836,0.0,2
8,5785820,1735746000000000,0.237359,0.252263,0.365555,0.370733,0.0,2
8,5785821,1735746300000000,0.202482,0.211451,0.311213,0.335821,0.0,6
8,5785822,1735746600000000,0.200907,0.244615,0.309122,0.311216,0.0,2
8,5785823,1735746900000000,0.212848,0.259841,0.384707,0.40187,0.0,1
8,5785824,1735747200000000,0.231813,0.279585,0.402695,0.412203,0.0,4
8,5785825,1735747500000000,0.204413,0.217571,0.44988,0.488131,0.0,2
8,5785826,1735747800000000,0.215943,0.273634,0.372256,0.386787,0.0,3
8,5785827,1735748100000000,0.21808,0.237462,0.322015,0.341585,0.0,2
8,5785828,1735748400000000,0.201786,0.277635,0.365748,0.380768,0.0,3
8,5785829,1735748700000000,0.176084,0.194321,0.350331,0.35582,0.0,2
8,5785830,1735749000000000,0.201523,0.202908,0.350884,0.364987,0.0,5
8,5785831,1735749300000000,0.224696,0.270124,0.392394,0.423554,0.0,1
8,5785832,1735749600000000,0.228751,0.244978,0.331484,0.356332,0.0,5
8,5785833,1735749900000000,0.228899,0.279184,0.385343,0.40284,0.0,2
8,5785834,1735750200000000,0.230972,0.249309,0.406903,0.439726,0.0,1
8,5785835,1735750500000000,0.208725,0.242972,0.429843,0.430009,0.0,4
8,5785836,1735750800000000,0.204869,0.21923,0.384119,0.417183,0.0,4
8,5785837,1735751100000000,0.226751,0.261056,0.421088,0.423469,0.0,2
8,5785838,1735751400000000,0.216189,0.22711,0.35791,0.392721,0.0,2
8,5785839,1735751700000000,0.236327,0.263365,0.370543,0.408446,0.0,3
8,5785840,1735752000000000,0.226865,0.242779,0.433317,0.466083,0.0,5
8,5785841,1735752300000000,0.243109,0.308397,0.330225,0.331008,0.0,6
8,5785842,1735752600000000,0.21162,0.269969,0.357942,0.37899,0.0,5
8,5785843,1735752900000000,0.239216,0.252561,0.428863,0.462015,0.0,7
8,5785844,1735753200000000,0.256624,0.263257,0.381374,0.403175,0.055262,3
8,5785845,1735753500000000,0.220967,0.223027,0.365914,0.380312,0.0,3
8,5785846,1735753800000000,0.228988,0.247121,0.369532,0.38836,0.0,3
8,5785847,1735754100000000,0.20325,0.241665,0.375824,0.379052,0.0,5
8,5785848,1735754400000000,0.236093,0.268084,0.426076,0.445928,0.0,1
8,5785849,1735754700000000,0.240323,0.318043,0.421082,0.422196,0.0,4
8,5785850,1735755000000000,0.2111,0.27448,0.374343,0.400108,0.0,7
8,5785851,1735755300000000,0.230551,0.236806,0.424388,0.440006,0.0,3
8,5785852,1735755600000000,0.225049,0.237763,0.392439,0.400092,0.0,3
8,5785853,1735755900000000,0.227034,0.229162,0.413827,0.414522,0.0,6
8,5785854,1735756200000000,0.234616,0.245674,0.340981,0.377866,0.0,6
8,5785855,1735756500000000,0.22934,0.271694,0.449811,0.472064,0.0,5
8,5785856,1735756800000000,0.217498,0.223637,0.384933,0.410811,0.0,2
8,5785857,1735757100000000,0.234999,0.239789,0.272317,0.303492,0.0,2
8,5785858,1735757400000000,0.240013,0.249466,0.450386,0.475449,0.0,1
8,5785859,1735757700000000,0.210025,0.263578,0.373711,0.390235,0.0,3
8,5785860,1735758000000000,0.219968,0.221516,0.361169,0.386272,0.0,4
8,5785861,1735758300000000,0.188164,0.265734,0.34163,0.351731,0.0,4
8,5785862,1735758600000000,0.230505,0.260968,0.398257,0.420711,0.0,4
8,5785863,1735758900000000,0.242016,0.268943,0.34917,0.357394,0.0,5
8,5785864,1735759200000000,0.215369,0.253354,0.352303,0.389,0.0,2
8,5785865,1735759500000000,0.222402,0.263831,0.355726,0.376108,0.0,6
8,5785866,1735759800000000,0.216036,0.249638,0.363923,0.373277,0.0,6
8,5785867,1735760100000000,0.21309,0.251996,0.353973,0.379558,0.0,3
8,5785868,1735760400000000,0.224179,0.251358,0.412575,0.416188,0.0,5
8,5785869,1735760700000000,0.205884,0.231644,0.382902,0.400263,0.0,2
8,5785870,1735761000000000,0.215765,0.21795,0.391239,0.425878,0.0,2
8,5785871,1735761300000000,0.203718,0.257462,0.395725,0.42644,0.0,5
8,5785872,1735761600000000,0.230603,0.279985,0.376987,0.405125,0.0,4
8,5785873,1735761900000000,0.224306,0.277812,0.337695,0.356519,0.0,4
8,5785874,1735762200000000,0.212238,0.287522,0.44649,0.464365,0.0,3
8,5785875,1735762500000000,0.220667,0.258514,0.414335,0.414787,0.0,4
8,5785876,1735762800000000,0.216027,0.286569,0.440123,0.464124,0.0,2
8,5785877,1735763100000000,0.24059,0.276106,0.425588,0.448668,0.0,4
8,5785878,1735763400000000,0.212062,0.250271,0.355807,0.356018,0.0,3
8,5785879,1735763700000000,0.231431,0.282067,0.287082,0.292563,0.0,2
8,5785880,1735764000000000,0.207306,0.224578,0.323393,0.323891,0.0,3
8,5785881,1735764300000000,0.234656,0.252045,0.407591,0.417718,0.0,2
8,5785882,1735764600000000,0.238671,0.279458,0.379465,0.379619,0.0,1
8,5785883,1735764900000000,0.239521,0.24501,0.367038,0.383733,0.0,2
8,5785884,1735765200000000,0.246478,0.265411,0.286445,0.305501,0.0,3
8,5785885,1735765500000000,0.225264,0.288737,0.378317,0.395801,0.0,3
8,5785886,1735765800000000,0.242283,0.279382,0.341528,0.349503,0.0,4
8,5785887,1735766100000000,0.249235,0.251365,0.358257,0.379199,0.0,3
8,5785888,1735766400000000,0.199803,0.204662,0.403935,0.436499,0.0,5
8,5785889,1735766700000000,0.652992,0.726553,0.487381,0.49903,0.001727,5
8,5785890,1735767000000000,0.636928,0.713465,0.485577,0.49808,0.033773,10
8,5785891,1735767300000000,0.239101,0.290389,0.391108,0.412821,0.0,4
8,5785892,1735767600000000,0.192846,0.207642,0.402391,0.411741,0.0,3
8,5785893,1735767900000000,0.187963,0.21741,0.349679,0.36319,0.0,1
8,5785894,1735768200000000,0.200247,0.224684,0.428775,0.446873,0.0,2
8,5785895,1735768500000000,0.18871,0.251523,0.314902,0.330354,0.0,3
8,5785896,1735768800000000,0.224899,0.267866,0.320552,0.353282,0.0,2
8,5785897,1735769100000000,0.200478,0.262851,0.308596,0.342556,0.0,4
8,5785898,1735769400000000,0.189575,0.218416,0.300264,0.316379,0.0,1
8,5785899,1735769700000000,0.548892,0.618453,0.505574,0.523486,0.013458,2
8,5785900,1735770000000000,0.549954,0.584287,0.453372,0.491648,0.091327,4
8,5785901,1735770300000000,0.515989,0.549379,0.424189,0.444312,0.051923,9
8,5785902,1735770600000000,0.536799,0.575927,0.503071,0.542793,0.061585,4
8,5785903,1735770900000000,0.218656,0.266001,0.409488,0.44,0.0,3
8,5785904,1735771200000000,0.213577,0.285106,0.416786,0.427356,0.0,4
8,5785905,1735771500000000,0.214069,0.25069,0.409936,0.419099,0.0,1
8,5785906,1735771800000000,0.241227,0.315638,0.347705,0.354068,0.0,2
8,5785907,1735772100000000,0.638713,0.670206,0.534593,0.566839,0.03352,7
8,5785908,1735772400000000,0.594435,0.620401,0.527927,0.540202,0.024822,3
8,5785909,1735772700000000,0.576281,0.599885,0.482703,0.509735,0.000835,7
8,5785910,1735773000000000,0.215778,0.21747,0.382112,0.403718,0.0,5
8,5785911,1735773300000000,0.223497,0.291429,0.328159,0.361199,0.0,6
8,5785912,1735773600000000,0.219041,0.22538,0.35156,0.381593,0.0,4
8,5785913,1735773900000000,0.230992,0.257739,0.395719,0.398269,0.0,0
8,5785914,1735774200000000,0.259814,0.279851,0.451237,0.464774,0.008053,4
8,5785915,1735774500000000,0.189164,0.248719,0.412265,0.433069,0.0,4
8,5785916,1735774800000000,0.210873,0.28548,0.40024,0.432385,0.0,1
8,5785917,1735775100000000,0.247741,0.313077,0.389897,0.418458,0.0,1
8,5785918,1735775400000000,0.614355,0.639955,0.512015,0.533991,0.074582,7
8,5785919,1735775700000000,0.637962,0.674423,0.465383,0.497718,0.072417,3
8,5785920,1735776000000000,0.635108,0.654871,0.488867,0.506265,0.002106,8
8,5785921,1735776300000000,0.646015,0.719934,0.493991,0.496218,0.013248,3
8,5785922,1735776600000000,0.25444,0.26394,0.412044,0.446866,0.005722,5
8,5785923,1735776900000000,0.225995,0.302152,0.416896,0.43796,0.0,5
8,5785924,1735777200000000,0.188575,0.253668,0.395464,0.4278,0.0,3
8,5785925,1735777500000000,0.207393,0.264319,0.419894,0.435577,0.0,6
8,5785926,1735777800000000,0.259349,0.321268,0.393662,0.417205,0.111879,5
8,5785927,1735778100000000,0.194544,0.221692,0.328773,0.342017,0.0,6
8,5785928,1735778400000000,0.228943,0.252613,0.378133,0.394516,0.0,3
8,5785929,1735778700000000,0.174739,0.205253,0.332165,0.338061,0.0,2
8,5785930,1735779000000000,0.195678,0.210207,0.394802,0.424466,0.0,4
8,5785931,1735779300000000,0.235965,0.295674,0.368224,0.379436,0.0,3
9,5785632,1735689600000000,0.219024,0.263384,0.392068,0.424043,0.0,3
9,5785633,1735689900000000,0.232087,0.291958,0.384898,0.424301,0.0,2
9,5785634,1735690200000000,0.225922,0.248627,0.399075,0.432845,0.0,4
9,5785635,1735690500000000,0.204335,0.210892,0.29825,0.314555,0.0,4
9,5785636,1735690800000000,0.229663,0.234688,0.390034,0.42507,0.0,5
9,5785637,1735691100000000,0.210195,0.275368,0.439176,0.456526,0.0,2
9,5785638,1735691400000000,0.251332,0.263488,0.396766,0.401324,0.011056,5
9,5785639,1735691700000000,0.227724,0.293644,0.383043,0.404968,0.0,2
9,5785640,1735692000000000,0.207397,0.228618,0.348754,0.385384,0.0,3
9,5785641,1735692300000000,0.226161,0.269463,0.398866,0.430247,0.0,2
9,5785642,1735692600000000,0.203353,0.224306,0.36337,0.379448,0.0,2
9,5785643,1735692900000000,0.22464,0.228647,0.430996,0.465191,0.0,3
9,5785644,1735693200000000,0.215937,0.25932,0.341033,0.359601,0.0,4
9,5785645,1735693500000000,0.205116,0.234486,0.353699,0.381082,0.0,1
9,5785646,1735693800000000,0.20489,0.239699,0.347676,0.361002,0.0,2
9,5785647,1735694100000000,0.263829,0.311954,0.465723,0.473512,0.032646,6
9,5785648,1735694400000000,0.221645,0.246738,0.369985,0.382524,0.0,6
9,5785649,1735694700000000,0.212229,0.257333,0.352357,0.387364,0.0,5
9,5785650,1735695000000000,0.209111,0.261733,0.289565,0.329156,0.0,3
9,5785651,1735695300000000,0.228481,0.235645,0.343513,0.35407,0.0,2
9,5785652,1735695600000000,0.208507,0.236515,0.394093,0.400707,0.0,4
9,5785653,1735695900000000,0.200297,0.207493,0.391059,0.393902,0.0,5
9,5785654,1735696200000000,0.219417,0.219971,0.350748,0.3809,0.0,3
9,5785655,1735696500000000,0.219281,0.223379,0.352922,0.374042,0.0,4
9,5785656,1735696800000000,0.212493,0.259871,0.448768,0.471012,0.0,4
9,5785657,1735697100000000,0.203957,0.210701,0.47924,0.481048,0.0,5
9,5785658,1735697400000000,0.212963,0.282443,0.420528,0.42377,0.0,2
9,5785659,1735697700000000,0.211547,0.272302,0.436412,0.472997,0.0,2
9,5785660,1735698000000000,0.638785,0.63949,0.594432,0.617501,0.177901,4
9,5785661,1735698300000000,0.654712,0.700572,0.617732,0.6265,0.191682,4
9,5785662,1735698600000000,0.260072,0.260892,0.378948,0.387247,0.105026,3
9,5785663,1735698900000000,0.243972,0.252707,0.350259,0.359896,0.0,5
9,5785664,1735699200000000,0.254955,0.334014,0.462574,0.465124,0.028479,3
9,5785665,1735699500000000,0.209782,0.246343,0.334852,0.336842,0.0,2
9,5785666,1735699800000000,0.250144,0.252321,0.346407,0.375206,0.061052,4
9,5785667,1735700100000000,0.224091,0.292116,0.338206,0.348757,0.0,5
9,5785668,1735700400000000,0.237755,0.311142,0.377958,0.393337,0.0,5
9,5785669,1735700700000000,0.228239,0.272109,0.300508,0.322003,0.0,6
9,5785670,1735701000000000,0.213821,0.270297,0.317513,0.330316,0.0,2
9,5785671,1735701300000000,0.232951,0.295361,0.356639,0.375791,0.0,1
9,5785672,1735701600000000,0.228729,0.287502,0.332218,0.366818,0.0,3
9,5785673,1735701900000000,0.188173,0.227734,0.408357,0.418121,0.0,3
9,5785674,1735702200000000,0.217766,0.284381,0.376484,0.408134,0.0,2
9,5785675,1735702500000000,0.235703,0.27789,0.405577,0.416135,0.0,5
9,5785676,1735702800000000,0.224994,0.245754,0.397449,0.404927,0.0,0
9,5785677,1735703100000000,0.22845,0.228776,0.371687,0.374593,0.0,1
9,5785678,1735703400000000,0.206474,0.235162,0.411791,0.439159,0.0,0
9,5785679,1735703700000000,0.224612,0.231219,0.3967,0.413165,0.0,3
9,5785680,1735704000000000,0.218266,0.223328,0.363657,0.394474,0.0,4
9,5785681,1735704300000000,0.216338,0.253876,0.308362,0.313669,0.0,1
9,5785682,1735704600000000,0.207773,0.283267,0.393547,0.417681,0.0,4
9,5785683,1735704900000000,0.236468,0.244909,0.332312,0.332831,0.0,3
9,5785684,1735705200000000,0.226218,0.248118,0.394388,0.403741,0.0,2
9,5785685,1735705500000000,0.224402,0.290808,0.381696,0.406082,0.0,2
9,5785686,1735705800000000,0.256914,0.289061,0.335505,0.337747,0.00429,8
9,5785687,1735706100000000,0.228528,0.289233,0.390321,0.40541,0.0,6
9,5785688,1735706400000000,0.241609,0.284996,0.392216,0.414682,0.0,3
9,5785689,1735706700000000,0.224913,0.273227,0.386517,0.415621,0.0,1
9,5785690,1735707000000000,0.213643,0.226535,0.380655,0.408881,0.0,1
9,5785691,1735707300000000,0.200936,0.229118,0.344232,0.350159,0.0,4
9,5785692,1735707600000000,0.224345,0.274085,0.402185,0.405192,0.0,4
9,5785693,1735707900000000,0.172057,0.174199,0.332714,0.347768,0.0,3
9,5785694,1735708200000000,0.224904,0.239971,0.335733,0.345365,0.0,1
9,5785695,1735708500000000,0.225677,0.256597,0.405972,0.4182,0.0,2
9,5785696,1735708800000000,0.216084,0.270051,0.413087,0.426786,0.0,6
9,5785697,1735709100000000,0.218337,0.259104,0.400666,0.416553,0.0,5
9,5785698,1735709400000000,0.197479,0.254978,0.36083,0.381574,0.0,11
9,5785699,1735709700000000,0.244941,0.30309,0.308151,0.308523,0.0,9
9,5785700,1735710000000000,0.213929,0.216414,0.434143,0.446063,0.0,4
9,5785701,1735710300000000,0.202502,0.274639,0.292672,0.303247,0.0,5
9,5785702,1735710600000000,0.229804,0.295741,0.403874,0.413323,0.0,1
9,5785703,1735710900000000,0.221994,0.243679,0.462107,0.493652,0.0,3
9,5785704,1735711200000000,0.21355,0.252312,0.380721,0.390773,0.0,4
9,5785705,1735711500000000,0.211647,0.236299,0.385726,0.391764,0.0,6
9,5785706,1735711800000000,0.219899,0.29243,0.392137,0.42621,0.0,0
9,5785707,1735712100000000,0.244225,0.27485,0.393405,0.408723,0.0,2
9,5785708,1735712400000000,0.228452,0.260136,0.473983,0.481344,0.0,3
9,5785709,1735712700000000,0.219381,0.292334,0.343057,0.373105,0.0,4
9,5785710,1735713000000000,0.235344,0.283399,0.343621,0.369908,0.0,4
9,5785711,1735713300000000,0.220496,0.231525,0.364073,0.401885,0.0,4
9,5785712,1735713600000000,0.227228,0.277309,0.449163,0.484275,0.0,5
9,5785713,1735713900000000,0.22272,0.286276,0.354877,0.38265,0.0,3
9,5785714,1735714200000000,0.230616,0.257643,0.397928,0.404367,0.0,3
9,5785715,1735714500000000,0.212005,0.254166,0.417042,0.436369,0.0,6
9,5785716,1735714800000000,0.199492,0.249639,0.400981,0.405733,0.0,4
9,5785717,1735715100000000,0.236323,0.277157,0.423436,0.445412,0.0,0
9,5785718,1735715400000000,0.247089,0.327019,0.4432,0.479872,0.0,3
9,5785719,1735715700000000,0.200346,0.24089,0.38245,0.382603,0.0,1
9,5785720,1735716000000000,0.223227,0.274697,0.359848,0.394888,0.0,8
9,5785721,1735716300000000,0.21192,0.275407,0.380061,0.401634,0.0,2
9,5785722,1735716600000000,0.235901,0.246827,0.369003,0.375053,0.0,7
9,5785723,1735716900000000,0.22444,0.227952,0.479416,0.513651,0.0,3
9,5785724,1735717200000000,0.279895,0.357734,0.376657,0.398133,0.038687,7
9,5785725,1735717500000000,0.214574,0.273155,0.394427,0.412353,0.0,1
9,5785726,1735717800000000,0.247671,0.279134,0.32665,0.346639,0.0,4
9,5785727,1735718100000000,0.249423,0.250837,0.392611,0.398506,0.0,4
9,5785728,1735718400000000,0.642488,0.6558,0.513386,0.517896,0.049908,9
9,5785729,1735718700000000,0.63355,0.63433,0.54877,0.575232,0.006,8
9,5785730,1735719000000000,0.63459,0.666306,0.550177,0.585393,0.032419,8
9,5785731,1735719300000000,0.633066,0.677455,0.578253,0.606032,0.015442,5
9,5785732,1735719600000000,0.240399,0.253246,0.437643,0.471274,0.0,2
9,5785733,1735719900000000,0.204293,0.255481,0.36885,0.402641,0.0,3
9,5785734,1735720200000000,0.217102,0.293442,0.33821,0.339492,0.0,5
9,5785735,1735720500000000,0.214921,0.294157,0.342138,0.372976,0.0,1
9,5785736,1735720800000000,0.188928,0.255582,0.378235,0.409118,0.0,3
9,5785737,1735721100000000,0.23546,0.270971,0.388723,0.402722,0.0,5
9,5785738,1735721400000000,0.239133,0.282925,0.394013,0.410407,0.0,8
9,5785739,1735721700000000,0.208584,0.248849,0.3516,0.38142,0.0,0
9,5785740,1735722000000000,0.238542,0.250996,0.440979,0.480442,0.0,4
9,5785741,1735722300000000,0.191494,0.259847,0.308116,0.347629,0.0,2
9,5785742,1735722600000000,0.220431,0.274494,0.353532,0.372486,0.0,2
9,5785743,1735722900000000,0.217727,0.268762,0.33312,0.364702,0.0,8
9,5785744,1735723200000000,0.221579,0.239206,0.369194,0.387836,0.0,1
9,5785745,1735723500000000,0.221486,0.233739,0.427383,0.462021,0.0,1
9,5785746,1735723800000000,0.218613,0.288455,0.365004,0.390994,0.0,3
9,5785747,1735724100000000,0.21302,0.227373,0.378616,0.416082,0.0,5
9,5785748,1735724400000000,0.218043,0.223941,0.402885,0.442775,0.0,3
9,5785749,1735724700000000,0.244538,0.294586,0.372176,0.385383,0.0,4
9,5785750,1735725000000000,0.209583,0.265931,0.388659,0.427832,0.0,3
9,5785751,1735725300000000,0.260596,0.270166,0.401239,0.428939,0.013975,8
9,5785752,1735725600000000,0.208567,0.225116,0.327766,0.33729,0.0,3
9,5785753,1735725900000000,0.224321,0.287422,0.35994,0.360064,0.0,1
9,5785754,1735726200000000,0.230282,0.304649,0.394782,0.422136,0.0,2
9,5785755,1735726500000000,0.214748,0.252867,0.42645,0.435345,0.0,6
9,5785756,1735726800000000,0.244883,0.308243,0.436959,0.446214,0.0,4
9,5785757,1735727100000000,0.229814,0.255366,0.464254,0.486341,0.0,4
9,5785758,1735727400000000,0.216312,0.27257,0.395127,0.396364,0.0,4
9,5785759,1735727700000000,0.244683,0.28926,0.369106,0.385761,0.0,5
9,5785760,1735728000000000,0.201721,0.269178,0.368044,0.400019,0.0,2
9,5785761,1735728300000000,0.209821,0.271893,0.368887,0.369977,0.0,3
9,5785762,1735728600000000,0.230126,0.252857,0.364229,0.389187,0.0,6
9,5785763,1735728900000000,0.234426,0.246383,0.397367,0.403703,0.0,5
9,5785764,1735729200000000,0.225807,0.29042,0.396212,0.430726,0.0,3
9,5785765,1735729500000000,0.217711,0.220334,0.329248,0.344876,0.0,2
9,5785766,1735729800000000,0.215474,0.269797,0.418943,0.451428,0.0,4
9,5785767,1735730100000000,0.240365,0.278438,0.310656,0.339609,0.0,5
9,5785768,1735730400000000,0.224327,0.230351,0.369615,0.404729,0.0,3
9,5785769,1735730700000000,0.558684,0.613768,0.541512,0.562186,0.007636,2
9,5785770,1735731000000000,0.557646,0.596276,0.519472,0.538916,0.042482,5
9,5785771,1735731300000000,0.247242,0.31605,0.372256,0.373753,0.0,4
9,5785772,1735731600000000,0.207062,0.223753,0.451225,0.472577,0.0,2
9,5785773,1735731900000000,0.224909,0.225093,0.361115,0.381994,0.0,4
9,5785774,1735732200000000,0.244316,0.254755,0.305433,0.329688,0.0,5
9,5785775,1735732500000000,0.229758,0.251327,0.398525,0.403766,0.0,4
9,5785776,1735732800000000,0.206362,0.258542,0.301086,0.322685,0.0,2
9,5785777,1735733100000000,0.596749,0.62576,0.475604,0.493765,0.085499,3
9,5785778,1735733400000000,0.648689,0.658149,0.551951,0.57579,0.007004,6
9,5785779,1735733700000000,0.59629,0.674816,0.490267,0.516689,0.003443,6
9,5785780,1735734000000000,0.210041,0.218699,0.396739,0.411196,0.0,3
9,5785781,1735734300000000,0.552119,0.580529,0.446918,0.46708,0.139665,4
9,5785782,1735734600000000,0.541474,0.611602,0.523855,0.539659,0.054757,2
9,5785783,1735734900000000,0.230329,0.282538,0.312977,0.343597,0.0,4
9,5785784,1735735200000000,0.19358,0.219164,0.420498,0.452355,0.0,1
9,5785785,1735735500000000,0.216213,0.293841,0.35666,0.368378,0.0,0
9,5785786,1735735800000000,0.232198,0.272286,0.442516,0.452898,0.0,3
9,5785787,1735736100000000,0.232259,0.232908,0.34767,0.374803,0.0,2
9,5785788,1735736400000000,0.209696,0.210189,0.450384,0.481345,0.0,4
9,5785789,1735736700000000,0.201609,0.27689,0.332257,0.332691,0.0,4
9,5785790,1735737000000000,0.223847,0.246341,0.306588,0.323686,0.0,1
9,5785791,1735737300000000,0.196376,0.261341,0.370456,0.382765,0.0,0
9,5785792,1735737600000000,0.243117,0.246602,0.43445,0.465111,0.0,1
9,5785793,1735737900000000,0.652468,0.664221,0.559995,0.565737,0.027573,8
9,5785794,1735738200000000,0.637092,0.705634,0.569501,0.600631,0.042872,6
9,5785795,1735738500000000,0.201019,0.280546,0.402777,0.429234,0.0,2
9,5785796,1735738800000000,0.208605,0.212759,0.340201,0.373918,0.0,2
9,5785797,1735739100000000,0.191885,0.205296,0.397817,0.437426,0.0,9
9,5785798,1735739400000000,0.228906,0.286739,0.38383,0.402893,0.0,3
9,5785799,1735739700000000,0.205549,0.247909,0.343553,0.371529,0.0,5
9,5785800,1735740000000000,0.227194,0.259671,0.386692,0.415091,0.0,1
9,5785801,1735740300000000,0.229676,0.245233,0.378134,0.411916,0.0,1
9,5785802,1735740600000000,0.237388,0.313023,0.439725,0.460451,0.0,6
9,5785803,1735740900000000,0.224533,0.238315,0.357992,0.362297,0.0,2
9,5785804,1735741200000000,0.240254,0.261474,0.361624,0.400799,0.0,5
9,5785805,1735741500000000,0.24495,0.270894,0.357787,0.36006,0.0,4
9,5785806,1735741800000000,0.224648,0.235735,0.454501,0.492996,0.0,1
9,5785807,1735742100000000,0.225733,0.268632,0.353299,0.363514,0.0,5
9,5785808,1735742400000000,0.209965,0.237271,0.425361,0.445061,0.0,5
9,5785809,1735742700000000,0.202223,0.250851,0.329522,0.367549,0.0,4
9,5785810,1735743000000000,0.243077,0.272506,0.405342,0.432408,0.0,2
9,5785811,1735743300000000,0.230903,0.240217,0.391317,0.414739,0.0,2
9,5785812,1735743600000000,0.232363,0.302171,0.430662,0.443697,0.0,5
9,5785813,1735743900000000,0.209367,0.250139,0.416814,0.42851,0.0,2
9,5785814,1735744200000000,0.249231,0.274979,0.390506,0.391817,0.0,4
9,5785815,1735744500000000,0.215885,0.217194,0.354077,0.37753,0.0,4
9,5785816,1735744800000000,0.205567,0.253395,0.436947,0.454151,0.0,4
9,5785817,1735745100000000,0.209674,0.272274,0.347908,0.35688,0.0,1
9,5785818,1735745400000000,0.248281,0.300286,0.29619,0.311558,0.0,7
9,5785819,1735745700000000,0.200001,0.263019,0.295658,0.333295,0.0,4
9,5785820,1735746000000000,0.20648,0.218879,0.307665,0.341601,0.0,1
9,5785821,1735746300000000,0.272173,0.349909,0.419088,0.436305,0.05897,7
9,5785822,1735746600000000,0.236939,0.253845,0.471507,0.510705,0.0,3
9,5785823,1735746900000000,0.206805,0.228147,0.290783,0.309268,0.0,2
9,5785824,1735747200000000,0.200534,0.24152,0.338885,0.35285,0.0,2
9,5785825,1735747500000000,0.189891,0.190307,0.370023,0.38554,0.0,5
9,5785826,1735747800000000,0.221748,0.257144,0.439432,0.474417,0.0,5
9,5785827,1735748100000000,0.233104,0.248762,0.350069,0.360779,0.0,4
9,5785828,1735748400000000,0.247338,0.30726,0.4102,0.419085,0.0,1
9,5785829,1735748700000000,0.185908,0.246529,0.355064,0.393486,0.0,4
9,5785830,1735749000000000,0.196143,0.245402,0.472937,0.502307,0.0,2
9,5785831,1735749300000000,0.217848,0.251583,0.382028,0.41258,0.0,8
9,5785832,1735749600000000,0.270178,0.294997,0.40879,0.438401,0.003072,7
9,5785833,1735749900000000,0.235946,0.302143,0.385951,0.413268,0.0,4
9,5785834,1735750200000000,0.22671,0.267278,0.362761,0.366411,0.0,5
9,5785835,1735750500000000,0.592521,0.632238,0.545377,0.575524,0.002532,8
9,5785836,1735750800000000,0.57641,0.585484,0.455382,0.465339,0.117289,5
9,5785837,1735751100000000,0.615269,0.63274,0.435266,0.440562,0.013157,7
9,5785838,1735751400000000,0.612781,0.64162,0.508466,0.547786,0.073601,7
9,5785839,1735751700000000,0.215179,0.271088,0.407935,0.40905,0.0,6
9,5785840,1735752000000000,0.213152,0.280774,0.351372,0.352638,0.0,3
9,5785841,1735752300000000,0.20653,0.285958,0.379745,0.392141,0.0,3
9,5785842,1735752600000000,0.202402,0.236597,0.322013,0.355781,0.0,0
9,5785843,1735752900000000,0.245011,0.281267,0.42826,0.467378,0.0,5
9,5785844,1735753200000000,0.204042,0.265327,0.397491,0.402232,0.0,5
9,5785845,1735753500000000,0.215029,0.240727,0.376049,0.391867,0.0,3
9,5785846,1735753800000000,0.219297,0.262538,0.383503,0.412875,0.0,3
9,5785847,1735754100000000,0.612955,0.667116,0.458791,0.484612,0.063455,7
9,5785848,1735754400000000,0.584909,0.603809,0.450762,0.460097,0.037435,8
9,5785849,1735754700000000,0.617847,0.640214,0.511367,0.524535,0.005336,6
9,5785850,1735755000000000,0.589808,0.618303,0.526982,0.550757,0.011458,4
9,5785851,1735755300000000,0.217086,0.263301,0.398555,0.399971,0.0,2
9,5785852,1735755600000000,0.249576,0.271209,0.372834,0.403163,0.0,2
9,5785853,1735755900000000,0.202554,0.219207,0.400709,0.411725,0.0,7
9,5785854,1735756200000000,0.232976,0.244937,0.438373,0.471507,0.0,5
9,5785855,1735756500000000,0.238083,0.302828,0.379782,0.407129,0.0,2
9,5785856,1735756800000000,0.225578,0.296456,0.391339,0.417156,0.0,1
9,5785857,1735757100000000,0.217884,0.290262,0.367945,0.39864,0.0,2
9,5785858,1735757400000000,0.258263,0.323993,0.38534,0.388345,0.026041,5
9,5785859,1735757700000000,0.219751,0.230734,0.383695,0.394094,0.0,2
9,5785860,1735758000000000,0.223673,0.231494,0.446416,0.467286,0.0,1
9,5785861,1735758300000000,0.213943,0.253876,0.411491,0.442577,0.0,3
9,5785862,1735758600000000,0.222719,0.264434,0.410959,0.444921,0.0,6
9,5785863,1735758900000000,0.237354,0.29598,0.364924,0.380208,0.0,2
9,5785864,1735759200000000,0.215044,0.232875,0.339339,0.371085,0.0,3
9,5785865,1735759500000000,0.182046,0.256522,0.379298,0.388109,0.0,5
9,5785866,1735759800000000,0.229244,0.254039,0.429985,0.433283,0.0,4
9,5785867,1735760100000000,0.20059,0.246815,0.439143,0.449006,0.0,3
9,5785868,1735760400000000,0.233354,0.302491,0.283568,0.319694,0.0,4
9,5785869,1735760700000000,0.219976,0.261852,0.474847,0.496609,0.0,5
9,5785870,1735761000000000,0.627942,0.688226,0.536459,0.555713,0.01246,5
9,5785871,1735761300000000,0.593896,0.653818,0.544221,0.573954,0.111613,3
9,5785872,1735761600000000,0.601332,0.664534,0.440868,0.441272,0.038711,6
9,5785873,1735761900000000,0.213879,0.278763,0.365382,0.370114,0.0,3
9,5785874,1735762200000000,0.193319,0.224716,0.400576,0.40456,0.0,2
9,5785875,1735762500000000,0.240006,0.26909,0.337012,0.341879,0.0,3
9,5785876,1735762800000000,0.190742,0.255022,0.251227,0.269365,0.0,5
9,5785877,1735763100000000,0.239752,0.286128,0.397333,0.408561,0.0,6
9,5785878,1735763400000000,0.227639,0.276256,0.377682,0.409111,0.0,3
9,5785879,1735763700000000,0.21642,0.249374,0.433401,0.466962,0.0,1
9,5785880,1735764000000000,0.226212,0.242341,0.372777,0.409775,0.0,2
9,5785881,1735764300000000,0.225719,0.262274,0.375533,0.383375,0.0,2
9,5785882,1735764600000000,0.212792,0.290364,0.402384,0.422498,0.0,2
9,5785883,1735764900000000,0.225367,0.248636,0.420219,0.422167,0.0,3
9,5785884,1735765200000000,0.233161,0.254922,0.353257,0.362853,0.0,3
9,5785885,1735765500000000,0.202996,0.213458,0.408828,0.433432,0.0,4
9,5785886,1735765800000000,0.226232,0.264726,0.358312,0.375207,0.0,3
9,5785887,1735766100000000,0.172726,0.195809,0.361115,0.388743,0.0,3
9,5785888,1735766400000000,0.185267,0.240237,0.391674,0.425243,0.0,5
9,5785889,1735766700000000,0.230161,0.240971,0.414362,0.416743,0.0,2
9,5785890,1735767000000000,0.212479,0.232264,0.3871,0.424645,0.0,0
9,5785891,1735767300000000,0.204638,0.209586,0.328401,0.330097,0.0,1
9,5785892,1735767600000000,0.219046,0.222363,0.301856,0.341123,0.0,1
9,5785893,1735767900000000,0.212873,0.278004,0.366987,0.392493,0.0,7
9,5785894,1735768200000000,0.202205,0.274675,0.409623,0.411355,0.0,6
9,5785895,1735768500000000,0.190497,0.251608,0.384662,0.400407,0.0,5
9,5785896,1735768800000000,0.184573,0.253786,0.374282,0.38461,0.0,6
9,5785897,1735769100000000,0.233298,0.240226,0.381373,0.413316,0.0,11
9,5785898,1735769400000000,0.212395,0.284246,0.386702,0.395721,0.0,3
9,5785899,1735769700000000,0.237452,0.274735,0.343345,0.376393,0.0,3
9,5785900,1735770000000000,0.212212,0.273704,0.405482,0.417976,0.0,7
9,5785901,1735770300000000,0.226389,0.27565,0.413089,0.452654,0.0,3
9,5785902,1735770600000000,0.217743,0.245732,0.361999,0.372816,0.0,4
9,5785903,1735770900000000,0.2208,0.241984,0.39476,0.422159,0.0,8
9,5785904,1735771200000000,0.221675,0.231125,0.308924,0.340932,0.0,5
9,5785905,1735771500000000,0.211977,0.244989,0.381394,0.390052,0.0,2
9,5785906,1735771800000000,0.197867,0.237395,0.363928,0.366959,0.0,2
9,5785907,1735772100000000,0.23379,0.31244,0.432196,0.454246,0.0,3
9,5785908,1735772400000000,0.248684,0.251667,0.379094,0.406177,0.0,4
9,5785909,1735772700000000,0.249866,0.297078,0.4222,0.454891,0.0,1
9,5785910,1735773000000000,0.210041,0.252041,0.357868,0.368778,0.0,4
9,5785911,1735773300000000,0.206803,0.208635,0.280937,0.315828,0.0,4
9,5785912,1735773600000000,0.210023,0.236402,0.364487,0.401117,0.0,2
9,5785913,1735773900000000,0.216835,0.250669,0.383763,0.41493,0.0,4
9,5785914,1735774200000000,0.219056,0.258597,0.382703,0.383007,0.0,4
9,5785915,1735774500000000,0.202037,0.220714,0.377351,0.38084,0.0,4
9,5785916,1735774800000000,0.193365,0.196093,0.34742,0.387329,0.0,2
9,5785917,1735775100000000,0.220899,0.244406,0.364366,0.393723,0.0,4
9,5785918,1735775400000000,0.156453,0.223362,0.309705,0.334776,0.0,3
9,5785919,1735775700000000,0.218188,0.282817,0.296502,0.332556,0.0,4
9,5785920,1735776000000000,0.202995,0.217455,0.36679,0.368375,0.0,7
9,5785921,1735776300000000,0.234043,0.285747,0.352107,0.382402,0.0,4
9,5785922,1735776600000000,0.238857,0.312749,0.426794,0.452981,0.0,1
9,5785923,1735776900000000,0.239282,0.253051,0.29647,0.330398,0.0,2
9,5785924,1735777200000000,0.213764,0.224058,0.386458,0.417574,0.0,3
9,5785925,1735777500000000,0.199567,0.201339,0.454708,0.474105,0.0,2
9,5785926,1735777800000000,0.205337,0.21913,0.364554,0.367393,0.0,3
9,5785927,1735778100000000,0.225177,0.290293,0.378702,0.415078,0.0,3
9,5785928,1735778400000000,0.190374,0.255494,0.383685,0.414225,0.0,4
9,5785929,1735778700000000,0.245084,0.28832,0.40596,0.420216,0.0,4
9,5785930,1735779000000000,0.655285,0.68197,0.513009,0.552367,0.019132,5
9,5785931,1735779300000000,0.67024,0.734782,0.494252,0.506696,0.003824,12
10,5785632,1735689600000000,0.224005,0.289246,0.378438,0.401157,0.0,3
10,5785633,1735689900000000,0.209809,0.249808,0.290691,0.291427,0.0,0
10,5785634,1735690200000000,0.214924,0.225569,0.339342,0.352357,0.0,2
10,5785635,1735690500000000,0.189929,0.239093,0.377296,0.407742,0.0,4
10,5785636,1735690800000000,0.217842,0.223571,0.414464,0.43715,0.0,2
10,5785637,1735691100000000,0.202255,0.267627,0.346818,0.350064,0.0,2
10,5785638,1735691400000000,0.221797,0.282721,0.484405,0.502478,0.0,4
10,5785639,1735691700000000,0.207139,0.239306,0.385054,0.388217,0.0,7
10,5785640,1735692000000000,0.183088,0.204616,0.313147,0.328088,0.0,2
10,5785641,1735692300000000,0.260544,0.317308,0.442678,0.473436,0.049449,2
10,5785642,1735692600000000,0.215834,0.261211,0.325424,0.335754,0.0,3
10,5785643,1735692900000000,0.246047,0.257654,0.399254,0.417389,0.0,7
10,5785644,1735693200000000,0.210514,0.271249,0.33651,0.356524,0.0,4
10,5785645,1735693500000000,0.250566,0.277284,0.333401,0.367532,0.003438,10
10,5785646,1735693800000000,0.199269,0.270777,0.40823,0.413091,0.0,1
10,5785647,1735694100000000,0.223169,0.289526,0.367718,0.389735,0.0,8
10,5785648,1735694400000000,0.200339,0.222404,0.439145,0.440377,0.0,4
10,5785649,1735694700000000,0.266813,0.287234,0.352667,0.356401,0.119136,4
10,5785650,1735695000000000,0.215513,0.247344,0.313044,0.321873,0.0,4
10,5785651,1735695300000000,0.234912,0.299271,0.363033,0.391821,0.0,4
10,5785652,1735695600000000,0.22811,0.238563,0.495459,0.497103,0.0,5
10,5785653,1735695900000000,0.219541,0.244825,0.410196,0.447999,0.0,4
10,5785654,1735696200000000,0.229319,0.282048,0.402417,0.419524,0.0,2
10,5785655,1735696500000000,0.244465,0.247144,0.40904,0.442586,0.0,7
10,5785656,1735696800000000,0.232028,0.2365,0.361816,0.370691,0.0,0
10,5785657,1735697100000000,0.222924,0.283898,0.487197,0.50071,0.0,4
10,5785658,1735697400000000,0.229348,0.271135,0.398595,0.427676,0.0,4
10,5785659,1735697700000000,0.254471,0.299079,0.403637,0.418805,0.00112,5
10,5785660,1735698000000000,0.212497,0.232407,0.413769,0.434068,0.0,2
10,5785661,1735698300000000,0.18663,0.229173,0.314391,0.346761,0.0,4
10,5785662,1735698600000000,0.200263,0.243863,0.334918,0.360962,0.0,2
10,5785663,1735698900000000,0.201602,0.234703,0.36074,0.394175,0.0,8
10,5785664,1735699200000000,0.204137,0.281291,0.411101,0.414561,0.0,4
10,5785665,1735699500000000,0.204756,0.208697,0.319742,0.344065,0.0,1
10,5785666,1735699800000000,0.219575,0.252769,0.374157,0.398205,0.0,2
10,5785667,1735700100000000,0.224454,0.293052,0.370205,0.394489,0.0,4
10,5785668,1735700400000000,0.22426,0.240762,0.315516,0.339068,0.0,4
10,5785669,1735700700000000,0.206855,0.281655,0.352042,0.380996,0.0,2
10,5785670,1735701000000000,0.23789,0.271929,0.404952,0.438713,0.0,2
10,5785671,1735701300000000,0.22962,0.242148,0.321036,0.33022,0.0,1
10,5785672,1735701600000000,0.248464,0.255912,0.443416,0.447598,0.0,5
10,5785673,1735701900000000,0.235242,0.261407,0.401056,0.404015,0.0,7
10,5785674,1735702200000000,0.213708,0.287286,0.388638,0.394975,0.0,3
10,5785675,1735702500000000,0.243499,0.318626,0.385552,0.41179,0.0,2
10,5785676,1735702800000000,0.224925,0.269986,0.335031,0.351691,0.0,6
10,5785677,1735703100000000,0.234364,0.243819,0.356039,0.370019,0.0,3
10,5785678,1735703400000000,0.232968,0.269495,0.396013,0.432411,0.0,1
10,5785679,1735703700000000,0.217762,0.251183,0.350151,0.386158,0.0,3
10,5785680,1735704000000000,0.221859,0.240344,0.385201,0.406756,0.0,5
10,5785681,1735704300000000,0.217635,0.223718,0.340217,0.358557,0.0,2
10,5785682,1735704600000000,0.204647,0.235173,0.389684,0.400501,0.0,7
10,5785683,1735704900000000,0.181396,0.211144,0.384532,0.402928,0.0,5
10,5785684,1735705200000000,0.207511,0.26383,0.307521,0.323958,0.0,6
10,5785685,1735705500000000,0.223585,0.255123,0.380947,0.381225,0.0,3
10,5785686,1735705800000000,0.239541,0.240591,0.322972,0.353316,0.0,8
10,5785687,1735706100000000,0.234328,0.235929,0.307573,0.325116,0.0,3
10,5785688,1735706400000000,0.214967,0.269968,0.351483,0.360397,0.0,3
10,5785689,1735706700000000,0.207757,0.26062,0.484592,0.511242,0.0,0
10,5785690,1735707000000000,0.216762,0.22959,0.406882,0.424789,0.0,2
10,5785691,1735707300000000,0.20245,0.271748,0.426542,0.439091,0.0,2
10,5785692,1735707600000000,0.181925,0.234935,0.38801,0.397243,0.0,3
10,5785693,1735707900000000,0.192187,0.204512,0.375483,0.377849,0.0,3
10,5785694,1735708200000000,0.244745,0.267754,0.421477,0.441597,0.0,3
10,5785695,1735708500000000,0.253431,0.331324,0.363118,0.378136,0.017577,4
10,5785696,1735708800000000,0.233571,0.266191,0.40057,0.402184,0.0,5
10,5785697,1735709100000000,0.218953,0.237895,0.423718,0.456214,0.0,3
10,5785698,1735709400000000,0.194926,0.236857,0.396201,0.428532,0.0,5
10,5785699,1735709700000000,0.2171,0.233544,0.425696,0.445297,0.0,3
10,5785700,1735710000000000,0.231013,0.29435,0.388159,0.421715,0.0,7
10,5785701,1735710300000000,0.234938,0.298482,0.449911,0.469152,0.0,1
10,5785702,1735710600000000,0.232399,0.296466,0.37301,0.379766,0.0,2
10,5785703,1735710900000000,0.241772,0.291154,0.469328,0.490032,0.0,11
10,5785704,1735711200000000,0.254973,0.310497,0.412185,0.424688,0.110123,4
10,5785705,1735711500000000,0.21271,0.238422,0.359091,0.377185,0.0,2
10,5785706,1735711800000000,0.270496,0.340807,0.347508,0.386335,0.047667,2
10,5785707,1735712100000000,0.183641,0.195174,0.331955,0.346176,0.0,3
10,5785708,1735712400000000,0.20599,0.226349,0.333722,0.342358,0.0,1
10,5785709,1735712700000000,0.2236,0.303015,0.374711,0.379853,0.0,0
10,5785710,1735713000000000,0.229882,0.306714,0.329501,0.364858,0.0,0
10,5785711,1735713300000000,0.216731,0.25734,0.427566,0.428164,0.0,3
10,5785712,1735713600000000,0.211076,0.251005,0.378306,0.414604,0.0,3
10,5785713,1735713900000000,0.259647,0.268992,0.393682,0.396153,0.050299,6
10,5785714,1735714200000000,0.210217,0.262989,0.32696,0.357067,0.0,6
10,5785715,1735714500000000,0.201651,0.204134,0.339816,0.351562,0.0,5
10,5785716,1735714800000000,0.250435,0.275583,0.298838,0.308834,0.118536,3
10,5785717,1735715100000000,0.235285,0.268756,0.447062,0.454259,0.0,4
10,5785718,1735715400000000,0.239705,0.311224,0.327188,0.332569,0.0,2
10,5785719,1735715700000000,0.223526,0.301002,0.324558,0.327207,0.0,3
10,5785720,1735716000000000,0.195232,0.273152,0.424858,0.43106,0.0,6
10,5785721,1735716300000000,0.221523,0.28543,0.393036,0.416575,0.0,5
10,5785722,1735716600000000,0.192754,0.215953,0.372293,0.39508,0.0,4
10,5785723,1735716900000000,0.224362,0.22799,0.392137,0.40338,0.0,3
10,5785724,1735717200000000,0.231761,0.265811,0.419272,0.446468,0.0,2
10,5785725,1735717500000000,0.239358,0.263149,0.38777,0.418555,0.0,4
10,5785726,1735717800000000,0.218337,0.270752,0.314677,0.353884,0.0,2
10,5785727,1735718100000000,0.233466,0.26315,0.411041,0.428631,0.0,3
10,5785728,1735718400000000,0.203731,0.274991,0.3882,0.403183,0.0,3
10,5785729,1735718700000000,0.237399,0.267322,0.429952,0.468879,0.0,3
10,5785730,1735719000000000,0.232142,0.262382,0.331286,0.368972,0.0,6
10,5785731,1735719300000000,0.205595,0.266325,0.342785,0.379863,0.0,4
10,5785732,1735719600000000,0.229547,0.276749,0.396025,0.420376,0.0,4
10,5785733,1735719900000000,0.239615,0.260038,0.346085,0.370794,0.0,3
10,5785734,1735720200000000,0.221416,0.275551,0.283382,0.320501,0.0,2
10,5785735,1735720500000000,0.205195,0.250234,0.379711,0.398904,0.0,3
10,5785736,1735720800000000,0.2232,0.231524,0.41392,0.422459,0.0,5
10,5785737,1735721100000000,0.229944,0.267325,0.375323,0.414734,0.0,2
10,5785738,1735721400000000,0.20506,0.278556,0.393696,0.427379,0.0,4
10,5785739,1735721700000000,0.201862,0.218806,0.386787,0.389029,0.0,4
10,5785740,1735722000000000,0.229389,0.262559,0.380706,0.385205,0.0,4
10,5785741,1735722300000000,0.23482,0.256896,0.387625,0.42291,0.0,4
10,5785742,1735722600000000,0.258696,0.301649,0.444509,0.456553,0.010976,6
10,5785743,1735722900000000,0.231983,0.309992,0.342624,0.370479,0.0,0
10,5785744,1735723200000000,0.198237,0.223025,0.400305,0.405017,0.0,2
10,5785745,1735723500000000,0.256716,0.323343,0.342616,0.349437,0.034128,5
10,5785746,1735723800000000,0.23899,0.306053,0.351855,0.38175,0.0,2
10,5785747,1735724100000000,0.183905,0.204658,0.412203,0.451375,0.0,6
10,5785748,1735724400000000,0.201455,0.263263,0.322116,0.342204,0.0,7
10,5785749,1735724700000000,0.211152,0.290202,0.36424,0.365956,0.0,3
10,5785750,1735725000000000,0.235086,0.311407,0.476734,0.486107,0.0,1
10,5785751,1735725300000000,0.17717,0.225629,0.403031,0.411539,0.0,1
10,5785752,1735725600000000,0.217856,0.229995,0.346763,0.384174,0.0,2
10,5785753,1735725900000000,0.234059,0.243606,0.359288,0.376054,0.0,8
10,5785754,1735726200000000,0.578077,0.599422,0.495522,0.533429,0.060208,7
10,5785755,1735726500000000,0.642532,0.690637,0.577364,0.611747,0.072923,3
10,5785756,1735726800000000,0.235605,0.266503,0.342396,0.360428,0.0,2
10,5785757,1735727100000000,0.20476,0.260682,0.329179,0.330174,0.0,2
10,5785758,1735727400000000,0.199241,0.262263,0.398268,0.437186,0.0,3
10,5785759,1735727700000000,0.204479,0.218912,0.304322,0.304725,0.0,2
10,5785760,1735728000000000,0.171902,0.244326,0.323723,0.357968,0.0,5
10,5785761,1735728300000000,0.214129,0.218974,0.371541,0.388071,0.0,4
10,5785762,1735728600000000,0.223953,0.245147,0.377031,0.389083,0.0,4
10,5785763,1735728900000000,0.198052,0.263236,0.314733,0.331065,0.0,3
10,5785764,1735729200000000,0.237497,0.252195,0.397274,0.41155,0.0,3
10,5785765,1735729500000000,0.221846,0.239457,0.399797,0.427362,0.0,2
10,5785766,1735729800000000,0.22468,0.302733,0.352139,0.375047,0.0,0
10,5785767,1735730100000000,0.212764,0.285753,0.440898,0.451174,0.0,2
10,5785768,1735730400000000,0.233375,0.298396,0.395265,0.416366,0.0,0
10,5785769,1735730700000000,0.24323,0.257134,0.344936,0.361134,0.0,5
10,5785770,1735731000000000,0.212665,0.233076,0.439264,0.47609,0.0,3
10,5785771,1735731300000000,0.233699,0.252512,0.360862,0.396557,0.0,1
10,5785772,1735731600000000,0.233896,0.249026,0.389019,0.413713,0.0,4
10,5785773,1735731900000000,0.227522,0.305157,0.360161,0.398776,0.0,4
10,5785774,1735732200000000,0.250187,0.263469,0.412532,0.427537,0.05149,1
10,5785775,1735732500000000,0.206923,0.26666,0.353162,0.356681,0.0,2
10,5785776,1735732800000000,0.212412,0.216493,0.35751,0.359416,0.0,2
10,5785777,1735733100000000,0.206015,0.249519,0.365706,0.399044,0.0,3
10,5785778,1735733400000000,0.23305,0.238718,0.36149,0.376829,0.0,6
10,5785779,1735733700000000,0.215095,0.220036,0.418156,0.452567,0.0,5
10,5785780,1735734000000000,0.207477,0.225895,0.322305,0.340654,0.0,3
10,5785781,1735734300000000,0.249937,0.323985,0.385992,0.386439,0.0,2
10,5785782,1735734600000000,0.662821,0.713928,0.535566,0.556712,0.062478,8
10,5785783,1735734900000000,0.624334,0.676446,0.513531,0.537313,0.013581,4
10,5785784,1735735200000000,0.605637,0.629449,0.550705,0.568765,0.003688,5
10,5785785,1735735500000000,0.663793,0.721683,0.47217,0.505691,0.076815,9
10,5785786,1735735800000000,0.228473,0.282997,0.402682,0.428443,0.0,5
10,5785787,1735736100000000,0.227573,0.264508,0.329852,0.344442,0.0,1
10,5785788,1735736400000000,0.22189,0.276498,0.35731,0.386071,0.0,3
10,5785789,1735736700000000,0.205594,0.274965,0.31805,0.330835,0.0,6
10,5785790,1735737000000000,0.212561,0.289391,0.361113,0.394655,0.0,3
10,5785791,1735737300000000,0.232199,0.311926,0.358141,0.369345,0.0,5
10,5785792,1735737600000000,0.211944,0.251009,0.439711,0.466376,0.0,3
10,5785793,1735737900000000,0.227794,0.230414,0.389382,0.405986,0.0,0
10,5785794,1735738200000000,0.220241,0.238575,0.394676,0.398723,0.0,0
10,5785795,1735738500000000,0.200976,0.216724,0.326041,0.35123,0.0,1
10,5785796,1735738800000000,0.24918,0.273223,0.416816,0.432138,0.0,4
10,5785797,1735739100000000,0.230693,0.259533,0.446271,0.471642,0.0,2
10,5785798,1735739400000000,0.225952,0.279446,0.413879,0.435476,0.0,3
10,5785799,1735739700000000,0.22999,0.272045,0.328016,0.32968,0.0,2
10,5785800,1735740000000000,0.187728,0.239708,0.347139,0.355338,0.0,3
10,5785801,1735740300000000,0.211123,0.28887,0.378233,0.406249,0.0,4
10,5785802,1735740600000000,0.192509,0.196434,0.344292,0.362998,0.0,3
10,5785803,1735740900000000,0.64837,0.649522,0.628249,0.646908,0.147262,10
10,5785804,1735741200000000,0.651992,0.705232,0.508906,0.509002,0.028757,2
10,5785805,1735741500000000,0.222544,0.266244,0.376156,0.388268,0.0,1
10,5785806,1735741800000000,0.241215,0.279835,0.360416,0.387195,0.0,7
10,5785807,1735742100000000,0.193048,0.261314,0.376834,0.412314,0.0,5
10,5785808,1735742400000000,0.205613,0.218324,0.427259,0.450219,0.0,4
10,5785809,1735742700000000,0.227458,0.273348,0.384205,0.40583,0.0,5
10,5785810,1735743000000000,0.224751,0.299305,0.369902,0.388715,0.0,7
10,5785811,1735743300000000,0.196322,0.231991,0.325756,0.352896,0.0,1
10,5785812,1735743600000000,0.241538,0.287931,0.432892,0.464817,0.0,3
10,5785813,1735743900000000,0.247778,0.253378,0.380975,0.389802,0.0,3
10,5785814,1735744200000000,0.227661,0.255595,0.372213,0.400772,0.0,1
10,5785815,1735744500000000,0.192837,0.196149,0.273935,0.28369,0.0,2
10,5785816,1735744800000000,0.222875,0.268665,0.372918,0.374189,0.0,0
10,5785817,1735745100000000,0.226126,0.273364,0.3631,0.366087,0.0,1
10,5785818,1735745400000000,0.215107,0.291174,0.302247,0.304109,0.0,4
10,5785819,1735745700000000,0.24425,0.295323,0.425072,0.436279,0.0,4
10,5785820,1735746000000000,0.217913,0.218152,0.35486,0.359947,0.0,2
10,5785821,1735746300000000,0.257882,0.32454,0.466081,0.46949,0.007642,4
10,5785822,1735746600000000,0.234096,0.260469,0.438511,0.444415,0.0,4
10,5785823,1735746900000000,0.224969,0.282111,0.349943,0.351471,0.0,6
10,5785824,1735747200000000,0.236568,0.25769,0.437571,0.451313,0.0,4
10,5785825,1735747500000000,0.247556,0.308374,0.451066,0.483979,0.0,6
10,5785826,1735747800000000,0.236183,0.310382,0.360303,0.382454,0.0,5
10,5785827,1735748100000000,0.218635,0.22498,0.335216,0.337815,0.0,0
10,5785828,1735748400000000,0.609506,0.653055,0.427113,0.44211,0.027957,8
10,5785829,1735748700000000,0.601187,0.644419,0.525633,0.542826,0.066057,6
10,5785830,1735749000000000,0.577452,0.600367,0.463175,0.470072,0.017338,6
10,5785831,1735749300000000,0.624521,0.651855,0.535002,0.549922,0.04671,4
10,5785832,1735749600000000,0.213022,0.267115,0.351844,0.365314,0.0,5
10,5785833,1735749900000000,0.213986,0.237395,0.343706,0.363458,0.0,2
10,5785834,1735750200000000,0.582038,0.584488,0.481253,0.509145,0.001821,8
10,5785835,1735750500000000,0.561501,0.623036,0.444533,0.463686,0.017893,6
10,5785836,1735750800000000,0.59763,0.647645,0.486692,0.48965,0.021967,6
10,5785837,1735751100000000,0.209684,0.229721,0.343925,0.346134,0.0,5
10,5785838,1735751400000000,0.202523,0.279446,0.370317,0.405835,0.0,0
10,5785839,1735751700000000,0.197363,0.269237,0.373247,0.401038,0.0,1
10,5785840,1735752000000000,0.23301,0.31016,0.338706,0.364994,0.0,2
10,5785841,1735752300000000,0.240727,0.281706,0.428287,0.464815,0.0,5
10,5785842,1735752600000000,0.209301,0.228114,0.366873,0.388533,0.0,3
10,5785843,1735752900000000,0.200848,0.214755,0.430395,0.433343,0.0,5
10,5785844,1735753200000000,0.247545,0.323427,0.396284,0.424859,0.0,3
10,5785845,1735753500000000,0.193893,0.265159,0.370627,0.377118,0.0,4
10,5785846,1735753800000000,0.238184,0.297459,0.363725,0.390373,0.0,5
10,5785847,1735754100000000,0.209722,0.250564,0.397996,0.414025,0.0,2
10,5785848,1735754400000000,0.227148,0.2579,0.380844,0.381973,0.0,2
10,5785849,1735754700000000,0.239385,0.29566,0.418123,0.420344,0.0,4
10,5785850,1735755000000000,0.228573,0.229335,0.444187,0.459892,0.0,9
10,5785851,1735755300000000,0.214685,0.256628,0.346066,0.369848,0.0,3
10,5785852,1735755600000000,0.24513,0.299423,0.410334,0.41717,0.0,4
10,5785853,1735755900000000,0.225204,0.285505,0.402226,0.406496,0.0,4
10,5785854,1735756200000000,0.286285,0.322372,0.418524,0.433574,0.033451,1
10,5785855,1735756500000000,0.189307,0.248918,0.34893,0.381097,0.0,3
10,5785856,1735756800000000,0.189041,0.196709,0.349646,0.381006,0.0,5
10,5785857,1735757100000000,0.237897,0.256559,0.359909,0.387274,0.0,4
10,5785858,1735757400000000,0.219428,0.230998,0.352651,0.369666,0.0,3
10,5785859,1735757700000000,0.599912,0.627099,0.476364,0.494042,0.002684,10
10,5785860,1735758000000000,0.565874,0.59341,0.493876,0.502914,0.006648,4
10,5785861,1735758300000000,0.220974,0.25089,0.347028,0.352514,0.0,2
10,5785862,1735758600000000,0.228232,0.265498,0.397307,0.39794,0.0,1
10,5785863,1735758900000000,0.618466,0.653372,0.518741,0.553147,0.15931,7
10,5785864,1735759200000000,0.632426,0.671663,0.528114,0.547961,0.009394,5
10,5785865,1735759500000000,0.603745,0.663953,0.500371,0.500493,0.14027,4
10,5785866,1735759800000000,0.227107,0.238468,0.382243,0.40341,0.0,1
10,5785867,1735760100000000,0.246018,0.274075,0.376213,0.386546,0.0,4
10,5785868,1735760400000000,0.197724,0.197734,0.400385,0.417479,0.0,1
10,5785869,1735760700000000,0.196637,0.198895,0.351127,0.378024,0.0,6
10,5785870,1735761000000000,0.241419,0.289932,0.399517,0.431907,0.0,4
10,5785871,1735761300000000,0.196319,0.266399,0.316457,0.344476,0.0,4
10,5785872,1735761600000000,0.235131,0.259604,0.410779,0.446631,0.0,6
10,5785873,1735761900000000,0.220996,0.253148,0.354978,0.364368,0.0,2
10,5785874,1735762200000000,0.212479,0.229269,0.337877,0.364332,0.0,5
10,5785875,1735762500000000,0.246397,0.257821,0.340687,0.37628,0.0,3
10,5785876,1735762800000000,0.236707,0.307434,0.33413,0.346471,0.0,5
10,5785877,1735763100000000,0.225035,0.270804,0.359503,0.391481,0.0,1
10,5785878,1735763400000000,0.181252,0.237642,0.423383,0.460992,0.0,5
10,5785879,1735763700000000,0.232821,0.303372,0.355754,0.381509,0.0,0
10,5785880,1735764000000000,0.200725,0.247796,0.281887,0.288457,0.0,3
10,5785881,1735764300000000,0.216015,0.230438,0.390224,0.400658,0.0,3
10,5785882,1735764600000000,0.220132,0.277197,0.332476,0.359675,0.0,4
10,5785883,1735764900000000,0.254151,0.313975,0.421545,0.456192,0.082248,7
10,5785884,1735765200000000,0.215442,0.248558,0.358562,0.359512,0.0,3
10,5785885,1735765500000000,0.19439,0.243735,0.357076,0.370129,0.0,2
10,5785886,1735765800000000,0.246454,0.285218,0.434151,0.443494,0.0,3
10,5785887,1735766100000000,0.233063,0.259703,0.406281,0.423164,0.0,8
10,5785888,1735766400000000,0.233734,0.287527,0.331952,0.362691,0.0,5
10,5785889,1735766700000000,0.246792,0.266588,0.342407,0.362519,0.0,9
10,5785890,1735767000000000,0.251018,0.277215,0.316515,0.337247,0.022145,1
10,5785891,1735767300000000,0.203949,0.236404,0.475511,0.499872,0.0,3
10,5785892,1735767600000000,0.194962,0.244132,0.333728,0.354355,0.0,5
10,5785893,1735767900000000,0.235164,0.303341,0.4291,0.456631,0.0,6
10,5785894,1735768200000000,0.215276,0.264469,0.354055,0.358337,0.0,2
10,5785895,1735768500000000,0.216908,0.274994,0.332724,0.333636,0.0,2
10,5785896,1735768800000000,0.19981,0.223223,0.370796,0.403868,0.0,4
10,5785897,1735769100000000,0.23051,0.277503,0.367612,0.386768,0.0,7
10,5785898,1735769400000000,0.227238,0.235546,0.411608,0.423547,0.0,4
10,5785899,1735769700000000,0.217201,0.254263,0.408596,0.426768,0.0,3
10,5785900,1735770000000000,0.19501,0.2502,0.344648,0.370651,0.0,3
10,5785901,1735770300000000,0.241765,0.256142,0.327019,0.331888,0.0,5
10,5785902,1735770600000000,0.224603,0.29677,0.330724,0.351669,0.0,1
10,5785903,1735770900000000,0.240121,0.273497,0.292744,0.297172,0.0,1
10,5785904,1735771200000000,0.182146,0.235837,0.352773,0.387155,0.0,4
10,5785905,1735771500000000,0.221023,0.258614,0.376886,0.399381,0.0,5
10,5785906,1735771800000000,0.207096,0.265676,0.32677,0.359205,0.0,2
10,5785907,1735772100000000,0.220651,0.267395,0.326682,0.355522,0.0,4
10,5785908,1735772400000000,0.236978,0.246784,0.382299,0.414909,0.0,2
10,5785909,1735772700000000,0.226659,0.300636,0.354053,0.367725,0.0,2
10,5785910,1735773000000000,0.220326,0.273131,0.368597,0.374176,0.0,3
10,5785911,1735773300000000,0.22023,0.257996,0.362392,0.398056,0.0,3
10,5785912,1735773600000000,0.191924,0.246053,0.377123,0.412508,0.0,6
10,5785913,1735773900000000,0.203682,0.224553,0.348677,0.384008,0.0,1
10,5785914,1735774200000000,0.240183,0.3017,0.364514,0.404085,0.0,3
10,5785915,1735774500000000,0.2109,0.243798,0.298543,0.32239,0.0,2
10,5785916,1735774800000000,0.240528,0.30493,0.382171,0.402671,0.0,8
10,5785917,1735775100000000,0.234875,0.256799,0.385754,0.417647,0.0,4
10,5785918,1735775400000000,0.235826,0.299048,0.375431,0.379836,0.0,1
10,5785919,1735775700000000,0.225992,0.298528,0.455571,0.486893,0.0,5
10,5785920,1735776000000000,0.212152,0.290618,0.380764,0.413253,0.0,1
10,5785921,1735776300000000,0.217279,0.279416,0.369789,0.392876,0.0,4
10,5785922,1735776600000000,0.231527,0.287848,0.401,0.416517,0.0,6
10,5785923,1735776900000000,0.181739,0.223334,0.448123,0.474372,0.0,4
10,5785924,1735777200000000,0.629935,0.638394,0.530586,0.567187,0.034592,6
10,5785925,1735777500000000,0.598545,0.643333,0.420551,0.42687,0.045538,5
10,5785926,1735777800000000,0.218447,0.263507,0.393739,0.406183,0.0,3
10,5785927,1735778100000000,0.218602,0.223781,0.341341,0.368198,0.0,1
10,5785928,1735778400000000,0.219283,0.274533,0.29985,0.333179,0.0,5
10,5785929,1735778700000000,0.196354,0.20827,0.436627,0.462709,0.0,3
10,5785930,1735779000000000,0.222731,0.27046,0.437214,0.460847,0.0,3
10,5785931,1735779300000000,0.230699,0.268509,0.344537,0.347967,0.0,2
11,5785632,1735689600000000,0.240474,0.314655,0.324121,0.329748,0.0,6
11,5785633,1735689900000000,0.186582,0.245834,0.326291,0.344012,0.0,4
11,5785634,1735690200000000,0.22618,0.265768,0.336539,0.337794,0.0,5
11,5785635,1735690500000000,0.251942,0.28502,0.450853,0.478162,0.004598,3
11,5785636,1735690800000000,0.229494,0.295846,0.433931,0.452415,0.0,3
11,5785637,1735691100000000,0.237068,0.304297,0.343109,0.365513,0.0,2
11,5785638,1735691400000000,0.220655,0.267767,0.445642,0.473582,0.0,2
11,5785639,1735691700000000,0.564058,0.620228,0.54864,0.579201,0.070099,7
11,5785640,1735692000000000,0.587394,0.624423,0.440404,0.479037,0.003912,2
11,5785641,1735692300000000,0.207944,0.225414,0.331571,0.366131,0.0,3
11,5785642,1735692600000000,0.206182,0.210181,0.305793,0.318746,0.0,3
11,5785643,1735692900000000,0.211392,0.263689,0.370524,0.399615,0.0,2
11,5785644,1735693200000000,0.643912,0.697449,0.526066,0.529104,0.010431,4
11,5785645,1735693500000000,0.614508,0.667729,0.515699,0.521148,0.000352,8
11,5785646,1735693800000000,0.233159,0.278152,0.300537,0.318921,0.0,3
11,5785647,1735694100000000,0.217044,0.244436,0.318876,0.337261,0.0,5
11,5785648,1735694400000000,0.667618,0.686981,0.544073,0.564303,0.000108,5
11,5785649,1735694700000000,0.614108,0.619365,0.539827,0.558835,0.086514,6
11,5785650,1735695000000000,0.235435,0.247276,0.30161,0.327265,0.0,7
11,5785651,1735695300000000,0.649955,0.700219,0.476239,0.514413,0.006015,1
11,5785652,1735695600000000,0.633785,0.69523,0.562721,0.569629,0.049198,4
11,5785653,1735695900000000,0.626431,0.699041,0.470277,0.484575,0.006126,5
11,5785654,1735696200000000,0.235574,0.242287,0.381863,0.384833,0.0,5
11,5785655,1735696500000000,0.242886,0.308008,0.332228,0.340228,0.0,2
11,5785656,1735696800000000,0.229413,0.277206,0.413554,0.453046,0.0,5
11,5785657,1735697100000000,0.230758,0.254863,0.300086,0.301668,0.0,6
11,5785658,1735697400000000,0.249825,0.307888,0.37526,0.383808,0.0,3
11,5785659,1735697700000000,0.233701,0.312849,0.419408,0.436468,0.0,2
11,5785660,1735698000000000,0.205595,0.235949,0.39636,0.408066,0.0,2
11,5785661,1735698300000000,0.2428,0.292995,0.366415,0.388224,0.0,3
11,5785662,1735698600000000,0.217773,0.23864,0.348273,0.387891,0.0,3
11,5785663,1735698900000000,0.220599,0.237001,0.367894,0.396051,0.0,3
11,5785664,1735699200000000,0.221924,0.233854,0.326099,0.342334,0.0,4
11,5785665,1735699500000000,0.590969,0.593542,0.502839,0.530156,0.002734,10
11,5785666,1735699800000000,0.605009,0.662914,0.508438,0.543328,0.029488,5
11,5785667,1735700100000000,0.573969,0.585646,0.484171,0.493331,0.032702,8
11,5785668,1735700400000000,0.604692,0.658794,0.551656,0.580333,0.00557,5
11,5785669,1735700700000000,0.222963,0.292531,0.335218,0.359776,0.0,5
11,5785670,1735701000000000,0.245239,0.312967,0.317658,0.347011,0.0,6
11,5785671,1735701300000000,0.223572,0.247489,0.357237,0.360604,0.0,5
11,5785672,1735701600000000,0.211136,0.221089,0.378858,0.408175,0.0,6
11,5785673,1735701900000000,0.254598,0.290043,0.38484,0.416361,0.006358,6
11,5785674,1735702200000000,0.209418,0.223921,0.36725,0.394739,0.0,2
11,5785675,1735702500000000,0.208213,0.238094,0.32782,0.33571,0.0,5
11,5785676,1735702800000000,0.197391,0.242897,0.329785,0.336239,0.0,2
11,5785677,1735703100000000,0.242811,0.294359,0.36545,0.394985,0.0,8
11,5785678,1735703400000000,0.247062,0.264528,0.363784,0.389692,0.0,8
11,5785679,1735703700000000,0.226716,0.2449,0.423274,0.46262,0.0,0
11,5785680,1735704000000000,0.20229,0.271568,0.381358,0.399548,0.0,3
11,5785681,1735704300000000,0.219878,0.295469,0.355655,0.364827,0.0,6
11,5785682,1735704600000000,0.214553,0.265949,0.418894,0.449683,0.0,5
11,5785683,1735704900000000,0.201452,0.245997,0.388359,0.4183,0.0,3
11,5785684,1735705200000000,0.2112,0.263846,0.319618,0.340526,0.0,2
11,5785685,1735705500000000,0.229103,0.239393,0.250519,0.280361,0.0,1
11,5785686,1735705800000000,0.209107,0.28087,0.320138,0.332562,0.0,2
11,5785687,1735706100000000,0.225251,0.241939,0.402635,0.411264,0.0,3
11,5785688,1735706400000000,0.188026,0.241601,0.401469,0.406512,0.0,5
11,5785689,1735706700000000,0.250225,0.267983,0.32117,0.332789,0.017615,6
11,5785690,1735707000000000,0.212955,0.269418,0.40088,0.427063,0.0,6
11,5785691,1735707300000000,0.235664,0.295939,0.407312,0.417649,0.0,2
11,5785692,1735707600000000,0.223396,0.28268,0.43399,0.469328,0.0,2
11,5785693,1735707900000000,0.227245,0.261541,0.417551,0.427542,0.0,3
11,5785694,1735708200000000,0.199624,0.248187,0.423944,0.451322,0.0,3
11,5785695,1735708500000000,0.20631,0.254149,0.391743,0.412846,0.0,6
11,5785696,1735708800000000,0.206719,0.264344,0.390548,0.39901,0.0,1
11,5785697,1735709100000000,0.220456,0.260376,0.363668,0.385916,0.0,5
11,5785698,1735709400000000,0.243871,0.284454,0.418165,0.456354,0.0,3
11,5785699,1735709700000000,0.227799,0.282551,0.326433,0.3642,0.0,5
11,5785700,1735710000000000,0.203794,0.217406,0.365781,0.377445,0.0,2
11,5785701,1735710300000000,0.221572,0.27377,0.399146,0.420605,0.0,3
11,5785702,1735710600000000,0.218549,0.230407,0.432821,0.438855,0.0,3
11,5785703,1735710900000000,0.213684,0.271671,0.355672,0.374433,0.0,2
11,5785704,1735711200000000,0.219723,0.250836,0.415566,0.428426,0.0,2
11,5785705,1735711500000000,0.233747,0.300913,0.373924,0.411104,0.0,3
11,5785706,1735711800000000,0.207041,0.214114,0.411947,0.437254,0.0,3
11,5785707,1735712100000000,0.213774,0.250616,0.342767,0.350164,0.0,8
11,5785708,1735712400000000,0.237678,0.251056,0.412226,0.45192,0.0,8
11,5785709,1735712700000000,0.228441,0.29795,0.376141,0.403908,0.0,2
11,5785710,1735713000000000,0.243024,0.253044,0.337654,0.343041,0.0,6
11,5785711,1735713300000000,0.245845,0.284661,0.379914,0.411896,0.0,6
11,5785712,1735713600000000,0.19551,0.20393,0.421297,0.443599,0.0,6
11,5785713,1735713900000000,0.225189,0.289006,0.338048,0.354059,0.0,4
11,5785714,1735714200000000,0.210857,0.23342,0.314427,0.32228,0.0,4
11,5785715,1735714500000000,0.198423,0.245948,0.385398,0.396515,0.0,2
11,5785716,1735714800000000,0.205795,0.219406,0.304916,0.311606,0.0,1
11,5785717,1735715100000000,0.214586,0.242715,0.437639,0.469774,0.0,3
11,5785718,1735715400000000,0.214699,0.223794,0.436671,0.44759,0.0,2
11,5785719,1735715700000000,0.209076,0.253142,0.414708,0.433506,0.0,3
11,5785720,1735716000000000,0.597652,0.597928,0.508729,0.547445,0.032535,1
11,5785721,1735716300000000,0.641937,0.721383,0.591264,0.631047,0.012751,2
11,5785722,1735716600000000,0.188946,0.222248,0.419949,0.4516,0.0,2
11,5785723,1735716900000000,0.240469,0.290825,0.362855,0.394812,0.0,5
11,5785724,1735717200000000,0.219669,0.242612,0.434438,0.472232,0.0,4
11,5785725,1735717500000000,0.610227,0.630487,0.477113,0.508985,0.009567,2
11,5785726,1735717800000000,0.581781,0.649472,0.495742,0.51378,0.023124,6
11,5785727,1735718100000000,0.631839,0.692493,0.449405,0.451817,0.001764,6
11,5785728,1735718400000000,0.592171,0.643635,0.513097,0.521432,0.01315,7
11,5785729,1735718700000000,0.234902,0.295086,0.370435,0.388217,0.0,1
11,5785730,1735719000000000,0.251344,0.265369,0.369882,0.380499,0.030303,7
11,5785731,1735719300000000,0.19691,0.271637,0.362292,0.375459,0.0,3
11,5785732,1735719600000000,0.24103,0.27741,0.361179,0.363536,0.0,4
11,5785733,1735719900000000,0.220458,0.289955,0.378827,0.400912,0.0,2
11,5785734,1735720200000000,0.182304,0.241189,0.415149,0.429212,0.0,3
11,5785735,1735720500000000,0.198313,0.221187,0.326936,0.337289,0.0,3
11,5785736,1735720800000000,0.223208,0.268753,0.412624,0.437039,0.0,2
11,5785737,1735721100000000,0.227221,0.304553,0.388137,0.399208,0.0,4
11,5785738,1735721400000000,0.191548,0.194515,0.382007,0.401057,0.0,3
11,5785739,1735721700000000,0.220571,0.254689,0.375971,0.385827,0.0,2
11,5785740,1735722000000000,0.676796,0.726439,0.508183,0.535403,0.000258,4
11,5785741,1735722300000000,0.679946,0.707138,0.555776,0.589942,0.132323,10
11,5785742,1735722600000000,0.212569,0.238002,0.395153,0.398421,0.0,4
11,5785743,1735722900000000,0.227892,0.287788,0.347744,0.380538,0.0,4
11,5785744,1735723200000000,0.577277,0.650583,0.448506,0.482574,0.196689,3
11,5785745,1735723500000000,0.573317,0.616327,0.504073,0.54267,0.000174,4
11,5785746,1735723800000000,0.574019,0.649876,0.531095,0.564209,0.030307,5
11,5785747,1735724100000000,0.222043,0.230145,0.417919,0.440014,0.0,2
11,5785748,1735724400000000,0.218299,0.236496,0.424537,0.427348,0.0,5
11,5785749,1735724700000000,0.224898,0.231915,0.39357,0.396548,0.0,2
11,5785750,1735725000000000,0.206252,0.241095,0.36166,0.369528,0.0,3
11,5785751,1735725300000000,0.240018,0.290155,0.38392,0.401804,0.0,4
11,5785752,1735725600000000,0.192453,0.20849,0.317631,0.355849,0.0,2
11,5785753,1735725900000000,0.210922,0.246806,0.346517,0.353531,0.0,4
11,5785754,1735726200000000,0.219348,0.274099,0.374642,0.396194,0.0,4
11,5785755,1735726500000000,0.228454,0.279613,0.369293,0.409216,0.0,6
11,5785756,1735726800000000,0.549377,0.59972,0.495962,0.496514,0.040071,4
11,5785757,1735727100000000,0.564344,0.612826,0.442527,0.444406,0.022305,3
11,5785758,1735727400000000,0.2214,0.300328,0.331431,0.342228,0.0,2
11,5785759,1735727700000000,0.207076,0.26419,0.4035,0.412506,0.0,3
11,5785760,1735728000000000,0.217389,0.290003,0.342753,0.362697,0.0,2
11,5785761,1735728300000000,0.214251,0.290389,0.347941,0.364759,0.0,4
11,5785762,1735728600000000,0.229359,0.298133,0.384077,0.407423,0.0,3
11,5785763,1735728900000000,0.200794,0.208407,0.33303,0.338914,0.0,2
11,5785764,1735729200000000,0.216842,0.259182,0.420148,0.447582,0.0,1
11,5785765,1735729500000000,0.249208,0.279729,0.33695,0.345537,0.0,1
11,5785766,1735729800000000,0.223237,0.231003,0.378194,0.396274,0.0,2
11,5785767,1735730100000000,0.201047,0.246184,0.340423,0.341757,0.0,2
11,5785768,1735730400000000,0.213884,0.23091,0.381107,0.413021,0.0,2
11,5785769,1735730700000000,0.179806,0.226345,0.343034,0.368118,0.0,1
11,5785770,1735731000000000,0.218941,0.284332,0.375683,0.384034,0.0,6
11,5785771,1735731300000000,0.249658,0.281165,0.436232,0.460302,0.0,3
11,5785772,1735731600000000,0.198641,0.274627,0.342027,0.359507,0.0,2
11,5785773,1735731900000000,0.193791,0.255109,0.339996,0.373047,0.0,2
11,5785774,1735732200000000,0.208241,0.272584,0.360248,0.399597,0.0,5
11,5785775,1735732500000000,0.586576,0.595559,0.564262,0.569243,0.008016,12
11,5785776,1735732800000000,0.600676,0.676026,0.506647,0.526251,0.000154,6
11,5785777,1735733100000000,0.57806,0.580823,0.551689,0.56201,0.034076,8
11,5785778,1735733400000000,0.546846,0.614358,0.48432,0.514307,0.03888,6
11,5785779,1735733700000000,0.2196,0.221972,0.424445,0.425824,0.0,4
11,5785780,1735734000000000,0.25221,0.265206,0.404569,0.426352,0.003263,4
11,5785781,1735734300000000,0.214404,0.239631,0.397224,0.431508,0.0,1
11,5785782,1735734600000000,0.222529,0.281549,0.320454,0.336026,0.0,2
11,5785783,1735734900000000,0.22433,0.296284,0.31515,0.348666,0.0,5
11,5785784,1735735200000000,0.192174,0.245494,0.410069,0.415945,0.0,6
11,5785785,1735735500000000,0.237963,0.296185,0.425598,0.462331,0.0,4
11,5785786,1735735800000000,0.235368,0.25855,0.479237,0.510895,0.0,3
11,5785787,1735736100000000,0.184116,0.262146,0.305003,0.320647,0.0,4
11,5785788,1735736400000000,0.196048,0.228667,0.388049,0.393274,0.0,1
11,5785789,1735736700000000,0.202545,0.275578,0.329938,0.350755,0.0,2
11,5785790,1735737000000000,0.23347,0.295811,0.352091,0.378908,0.0,5
11,5785791,1735737300000000,0.20648,0.235861,0.352178,0.357335,0.0,4
11,5785792,1735737600000000,0.227224,0.254675,0.394823,0.43215,0.0,4
11,5785793,1735737900000000,0.216728,0.271087,0.349294,0.379802,0.0,5
11,5785794,1735738200000000,0.221281,0.296519,0.378795,0.41686,0.0,3
11,5785795,1735738500000000,0.228927,0.282714,0.413406,0.425375,0.0,6
11,5785796,1735738800000000,0.224902,0.293496,0.423835,0.441172,0.0,8
11,5785797,1735739100000000,0.219659,0.296961,0.404584,0.414188,0.0,1
11,5785798,1735739400000000,0.225887,0.252288,0.397135,0.408087,0.0,4
11,5785799,1735739700000000,0.223906,0.266985,0.372702,0.378513,0.0,1
11,5785800,1735740000000000,0.216226,0.264955,0.352922,0.357931,0.0,3
11,5785801,1735740300000000,0.212238,0.229612,0.395844,0.422675,0.0,4
11,5785802,1735740600000000,0.253848,0.317652,0.34681,0.353088,0.050914,2
11,5785803,1735740900000000,0.212031,0.232972,0.378976,0.384314,0.0,0
11,5785804,1735741200000000,0.244606,0.301156,0.342585,0.363968,0.0,4
11,5785805,1735741500000000,0.207668,0.249574,0.371033,0.399192,0.0,1
11,5785806,1735741800000000,0.234583,0.301517,0.339956,0.371077,0.0,4
11,5785807,1735742100000000,0.252108,0.293032,0.372215,0.395425,0.093644,3
11,5785808,1735742400000000,0.213925,0.260858,0.347836,0.355898,0.0,1
11,5785809,1735742700000000,0.207987,0.222473,0.340933,0.363862,0.0,1
11,5785810,1735743000000000,0.541479,0.606134,0.486023,0.511055,0.081281,8
11,5785811,1735743300000000,0.548857,0.581027,0.395148,0.405472,0.027448,2
11,5785812,1735743600000000,0.225794,0.272173,0.306929,0.312708,0.0,3
11,5785813,1735743900000000,0.21928,0.286965,0.408897,0.445923,0.0,2
11,5785814,1735744200000000,0.21244,0.250791,0.380253,0.384091,0.0,1
11,5785815,1735744500000000,0.255182,0.277139,0.360379,0.371466,0.017507,2
11,5785816,1735744800000000,0.216392,0.237625,0.414693,0.423951,0.0,5
11,5785817,1735745100000000,0.208838,0.254144,0.347526,0.383206,0.0,5
11,5785818,1735745400000000,0.234949,0.258246,0.359045,0.379123,0.0,5
11,5785819,1735745700000000,0.235236,0.26232,0.350997,0.38926,0.0,3
11,5785820,1735746000000000,0.245425,0.264209,0.462163,0.495292,0.0,1
11,5785821,1735746300000000,0.254702,0.290404,0.39855,0.428744,0.052347,5
11,5785822,1735746600000000,0.226233,0.263519,0.38701,0.394081,0.0,7
11,5785823,1735746900000000,0.214811,0.256885,0.39384,0.407614,0.0,3
11,5785824,1735747200000000,0.18576,0.233188,0.290908,0.323718,0.0,1
11,5785825,1735747500000000,0.203119,0.250151,0.347331,0.386672,0.0,2
11,5785826,1735747800000000,0.223754,0.253134,0.396513,0.43163,0.0,1
11,5785827,1735748100000000,0.198743,0.270797,0.369396,0.407332,0.0,1
11,5785828,1735748400000000,0.191468,0.2324,0.455231,0.480904,0.0,3
11,5785829,1735748700000000,0.221185,0.287754,0.356007,0.37532,0.0,1
11,5785830,1735749000000000,0.233982,0.278572,0.419621,0.44021,0.0,7
11,5785831,1735749300000000,0.215563,0.245212,0.407687,0.426027,0.0,2
11,5785832,1735749600000000,0.665787,0.724879,0.538738,0.544933,0.04445,6
11,5785833,1735749900000000,0.660743,0.6749,0.544236,0.556467,0.023109,4
11,5785834,1735750200000000,0.670331,0.747905,0.523008,0.526623,0.188209,3
11,5785835,1735750500000000,0.259122,0.304906,0.311766,0.315308,0.00061,3
11,5785836,1735750800000000,0.267052,0.275386,0.407436,0.419909,0.039746,3
11,5785837,1735751100000000,0.23317,0.266879,0.398747,0.425392,0.0,5
11,5785838,1735751400000000,0.211723,0.268726,0.397529,0.422077,0.0,5
11,5785839,1735751700000000,0.221113,0.226562,0.379913,0.402292,0.0,3
11,5785840,1735752000000000,0.248319,0.269229,0.425728,0.455685,0.0,5
11,5785841,1735752300000000,0.203922,0.277872,0.336733,0.353641,0.0,2
11,5785842,1735752600000000,0.246058,0.274554,0.444856,0.46254,0.0,5
11,5785843,1735752900000000,0.216941,0.229674,0.336413,0.357134,0.0,1
11,5785844,1735753200000000,0.224088,0.231959,0.374117,0.376781,0.0,3
11,5785845,1735753500000000,0.205462,0.254987,0.399147,0.422414,0.0,2
11,5785846,1735753800000000,0.196173,0.240824,0.348062,0.378072,0.0,2
11,5785847,1735754100000000,0.214981,0.2668,0.405204,0.415749,0.0,5
11,5785848,1735754400000000,0.243454,0.320097,0.371498,0.40569,0.0,4
11,5785849,1735754700000000,0.207365,0.212174,0.377303,0.387952,0.0,7
11,5785850,1735755000000000,0.249025,0.264839,0.379914,0.400442,0.0,5
11,5785851,1735755300000000,0.209688,0.228394,0.350318,0.385297,0.0,6
11,5785852,1735755600000000,0.200772,0.234939,0.460313,0.489838,0.0,2
11,5785853,1735755900000000,0.224565,0.234248,0.345008,0.368053,0.0,1
11,5785854,1735756200000000,0.232223,0.265013,0.289834,0.314743,0.0,3
11,5785855,1735756500000000,0.223386,0.288681,0.34604,0.350395,0.0,4
11,5785856,1735756800000000,0.222717,0.23581,0.383203,0.411176,0.0,1
11,5785857,1735757100000000,0.248853,0.32218,0.372025,0.396502,0.0,2
11,5785858,1735757400000000,0.221708,0.294609,0.418341,0.421722,0.0,5
11,5785859,1735757700000000,0.211533,0.252572,0.413324,0.418296,0.0,7
11,5785860,1735758000000000,0.199607,0.268419,0.357127,0.395967,0.0,1
11,5785861,1735758300000000,0.242925,0.299846,0.317735,0.324859,0.0,6
11,5785862,1735758600000000,0.212338,0.240877,0.322992,0.358823,0.0,3
11,5785863,1735758900000000,0.214094,0.259034,0.373645,0.384678,0.0,3
11,5785864,1735759200000000,0.238934,0.248263,0.321046,0.336891,0.0,4
11,5785865,1735759500000000,0.256975,0.296636,0.37523,0.397449,0.031392,3
11,5785866,1735759800000000,0.224524,0.290922,0.435436,0.46047,0.0,2
11,5785867,1735760100000000,0.217534,0.264353,0.38985,0.409761,0.0,2
11,5785868,1735760400000000,0.219898,0.250461,0.378791,0.392729,0.0,3
11,5785869,1735760700000000,0.2118,0.264885,0.332499,0.352447,0.0,6
11,5785870,1735761000000000,0.213595,0.291743,0.382028,0.410055,0.0,1
11,5785871,1735761300000000,0.213691,0.21909,0.364451,0.38031,0.0,1
11,5785872,1735761600000000,0.236393,0.262822,0.392283,0.414093,0.0,2
11,5785873,1735761900000000,0.218413,0.230888,0.405528,0.420695,0.0,5
11,5785874,1735762200000000,0.244468,0.321023,0.421489,0.434686,0.0,0
11,5785875,1735762500000000,0.217907,0.261579,0.381423,0.393376,0.0,4
11,5785876,1735762800000000,0.213393,0.223767,0.395165,0.404123,0.0,3
11,5785877,1735763100000000,0.243002,0.291975,0.364571,0.395002,0.0,2
11,5785878,1735763400000000,0.220388,0.260422,0.422439,0.461794,0.0,4
11,5785879,1735763700000000,0.217724,0.22247,0.340719,0.341878,0.0,2
11,5785880,1735764000000000,0.220604,0.289765,0.368913,0.376755,0.0,7
11,5785881,1735764300000000,0.2464,0.303135,0.435705,0.474275,0.0,3
11,5785882,1735764600000000,0.225509,0.225929,0.359662,0.373333,0.0,6
11,5785883,1735764900000000,0.242491,0.319264,0.33124,0.346799,0.0,1
11,5785884,1735765200000000,0.633944,0.646685,0.50545,0.531969,0.053167,4
11,5785885,1735765500000000,0.657776,0.657797,0.585891,0.599998,0.043877,10
11,5785886,1735765800000000,0.224278,0.25846,0.287668,0.307376,0.0,3
11,5785887,1735766100000000,0.235886,0.247149,0.386656,0.422685,0.0,5
11,5785888,1735766400000000,0.2374,0.283011,0.35773,0.380321,0.0,3
11,5785889,1735766700000000,0.203051,0.227965,0.364362,0.391038,0.0,4
11,5785890,1735767000000000,0.221295,0.236109,0.363512,0.372195,0.0,1
11,5785891,1735767300000000,0.23723,0.316057,0.42145,0.431908,0.0,7
11,5785892,1735767600000000,0.240097,0.266715,0.386186,0.421848,0.0,6
11,5785893,1735767900000000,0.242562,0.27574,0.425318,0.462021,0.0,2
11,5785894,1735768200000000,0.221885,0.245424,0.429025,0.461304,0.0,5
11,5785895,1735768500000000,0.247724,0.314683,0.387899,0.392782,0.0,2
11,5785896,1735768800000000,0.20817,0.223913,0.35848,0.391221,0.0,6
11,5785897,1735769100000000,0.193094,0.203307,0.38267,0.383439,0.0,4
11,5785898,1735769400000000,0.215003,0.28552,0.398059,0.421921,0.0,1
11,5785899,1735769700000000,0.241525,0.256194,0.338402,0.365413,0.0,3
11,5785900,1735770000000000,0.200448,0.269083,0.379599,0.396656,0.0,5
11,5785901,1735770300000000,0.193543,0.239797,0.357598,0.376766,0.0,4
11,5785902,1735770600000000,0.189031,0.254901,0.349347,0.379021,0.0,4
11,5785903,1735770900000000,0.233247,0.23886,0.353999,0.389794,0.0,2
11,5785904,1735771200000000,0.193943,0.271033,0.342851,0.350425,0.0,2
11,5785905,1735771500000000,0.229883,0.253864,0.430685,0.436224,0.0,3
11,5785906,1735771800000000,0.214094,0.218785,0.360373,0.385573,0.0,9
11,5785907,1735772100000000,0.206129,0.26732,0.417896,0.427126,0.0,5
11,5785908,1735772400000000,0.202023,0.216299,0.375949,0.383718,0.0,3
11,5785909,1735772700000000,0.223713,0.251802,0.332991,0.341131,0.0,1
11,5785910,1735773000000000,0.206425,0.253998,0.37988,0.387753,0.0,1
11,5785911,1735773300000000,0.21991,0.2254,0.329452,0.348537,0.0,0
11,5785912,1735773600000000,0.227225,0.24338,0.403815,0.44239,0.0,3
11,5785913,1735773900000000,0.231028,0.270154,0.372549,0.405672,0.0,5
11,5785914,1735774200000000,0.236818,0.27057,0.417094,0.438827,0.0,3
11,5785915,1735774500000000,0.222965,0.267571,0.43538,0.438626,0.0,2
11,5785916,1735774800000000,0.201098,0.259389,0.300971,0.327888,0.0,2
11,5785917,1735775100000000,0.228383,0.256622,0.361488,0.379534,0.0,2
11,5785918,1735775400000000,0.231812,0.264164,0.332756,0.36389,0.0,0
11,5785919,1735775700000000,0.216732,0.238522,0.462187,0.481945,0.0,3
11,5785920,1735776000000000,0.214818,0.241994,0.357574,0.384305,0.0,3
11,5785921,1735776300000000,0.264553,0.268636,0.339989,0.347991,0.004476,2
11,5785922,1735776600000000,0.196725,0.243135,0.458467,0.491796,0.0,3
11,5785923,1735776900000000,0.228886,0.242708,0.351067,0.382244,0.0,3
11,5785924,1735777200000000,0.238829,0.296132,0.318716,0.333676,0.0,6
11,5785925,1735777500000000,0.213857,0.217233,0.328514,0.36706,0.0,0
11,5785926,1735777800000000,0.216967,0.221757,0.381666,0.388082,0.0,0
11,5785927,1735778100000000,0.212774,0.235549,0.376301,0.377101,0.0,5
11,5785928,1735778400000000,0.220004,0.255076,0.343561,0.374087,0.0,3
11,5785929,1735778700000000,0.236191,0.29168,0.363265,0.387288,0.0,1
11,5785930,1735779000000000,0.216432,0.271807,0.377875,0.382311,0.0,1
11,5785931,1735779300000000,0.275991,0.353861,0.449553,0.455934,0.003857,5
12,5785632,1735689600000000,0.215901,0.233468,0.393436,0.399701,0.0,4
12,5785633,1735689900000000,0.222357,0.299319,0.374793,0.414627,0.0,2
12,5785634,1735690200000000,0.223008,0.274482,0.382266,0.385406,0.0,2
12,5785635,1735690500000000,0.206103,0.229006,0.384287,0.387316,0.0,2
12,5785636,1735690800000000,0.246323,0.322082,0.350357,0.381851,0.0,6
12,5785637,1735691100000000,0.2204,0.2522,0.393258,0.397304,0.0,1
12,5785638,1735691400000000,0.229625,0.240894,0.414923,0.431127,0.0,6
12,5785639,1735691700000000,0.22764,0.304866,0.395568,0.432668,0.0,6
12,5785640,1735692000000000,0.227271,0.280545,0.365378,0.396893,0.0,3
12,5785641,1735692300000000,0.201926,0.262152,0.37765,0.386964,0.0,1
12,5785642,1735692600000000,0.219885,0.221686,0.362409,0.37245,0.0,2
12,5785643,1735692900000000,0.261053,0.283705,0.386619,0.41031,0.019945,3
12,5785644,1735693200000000,0.248569,0.324203,0.339492,0.358949,0.0,6
12,5785645,1735693500000000,0.637939,0.650381,0.578481,0.583151,0.190472,12
12,5785646,1735693800000000,0.628509,0.698387,0.597398,0.603744,0.033939,6
12,5785647,1735694100000000,0.595193,0.65683,0.48016,0.512276,0.048916,4
12,5785648,1735694400000000,0.211048,0.241329,0.405314,0.419105,0.0,3
12,5785649,1735694700000000,0.218588,0.289526,0.434821,0.466781,0.0,0
12,5785650,1735695000000000,0.214288,0.288105,0.336696,0.344289,0.0,3
12,5785651,1735695300000000,0.215542,0.284891,0.289102,0.31308,0.0,6
12,5785652,1735695600000000,0.231204,0.263802,0.441593,0.461798,0.0,4
12,5785653,1735695900000000,0.201994,0.248964,0.370285,0.38334,0.0,5
12,5785654,1735696200000000,0.224908,0.249398,0.357938,0.382281,0.0,7
12,5785655,1735696500000000,0.218015,0.228412,0.378199,0.38318,0.0,4
12,5785656,1735696800000000,0.204119,0.276287,0.356678,0.390937,0.0,3
12,5785657,1735697100000000,0.250134,0.328626,0.505925,0.535661,0.00317,6
12,5785658,1735697400000000,0.233461,0.238147,0.360483,0.371962,0.0,2
12,5785659,1735697700000000,0.205845,0.260864,0.385139,0.408345,0.0,5
12,5785660,1735698000000000,0.229311,0.30525,0.431949,0.468035,0.0,4
12,5785661,1735698300000000,0.19499,0.243623,0.419744,0.436636,0.0,3
12,5785662,1735698600000000,0.208057,0.211825,0.41666,0.431193,0.0,2
12,5785663,1735698900000000,0.243896,0.245089,0.368337,0.400295,0.0,5
12,5785664,1735699200000000,0.226327,0.266655,0.373131,0.373178,0.0,4
12,5785665,1735699500000000,0.224882,0.300077,0.29173,0.319185,0.0,4
12,5785666,1735699800000000,0.237765,0.260075,0.380238,0.38887,0.0,3
12,5785667,1735700100000000,0.231003,0.259029,0.382163,0.409933,0.0,4
12,5785668,1735700400000000,0.215211,0.278891,0.404993,0.422509,0.0,4
12,5785669,1735700700000000,0.236855,0.300988,0.454719,0.455531,0.0,6
12,5785670,1735701000000000,0.189599,0.26509,0.394812,0.429782,0.0,2
12,5785671,1735701300000000,0.207985,0.275079,0.415621,0.437482,0.0,1
12,5785672,1735701600000000,0.218255,0.265769,0.375691,0.388235,0.0,3
12,5785673,1735701900000000,0.229859,0.30496,0.431823,0.459958,0.0,2
12,5785674,1735702200000000,0.21415,0.263303,0.375398,0.395235,0.0,1
12,5785675,1735702500000000,0.187887,0.236013,0.411385,0.412783,0.0,5
12,5785676,1735702800000000,0.185359,0.1866,0.397056,0.423066,0.0,4
12,5785677,1735703100000000,0.218774,0.255211,0.39228,0.431061,0.0,6
12,5785678,1735703400000000,0.2114,0.214836,0.312361,0.32124,0.0,0
12,5785679,1735703700000000,0.20362,0.275522,0.415001,0.449518,0.0,2
12,5785680,1735704000000000,0.200609,0.201447,0.385339,0.410178,0.0,7
12,5785681,1735704300000000,0.222408,0.246968,0.405946,0.409062,0.0,2
12,5785682,1735704600000000,0.243441,0.323046,0.397746,0.426945,0.0,1
12,5785683,1735704900000000,0.222409,0.286015,0.397281,0.41494,0.0,1
12,5785684,1735705200000000,0.243681,0.304294,0.437314,0.469064,0.0,4
12,5785685,1735705500000000,0.213268,0.270299,0.355687,0.381117,0.0,4
12,5785686,1735705800000000,0.227982,0.232081,0.398499,0.398611,0.0,3
12,5785687,1735706100000000,0.244337,0.267393,0.35442,0.359472,0.0,7
12,5785688,1735706400000000,0.217158,0.281035,0.399073,0.41317,0.0,1
12,5785689,1735706700000000,0.220468,0.292112,0.387215,0.406489,0.0,1
12,5785690,1735707000000000,0.213259,0.241264,0.349402,0.386687,0.0,2
12,5785691,1735707300000000,0.230665,0.251418,0.384479,0.417358,0.0,2
12,5785692,1735707600000000,0.236241,0.255113,0.359936,0.392001,0.0,3
12,5785693,1735707900000000,0.226323,0.270168,0.364093,0.385676,0.0,2
12,5785694,1735708200000000,0.21587,0.239189,0.389747,0.393461,0.0,5
12,5785695,1735708500000000,0.193005,0.194712,0.378288,0.40812,0.0,4
12,5785696,1735708800000000,0.219128,0.250388,0.299876,0.303338,0.0,1
12,5785697,1735709100000000,0.216545,0.260844,0.39061,0.394268,0.0,4
12,5785698,1735709400000000,0.224248,0.274987,0.366353,0.376557,0.0,2
12,5785699,1735709700000000,0.222102,0.249539,0.361163,0.398066,0.0,1
12,5785700,1735710000000000,0.248303,0.273415,0.34182,0.371817,0.0,3
12,5785701,1735710300000000,0.207465,0.230175,0.370797,0.373863,0.0,1
12,5785702,1735710600000000,0.191645,0.241511,0.346155,0.382912,0.0,5
12,5785703,1735710900000000,0.199434,0.222124,0.420743,0.452078,0.0,4
12,5785704,1735711200000000,0.208595,0.281943,0.303031,0.327177,0.0,4
12,5785705,1735711500000000,0.239476,0.262011,0.34526,0.350338,0.0,4
12,5785706,1735711800000000,0.19665,0.259925,0.327562,0.340367,0.0,3
12,5785707,1735712100000000,0.199052,0.22463,0.380014,0.392042,0.0,2
12,5785708,1735712400000000,0.22745,0.27823,0.426533,0.452135,0.0,6
12,5785709,1735712700000000,0.634843,0.690765,0.54232,0.565835,0.011212,10
12,5785710,1735713000000000,0.59167,0.60562,0.463298,0.474388,0.020373,6
12,5785711,1735713300000000,0.587659,0.618056,0.488511,0.500955,0.004125,5
12,5785712,1735713600000000,0.543549,0.553756,0.457875,0.478613,0.014019,6
12,5785713,1735713900000000,0.569539,0.610392,0.519648,0.553464,0.04859,7
12,5785714,1735714200000000,0.222578,0.295332,0.35992,0.364969,0.0,5
12,5785715,1735714500000000,0.2065,0.254199,0.315763,0.344793,0.0,4
12,5785716,1735714800000000,0.23331,0.289443,0.405047,0.444874,0.0,7
12,5785717,1735715100000000,0.551228,0.573873,0.54346,0.57345,0.124261,4
12,5785718,1735715400000000,0.547054,0.584512,0.484322,0.501985,0.02663,6
12,5785719,1735715700000000,0.519933,0.579195,0.486792,0.516059,0.017816,6
12,5785720,1735716000000000,0.535122,0.545626,0.427041,0.461468,0.018189,6
12,5785721,1735716300000000,0.255225,0.264961,0.306959,0.337699,0.010442,3
12,5785722,1735716600000000,0.213947,0.231901,0.300918,0.301428,0.0,3
12,5785723,1735716900000000,0.202778,0.221722,0.369183,0.374443,0.0,7
12,5785724,1735717200000000,0.213119,0.290111,0.362274,0.36656,0.0,0
12,5785725,1735717500000000,0.222144,0.234832,0.3996,0.400873,0.0,0
12,5785726,1735717800000000,0.2359,0.244313,0.374659,0.40324,0.0,3
12,5785727,1735718100000000,0.23118,0.242194,0.420423,0.431118,0.0,2
12,5785728,1735718400000000,0.207821,0.224054,0.407628,0.436506,0.0,1
12,5785729,1735718700000000,0.242888,0.272386,0.372113,0.398757,0.0,3
12,5785730,1735719000000000,0.234664,0.250437,0.341995,0.362939,0.0,7
12,5785731,1735719300000000,0.211988,0.219012,0.297549,0.299938,0.0,3
12,5785732,1735719600000000,0.217692,0.228622,0.433535,0.445747,0.0,6
12,5785733,1735719900000000,0.230812,0.293985,0.343083,0.344168,0.0,3
12,5785734,1735720200000000,0.239345,0.280951,0.323913,0.360314,0.0,4
12,5785735,1735720500000000,0.192664,0.252334,0.372627,0.384972,0.0,4
12,5785736,1735720800000000,0.221268,0.235404,0.317942,0.32174,0.0,5
12,5785737,1735721100000000,0.21944,0.243854,0.381958,0.382059,0.0,3
12,5785738,1735721400000000,0.209729,0.288313,0.359953,0.384413,0.0,2
12,5785739,1735721700000000,0.209636,0.216489,0.41032,0.435158,0.0,5
12,5785740,1735722000000000,0.238979,0.274072,0.41711,0.456907,0.0,3
12,5785741,1735722300000000,0.229624,0.253286,0.424501,0.436046,0.0,3
12,5785742,1735722600000000,0.257919,0.258506,0.398522,0.400383,0.056067,6
12,5785743,1735722900000000,0.209744,0.25394,0.339077,0.370252,0.0,3
12,5785744,1735723200000000,0.222468,0.266469,0.336388,0.348572,0.0,2
12,5785745,1735723500000000,0.225575,0.251211,0.357723,0.37095,0.0,4
12,5785746,1735723800000000,0.23613,0.27391,0.462416,0.498726,0.0,3
12,5785747,1735724100000000,0.244451,0.275807,0.37559,0.398605,0.0,7
12,5785748,1735724400000000,0.221685,0.258821,0.38403,0.400044,0.0,5
12,5785749,1735724700000000,0.200294,0.268138,0.430847,0.468869,0.0,2
12,5785750,1735725000000000,0.207204,0.264322,0.382706,0.393318,0.0,1
12,5785751,1735725300000000,0.222569,0.244989,0.347953,0.348812,0.0,5
12,5785752,1735725600000000,0.24021,0.259373,0.41328,0.422515,0.0,3
12,5785753,1735725900000000,0.193965,0.251982,0.350749,0.352514,0.0,4
12,5785754,1735726200000000,0.19894,0.216901,0.381194,0.397504,0.0,4
12,5785755,1735726500000000,0.233629,0.306236,0.402256,0.435499,0.0,3
12,5785756,1735726800000000,0.196715,0.26334,0.349078,0.388085,0.0,5
12,5785757,1735727100000000,0.19975,0.219951,0.377367,0.40538,0.0,4
12,5785758,1735727400000000,0.240458,0.304578,0.448162,0.485207,0.0,2
12,5785759,1735727700000000,0.216016,0.231324,0.350544,0.366886,0.0,2
12,5785760,1735728000000000,0.214639,0.216628,0.427799,0.439908,0.0,1
12,5785761,1735728300000000,0.244629,0.321519,0.362,0.368169,0.0,5
12,5785762,1735728600000000,0.200866,0.261774,0.442386,0.462421,0.0,2
12,5785763,1735728900000000,0.197248,0.23637,0.334817,0.347895,0.0,3
12,5785764,1735729200000000,0.249326,0.316783,0.37151,0.375811,0.0,4
12,5785765,1735729500000000,0.2242,0.230266,0.4388,0.476077,0.0,0
12,5785766,1735729800000000,0.232235,0.291409,0.443371,0.44832,0.0,7
12,5785767,1735730100000000,0.2144,0.290907,0.407777,0.437367,0.0,2
12,5785768,1735730400000000,0.218081,0.283568,0.333054,0.335777,0.0,9
12,5785769,1735730700000000,0.207332,0.241866,0.375863,0.396947,0.0,5
12,5785770,1735731000000000,0.225726,0.253431,0.379054,0.406046,0.0,7
12,5785771,1735731300000000,0.234965,0.306358,0.348005,0.357387,0.0,5
12,5785772,1735731600000000,0.223528,0.246848,0.406108,0.409134,0.0,2
12,5785773,1735731900000000,0.239096,0.314092,0.352616,0.376351,0.0,3
12,5785774,1735732200000000,0.231923,0.257511,0.32955,0.353666,0.0,2
12,5785775,1735732500000000,0.201128,0.211129,0.30556,0.318039,0.0,2
12,5785776,1735732800000000,0.217395,0.236266,0.44458,0.459628,0.0,1
12,5785777,1735733100000000,0.211929,0.253488,0.353756,0.35558,0.0,2
12,5785778,1735733400000000,0.233562,0.24405,0.362166,0.373998,0.0,4
12,5785779,1735733700000000,0.228309,0.258705,0.338681,0.373985,0.0,4
12,5785780,1735734000000000,0.222293,0.294761,0.432519,0.439371,0.0,6
12,5785781,1735734300000000,0.238245,0.245756,0.328176,0.346898,0.0,3
12,5785782,1735734600000000,0.186418,0.235581,0.317081,0.344154,0.0,2
12,5785783,1735734900000000,0.209144,0.241445,0.360327,0.392442,0.0,5
12,5785784,1735735200000000,0.210671,0.262467,0.372872,0.376118,0.0,2
12,5785785,1735735500000000,0.224531,0.2637,0.404931,0.428605,0.0,3
12,5785786,1735735800000000,0.229951,0.300087,0.353459,0.37855,0.0,3
12,5785787,1735736100000000,0.219976,0.252176,0.438765,0.44666,0.0,5
12,5785788,1735736400000000,0.196331,0.237005,0.341964,0.343198,0.0,5
12,5785789,1735736700000000,0.227322,0.237733,0.339219,0.372994,0.0,3
12,5785790,1735737000000000,0.222305,0.26153,0.333656,0.351259,0.0,2
12,5785791,1735737300000000,0.193563,0.202742,0.336791,0.339223,0.0,4
12,5785792,1735737600000000,0.214683,0.261333,0.328397,0.351518,0.0,1
12,5785793,1735737900000000,0.226732,0.260924,0.409393,0.424469,0.0,2
12,5785794,1735738200000000,0.249758,0.312427,0.347382,0.35059,0.0,2
12,5785795,1735738500000000,0.200397,0.233875,0.364826,0.37631,0.0,2
12,5785796,1735738800000000,0.234222,0.28467,0.340796,0.353869,0.0,1
12,5785797,1735739100000000,0.200623,0.205343,0.32324,0.346236,0.0,7
12,5785798,1735739400000000,0.197129,0.253931,0.413257,0.42939,0.0,3
12,5785799,1735739700000000,0.198191,0.274786,0.433478,0.437758,0.0,6
12,5785800,1735740000000000,0.23089,0.266713,0.431572,0.456985,0.0,3
12,5785801,1735740300000000,0.222338,0.223126,0.318965,0.348117,0.0,4
12,5785802,1735740600000000,0.214336,0.262627,0.321714,0.342006,0.0,4
12,5785803,1735740900000000,0.228241,0.239855,0.45902,0.461554,0.0,1
12,5785804,1735741200000000,0.220735,0.258172,0.367084,0.371213,0.0,6
12,5785805,1735741500000000,0.221989,0.224586,0.322704,0.36049,0.0,2
12,5785806,1735741800000000,0.214537,0.249961,0.418377,0.425952,0.0,1
12,5785807,1735742100000000,0.201504,0.271463,0.373222,0.385522,0.0,4
12,5785808,1735742400000000,0.250444,0.261274,0.410435,0.437936,0.089445,4
12,5785809,1735742700000000,0.245208,0.285074,0.296307,0.327981,0.0,5
12,5785810,1735743000000000,0.248623,0.268933,0.373967,0.410408,0.0,5
12,5785811,1735743300000000,0.603422,0.624305,0.54915,0.564957,0.039143,3
12,5785812,1735743600000000,0.600855,0.65232,0.484685,0.524377,0.086331,6
12,5785813,1735743900000000,0.60567,0.665532,0.561384,0.56554,0.01359,1
12,5785814,1735744200000000,0.239334,0.309197,0.331097,0.364158,0.0,5
12,5785815,1735744500000000,0.219997,0.242256,0.372496,0.38338,0.0,2
12,5785816,1735744800000000,0.210223,0.215885,0.439375,0.476858,0.0,2
12,5785817,1735745100000000,0.637606,0.672989,0.477128,0.511896,0.021874,4
12,5785818,1735745400000000,0.6178,0.664568,0.527089,0.55758,0.015286,3
12,5785819,1735745700000000,0.606659,0.665826,0.535735,0.559885,0.036286,8
12,5785820,1735746000000000,0.633383,0.693868,0.52534,0.533918,0.003464,7
12,5785821,1735746300000000,0.210711,0.2798,0.363747,0.382224,0.0,2
12,5785822,1735746600000000,0.219753,0.222247,0.341861,0.343252,0.0,5
12,5785823,1735746900000000,0.171673,0.250152,0.367947,0.396323,0.0,5
12,5785824,1735747200000000,0.203943,0.281288,0.367274,0.371909,0.0,6
12,5785825,1735747500000000,0.219189,0.222033,0.319264,0.329596,0.0,4
12,5785826,1735747800000000,0.192705,0.217769,0.411441,0.421243,0.0,3
12,5785827,1735748100000000,0.193317,0.25456,0.331259,0.362777,0.0,0
12,5785828,1735748400000000,0.220698,0.258979,0.320832,0.336858,0.0,9
12,5785829,1735748700000000,0.232628,0.233,0.357593,0.378974,0.0,1
12,5785830,1735749000000000,0.203949,0.232326,0.335673,0.344018,0.0,5
12,5785831,1735749300000000,0.215282,0.261597,0.365019,0.378383,0.0,5
12,5785832,1735749600000000,0.215698,0.286064,0.325796,0.346272,0.0,0
12,5785833,1735749900000000,0.191878,0.258218,0.385076,0.392844,0.0,5
12,5785834,1735750200000000,0.24131,0.317015,0.439701,0.467293,0.0,5
12,5785835,1735750500000000,0.216707,0.254141,0.380082,0.398053,0.0,4
12,5785836,1735750800000000,0.2169,0.280762,0.318143,0.357489,0.0,6
12,5785837,1735751100000000,0.226714,0.234773,0.342821,0.352682,0.0,4
12,5785838,1735751400000000,0.19192,0.233397,0.376023,0.391866,0.0,5
12,5785839,1735751700000000,0.236559,0.309885,0.304117,0.341104,0.0,7
12,5785840,1735752000000000,0.238911,0.306019,0.334308,0.369747,0.0,2
12,5785841,1735752300000000,0.22253,0.274978,0.311985,0.331352,0.0,3
12,5785842,1735752600000000,0.22832,0.240256,0.384529,0.389473,0.0,2
12,5785843,1735752900000000,0.214131,0.228697,0.461433,0.477784,0.0,5
12,5785844,1735753200000000,0.235539,0.289831,0.331999,0.355493,0.0,8
12,5785845,1735753500000000,0.205187,0.231233,0.404469,0.414638,0.0,3
12,5785846,1735753800000000,0.219417,0.245773,0.354241,0.361886,0.0,3
12,5785847,1735754100000000,0.220491,0.288301,0.324365,0.345622,0.0,4
12,5785848,1735754400000000,0.219304,0.220941,0.439321,0.446362,0.0,4
12,5785849,1735754700000000,0.239244,0.270646,0.470129,0.505111,0.0,2
12,5785850,1735755000000000,0.259388,0.278445,0.40726,0.41023,0.000284,5
12,5785851,1735755300000000,0.218023,0.220191,0.390808,0.430304,0.0,0
12,5785852,1735755600000000,0.228466,0.245792,0.382454,0.403972,0.0,4
12,5785853,1735755900000000,0.205556,0.220296,0.366015,0.405357,0.0,3
12,5785854,1735756200000000,0.238575,0.278933,0.397104,0.427165,0.0,3
12,5785855,1735756500000000,0.210685,0.245501,0.400785,0.406901,0.0,3
12,5785856,1735756800000000,0.276612,0.314348,0.463348,0.472445,0.023271,1
12,5785857,1735757100000000,0.189927,0.26016,0.345565,0.349843,0.0,4
12,5785858,1735757400000000,0.258654,0.298208,0.395624,0.424788,0.045343,4
12,5785859,1735757700000000,0.237842,0.288962,0.379707,0.386453,0.0,10
12,5785860,1735758000000000,0.1998,0.251598,0.410892,0.439476,0.0,4
12,5785861,1735758300000000,0.26175,0.3031,0.487616,0.521996,0.125038,4
12,5785862,1735758600000000,0.203289,0.227671,0.413494,0.429962,0.0,5
12,5785863,1735758900000000,0.214342,0.286595,0.406949,0.433391,0.0,2
12,5785864,1735759200000000,0.196661,0.231715,0.405146,0.440954,0.0,6
12,5785865,1735759500000000,0.217364,0.263054,0.426774,0.456899,0.0,1
12,5785866,1735759800000000,0.219051,0.263783,0.473246,0.478476,0.0,4
12,5785867,1735760100000000,0.234941,0.301152,0.314814,0.326514,0.0,3
12,5785868,1735760400000000,0.26389,0.306659,0.416345,0.437771,0.000378,4
12,5785869,1735760700000000,0.210767,0.247319,0.27052,0.281091,0.0,1
12,5785870,1735761000000000,0.170453,0.207258,0.397713,0.41795,0.0,2
12,5785871,1735761300000000,0.231673,0.294069,0.403127,0.44124,0.0,1
12,5785872,1735761600000000,0.210094,0.236492,0.35166,0.369787,0.0,1
12,5785873,1735761900000000,0.252732,0.32752,0.281655,0.292122,0.022316,5
12,5785874,1735762200000000,0.554847,0.622576,0.493621,0.499484,0.114672,4
12,5785875,1735762500000000,0.541806,0.552874,0.498546,0.53459,0.020334,4
12,5785876,1735762800000000,0.537236,0.562616,0.485508,0.4947,0.092827,5
12,5785877,1735763100000000,0.566682,0.639131,0.473482,0.481226,0.060958,4
12,5785878,1735763400000000,0.215046,0.237315,0.339394,0.36144,0.0,3
12,5785879,1735763700000000,0.246419,0.271831,0.384175,0.402644,0.0,1
12,5785880,1735764000000000,0.216209,0.233606,0.343598,0.359025,0.0,2
12,5785881,1735764300000000,0.245463,0.249815,0.418284,0.44143,0.0,7
12,5785882,1735764600000000,0.195158,0.233434,0.365157,0.387933,0.0,3
12,5785883,1735764900000000,0.188705,0.249093,0.29706,0.299796,0.0,5
12,5785884,1735765200000000,0.234925,0.287725,0.389292,0.405889,0.0,2
12,5785885,1735765500000000,0.21164,0.21385,0.390642,0.419481,0.0,3
12,5785886,1735765800000000,0.215256,0.257127,0.440059,0.455326,0.0,2
12,5785887,1735766100000000,0.201781,0.228204,0.407749,0.447655,0.0,4
12,5785888,1735766400000000,0.200461,0.251804,0.334214,0.343629,0.0,3
12,5785889,1735766700000000,0.231442,0.263855,0.438038,0.457892,0.0,5
12,5785890,1735767000000000,0.219661,0.298103,0.32144,0.348397,0.0,8
12,5785891,1735767300000000,0.200916,0.267192,0.371447,0.393362,0.0,4
12,5785892,1735767600000000,0.23423,0.290259,0.412143,0.413706,0.0,1
12,5785893,1735767900000000,0.241148,0.282402,0.44275,0.463296,0.0,4
12,5785894,1735768200000000,0.5531,0.600389,0.569141,0.607798,0.034851,1
12,5785895,1735768500000000,0.573117,0.608487,0.55158,0.567846,0.058249,6
12,5785896,1735768800000000,0.201968,0.26554,0.365224,0.369871,0.0,2
12,5785897,1735769100000000,0.23039,0.303048,0.403823,0.404674,0.0,5
12,5785898,1735769400000000,0.222912,0.302839,0.386995,0.403486,0.0,5
12,5785899,1735769700000000,0.205752,0.253658,0.343636,0.351048,0.0,4
12,5785900,1735770000000000,0.256955,0.311506,0.385309,0.418697,0.082489,0
12,5785901,1735770300000000,0.22419,0.256179,0.450379,0.48847,0.0,2
12,5785902,1735770600000000,0.209365,0.210043,0.399124,0.436745,0.0,2
12,5785903,1735770900000000,0.220353,0.276612,0.459498,0.47448,0.0,8
12,5785904,1735771200000000,0.204345,0.279068,0.328221,0.346411,0.0,2
12,5785905,1735771500000000,0.199176,0.267946,0.354449,0.367053,0.0,2
12,5785906,1735771800000000,0.21191,0.2822,0.390779,0.395941,0.0,4
12,5785907,1735772100000000,0.213129,0.245299,0.40429,0.426651,0.0,1
12,5785908,1735772400000000,0.205525,0.262609,0.367262,0.374711,0.0,4
12,5785909,1735772700000000,0.24252,0.293594,0.416902,0.419278,0.0,5
12,5785910,1735773000000000,0.206216,0.249491,0.403894,0.437871,0.0,3
12,5785911,1735773300000000,0.20322,0.215349,0.31561,0.347551,0.0,2
12,5785912,1735773600000000,0.198657,0.244692,0.399668,0.436719,0.0,6
12,5785913,1735773900000000,0.196924,0.220812,0.411854,0.42495,0.0,4
12,5785914,1735774200000000,0.238494,0.294781,0.395319,0.430148,0.0,4
12,5785915,1735774500000000,0.224647,0.300235,0.305028,0.320966,0.0,3
12,5785916,1735774800000000,0.232426,0.290639,0.370276,0.373187,0.0,3
12,5785917,1735775100000000,0.238331,0.259094,0.400934,0.419247,0.0,0
12,5785918,1735775400000000,0.214001,0.25122,0.340272,0.362423,0.0,4
12,5785919,1735775700000000,0.2465,0.29169,0.423007,0.440291,0.0,1
12,5785920,1735776000000000,0.535916,0.594008,0.516754,0.548172,0.002901,14
12,5785921,1735776300000000,0.527477,0.539304,0.489996,0.504069,0.020334,7
12,5785922,1735776600000000,0.553925,0.595972,0.494571,0.531414,0.033753,8
12,5785923,1735776900000000,0.222602,0.291413,0.385626,0.388593,0.0,2
12,5785924,1735777200000000,0.222573,0.22478,0.377738,0.406555,0.0,1
12,5785925,1735777500000000,0.238276,0.296482,0.331977,0.369136,0.0,1
12,5785926,1735777800000000,0.221912,0.292347,0.360465,0.382591,0.0,3
12,5785927,1735778100000000,0.225635,0.289296,0.381871,0.417018,0.0,6
12,5785928,1735778400000000,0.244473,0.31902,0.44231,0.469983,0.0,4
12,5785929,1735778700000000,0.2248,0.287417,0.406362,0.406943,0.0,3
12,5785930,1735779000000000,0.228897,0.270339,0.439007,0.465856,0.0,2
12,5785931,1735779300000000,0.194481,0.232636,0.31187,0.338133,0.0,7
13,5785632,1735689600000000,0.070106,0.11971,0.329896,0.355613,0.0,1
13,5785633,1735689900000000,0.065101,0.135417,0.274867,0.305777,0.0,1
13,5785634,1735690200000000,0.077447,0.134246,0.320686,0.346327,0.0,3
13,5785635,1735690500000000,0.046931,0.093613,0.316851,0.349069,0.0,4
13,5785636,1735690800000000,0.055701,0.082583,0.349759,0.365383,0.0,2
13,5785637,1735691100000000,0.086426,0.12725,0.379934,0.397308,0.0,1
13,5785638,1735691400000000,0.063112,0.130038,0.37773,0.391138,0.0,1
13,5785639,1735691700000000,0.768883,0.848531,0.590598,0.613657,0.014139,12
13,5785640,1735692000000000,0.793377,0.853869,0.57765,0.592636,0.123957,7
13,5785641,1735692300000000,0.075074,0.138287,0.385612,0.425126,0.0,4
13,5785642,1735692600000000,0.036603,0.092557,0.298911,0.323031,0.0,2
13,5785643,1735692900000000,0.073139,0.134495,0.327778,0.341206,0.0,6
13,5785644,1735693200000000,0.062472,0.081926,0.312128,0.332454,0.0,3
13,5785645,1735693500000000,0.072814,0.106721,0.240233,0.271458,0.0,1
13,5785646,1735693800000000,0.060193,0.104672,0.371938,0.404182,0.0,3
13,5785647,1735694100000000,0.068357,0.112315,0.350946,0.37643,0.0,3
13,5785648,1735694400000000,0.027042,0.074823,0.214664,0.214758,0.0,0
13,5785649,1735694700000000,0.043891,0.121774,0.355432,0.390177,0.0,0
13,5785650,1735695000000000,0.073322,0.141743,0.313525,0.349917,0.0,1
13,5785651,1735695300000000,0.107186,0.173413,0.377057,0.411923,0.0,3
13,5785652,1735695600000000,0.066611,0.133041,0.326345,0.35319,0.0,5
13,5785653,1735695900000000,0.04753,0.110996,0.262342,0.263426,0.0,3
13,5785654,1735696200000000,0.062437,0.116774,0.322907,0.360938,0.0,0
13,5785655,1735696500000000,0.043918,0.064442,0.279433,0.282146,0.0,2
13,5785656,1735696800000000,0.082497,0.150958,0.279959,0.285938,0.0,4
13,5785657,1735697100000000,0.060865,0.083244,0.355984,0.3811,0.0,0
13,5785658,1735697400000000,0.078958,0.136949,0.343297,0.361769,0.0,1
13,5785659,1735697700000000,0.057238,0.066117,0.379936,0.410126,0.0,4
13,5785660,1735698000000000,0.080555,0.124338,0.312419,0.337745,0.0,3
13,5785661,1735698300000000,0.695786,0.72129,0.505009,0.505177,0.057037,4
13,5785662,1735698600000000,0.725451,0.781808,0.57946,0.605173,0.006074,2
13,5785663,1735698900000000,0.734723,0.803146,0.523806,0.558135,0.033791,5
13,5785664,1735699200000000,0.05517,0.056412,0.306902,0.340988,0.0,2
13,5785665,1735699500000000,0.066471,0.075617,0.344269,0.350565,0.0,0
13,5785666,1735699800000000,0.066166,0.140207,0.31812,0.332015,0.0,2
13,5785667,1735700100000000,0.078879,0.098021,0.308058,0.31284,0.0,4
13,5785668,1735700400000000,0.071187,0.129651,0.268809,0.298868,0.0,1
13,5785669,1735700700000000,0.067073,0.132076,0.360951,0.386054,0.0,1
13,5785670,1735701000000000,0.07583,0.135074,0.311804,0.331181,0.0,1
13,5785671,1735701300000000,0.035645,0.038214,0.3372,0.34919,0.0,5
13,5785672,1735701600000000,0.046457,0.105291,0.3357,0.367183,0.0,1
13,5785673,1735701900000000,0.035065,0.111991,0.355924,0.387582,0.0,2
13,5785674,1735702200000000,0.069875,0.099378,0.315033,0.334681,0.0,3
13,5785675,1735702500000000,0.067449,0.124269,0.309698,0.314675,0.0,5
13,5785676,1735702800000000,0.084935,0.107053,0.285397,0.304011,0.0,2
13,5785677,1735703100000000,0.06633,0.146126,0.301509,0.337352,0.0,4
13,5785678,1735703400000000,0.048629,0.065297,0.330667,0.35403,0.0,3
13,5785679,1735703700000000,0.062412,0.086857,0.289162,0.319322,0.0,2
13,5785680,1735704000000000,0.026242,0.039675,0.321816,0.333603,0.0,2
13,5785681,1735704300000000,0.052652,0.129066,0.37712,0.390846,0.0,3
13,5785682,1735704600000000,0.017752,0.063466,0.288405,0.29309,0.0,1
13,5785683,1735704900000000,0.065913,0.085672,0.270495,0.284207,0.0,1
13,5785684,1735705200000000,0.054973,0.065733,0.302704,0.309489,0.0,0
13,5785685,1735705500000000,0.057619,0.127604,0.26326,0.284819,0.0,4
13,5785686,1735705800000000,0.043231,0.048244,0.3685,0.384252,0.0,6
13,5785687,1735706100000000,0.047961,0.099422,0.32018,0.35361,0.0,1
13,5785688,1735706400000000,0.072467,0.121277,0.296225,0.311534,0.0,2
13,5785689,1735706700000000,0.034151,0.095894,0.289559,0.298052,0.0,4
13,5785690,1735707000000000,0.069102,0.12365,0.276901,0.280271,0.0,4
13,5785691,1735707300000000,0.045398,0.112316,0.356335,0.366438,0.0,6
13,5785692,1735707600000000,0.029742,0.032784,0.383898,0.411792,0.0,1
13,5785693,1735707900000000,0.082074,0.116497,0.268962,0.294012,0.0,3
13,5785694,1735708200000000,0.083925,0.090403,0.371104,0.395902,0.0,3
13,5785695,1735708500000000,0.05029,0.082707,0.307767,0.342094,0.0,3
13,5785696,1735708800000000,0.050113,0.094979,0.368239,0.378352,0.0,3
13,5785697,1735709100000000,0.055484,0.102986,0.246066,0.264898,0.0,2
13,5785698,1735709400000000,0.045419,0.1194,0.324912,0.33164,0.0,5
13,5785699,1735709700000000,0.048591,0.122329,0.300691,0.309443,0.0,1
13,5785700,1735710000000000,0.068101,0.092884,0.350199,0.365036,0.0,4
13,5785701,1735710300000000,0.09733,0.153256,0.336511,0.364794,0.0,2
13,5785702,1735710600000000,0.053615,0.110632,0.319656,0.353004,0.0,1
13,5785703,1735710900000000,0.078416,0.154988,0.323206,0.335495,0.0,2
13,5785704,1735711200000000,0.066352,0.073067,0.385715,0.401626,0.0,3
13,5785705,1735711500000000,0.0299,0.079272,0.303466,0.338972,0.0,5
13,5785706,1735711800000000,0.05956,0.092141,0.355417,0.386627,0.0,0
13,5785707,1735712100000000,0.057299,0.085085,0.345195,0.372809,0.0,4
13,5785708,1735712400000000,0.086362,0.135761,0.365779,0.382065,0.0,3
13,5785709,1735712700000000,0.840328,0.862691,0.553525,0.567167,0.060252,6
13,5785710,1735713000000000,0.820018,0.822887,0.615293,0.64423,0.039771,8
13,5785711,1735713300000000,0.835092,0.897316,0.605757,0.60949,0.015494,10
13,5785712,1735713600000000,0.057366,0.064309,0.2725,0.294238,0.0,5
13,5785713,1735713900000000,0.080148,0.106404,0.319556,0.321988,0.0,5
13,5785714,1735714200000000,0.061806,0.1094,0.413403,0.438337,0.0,3
13,5785715,1735714500000000,0.079758,0.129657,0.312243,0.33498,0.0,1
13,5785716,1735714800000000,0.826557,0.879858,0.574589,0.576981,0.026286,8
13,5785717,1735715100000000,0.817864,0.897424,0.604281,0.621075,0.001311,8
13,5785718,1735715400000000,0.791619,0.82373,0.555432,0.56313,0.051836,12
13,5785719,1735715700000000,0.05243,0.06343,0.323969,0.355894,0.0,1
13,5785720,1735716000000000,0.073541,0.084577,0.307783,0.344314,0.0,1
13,5785721,1735716300000000,0.076082,0.116902,0.342724,0.355311,0.0,2
13,5785722,1735716600000000,0.062851,0.09355,0.319522,0.320695,0.0,1
13,5785723,1735716900000000,0.054379,0.127432,0.397112,0.433018,0.0,3
13,5785724,1735717200000000,0.063445,0.10432,0.324046,0.357827,0.0,2
13,5785725,1735717500000000,0.054987,0.091144,0.310341,0.342215,0.0,1
13,5785726,1735717800000000,0.055088,0.124076,0.360458,0.374713,0.0,2
13,5785727,1735718100000000,0.095281,0.158969,0.277705,0.280893,0.0,5
13,5785728,1735718400000000,0.051441,0.108552,0.385673,0.424668,0.0,3
13,5785729,1735718700000000,0.753458,0.795646,0.524171,0.543907,0.009208,8
13,5785730,1735719000000000,0.74707,0.765844,0.609172,0.623437,0.076303,5
13,5785731,1735719300000000,0.72224,0.767638,0.611048,0.642137,0.005895,5
13,5785732,1735719600000000,0.037302,0.046563,0.292023,0.318851,0.0,3
13,5785733,1735719900000000,0.05854,0.101485,0.3033,0.304975,0.0,2
13,5785734,1735720200000000,0.024851,0.092967,0.304331,0.342667,0.0,2
13,5785735,1735720500000000,0.092947,0.134148,0.357393,0.379636,0.0,1
13,5785736,1735720800000000,0.736426,0.741904,0.517827,0.525356,0.017092,5
13,5785737,1735721100000000,0.734957,0.737463,0.552866,0.553505,0.036549,4
13,5785738,1735721400000000,0.76495,0.833789,0.555195,0.577285,0.00096,8
13,5785739,1735721700000000,0.057467,0.07541,0.274061,0.297823,0.0,2
13,5785740,1735722000000000,0.071719,0.113775,0.283301,0.287286,0.0,0
13,5785741,1735722300000000,0.049693,0.111837,0.322523,0.34432,0.0,6
13,5785742,1735722600000000,0.060818,0.081075,0.325707,0.342976,0.0,4
13,5785743,1735722900000000,0.077433,0.136428,0.296542,0.314047,0.0,1
13,5785744,1735723200000000,0.044487,0.050511,0.31874,0.357751,0.0,0
13,5785745,1735723500000000,0.069499,0.129388,0.298447,0.310282,0.0,2
13,5785746,1735723800000000,0.016503,0.021622,0.35806,0.393426,0.0,1
13,5785747,1735724100000000,0.082779,0.10495,0.324853,0.338634,0.0,2
13,5785748,1735724400000000,0.049985,0.070521,0.361396,0.368576,0.0,5
13,5785749,1735724700000000,0.058458,0.129771,0.252753,0.258843,0.0,4
13,5785750,1735725000000000,0.058237,0.100995,0.333294,0.370919,0.0,2
13,5785751,1735725300000000,0.042453,0.109899,0.338702,0.339633,0.0,2
13,5785752,1735725600000000,0.041071,0.087653,0.308859,0.317626,0.0,2
13,5785753,1735725900000000,0.069384,0.133937,0.30273,0.316349,0.0,1
13,5785754,1735726200000000,0.07023,0.114337,0.318425,0.344697,0.0,1
13,5785755,1735726500000000,0.044065,0.080058,0.345121,0.360153,0.0,4
13,5785756,1735726800000000,0.069739,0.122377,0.275987,0.276804,0.0,1
13,5785757,1735727100000000,0.070042,0.092958,0.352534,0.373213,0.0,4
13,5785758,1735727400000000,0.053192,0.126691,0.331352,0.36673,0.0,4
13,5785759,1735727700000000,0.036717,0.109368,0.302419,0.337882,0.0,0
13,5785760,1735728000000000,0.059324,0.065143,0.312041,0.351705,0.0,0
13,5785761,1735728300000000,0.066571,0.139915,0.325774,0.33947,0.0,1
13,5785762,1735728600000000,0.05894,0.07349,0.386974,0.391872,0.0,0
13,5785763,1735728900000000,0.049335,0.103837,0.331187,0.333969,0.0,0
13,5785764,1735729200000000,0.068405,0.134254,0.286234,0.320918,0.0,4
13,5785765,1735729500000000,0.082776,0.102075,0.31156,0.341488,0.0,1
13,5785766,1735729800000000,0.046135,0.055147,0.270364,0.295467,0.0,1
13,5785767,1735730100000000,0.054636,0.11513,0.243531,0.263401,0.0,3
13,5785768,1735730400000000,0.109377,0.144771,0.291796,0.31009,0.0,7
13,5785769,1735730700000000,0.065236,0.10417,0.327636,0.347394,0.0,2
13,5785770,1735731000000000,0.037197,0.098146,0.363977,0.378531,0.0,3
13,5785771,1735731300000000,0.051404,0.071707,0.357822,0.376809,0.0,2
13,5785772,1735731600000000,0.046375,0.054148,0.270021,0.278434,0.0,1
13,5785773,1735731900000000,0.066847,0.143466,0.29149,0.296201,0.0,1
13,5785774,1735732200000000,0.065539,0.121512,0.285391,0.293843,0.0,0
13,5785775,1735732500000000,0.048543,0.100714,0.213726,0.252564,0.0,3
13,5785776,1735732800000000,0.093414,0.120049,0.325989,0.365617,0.0,2
13,5785777,1735733100000000,0.641617,0.721273,0.556696,0.586757,0.037061,8
13,5785778,1735733400000000,0.631881,0.649685,0.511063,0.544551,0.108597,9
13,5785779,1735733700000000,0.03802,0.052268,0.262594,0.266737,0.0,3
13,5785780,1735734000000000,0.043894,0.069357,0.281557,0.286478,0.0,2
13,5785781,1735734300000000,0.037572,0.096688,0.299996,0.303702,0.0,5
13,5785782,1735734600000000,0.05657,0.075531,0.350608,0.353136,0.0,0
13,5785783,1735734900000000,0.044071,0.069092,0.308112,0.338006,0.0,2
13,5785784,1735735200000000,0.074112,0.116482,0.351335,0.353592,0.0,3
13,5785785,1735735500000000,0.04948,0.101476,0.314064,0.352026,0.0,1
13,5785786,1735735800000000,0.075124,0.087061,0.335765,0.361926,0.0,3
13,5785787,1735736100000000,0.068846,0.121218,0.286489,0.293325,0.0,4
13,5785788,1735736400000000,0.071619,0.102104,0.297633,0.330334,0.0,2
13,5785789,1735736700000000,0.076141,0.103834,0.276417,0.309365,0.0,2
13,5785790,1735737000000000,0.09588,0.102201,0.357624,0.38018,0.0,2
13,5785791,1735737300000000,0.044718,0.122635,0.304004,0.307643,0.0,3
13,5785792,1735737600000000,0.075228,0.130678,0.182425,0.198456,0.0,3
13,5785793,1735737900000000,0.067166,0.075157,0.342754,0.364696,0.0,2
13,5785794,1735738200000000,0.079139,0.108438,0.366664,0.396416,0.0,2
13,5785795,1735738500000000,0.061994,0.0684,0.28923,0.30117,0.0,2
13,5785796,1735738800000000,0.081168,0.124491,0.34762,0.382547,0.0,5
13,5785797,1735739100000000,0.036751,0.092763,0.304474,0.314503,0.0,2
13,5785798,1735739400000000,0.041922,0.046447,0.22996,0.269888,0.0,3
13,5785799,1735739700000000,0.049754,0.123528,0.395533,0.400135,0.0,4
13,5785800,1735740000000000,0.77791,0.807841,0.56412,0.597438,0.045189,8
13,5785801,1735740300000000,0.78009,0.798874,0.581088,0.586377,0.06089,5
13,5785802,1735740600000000,0.765935,0.776324,0.543094,0.573466,0.027357,10
13,5785803,1735740900000000,0.674515,0.686165,0.524259,0.558751,0.033024,9
13,5785804,1735741200000000,0.680556,0.748539,0.544661,0.557178,0.006248,4
13,5785805,1735741500000000,0.029232,0.067636,0.26853,0.272583,0.0,2
13,5785806,1735741800000000,0.054814,0.118689,0.386943,0.42694,0.0,6
13,5785807,1735742100000000,0.058949,0.077115,0.354158,0.393,0.0,3
13,5785808,1735742400000000,0.682161,0.707597,0.559429,0.589702,0.033162,8
13,5785809,1735742700000000,0.677226,0.710235,0.531358,0.546817,0.013546,4
13,5785810,1735743000000000,0.706503,0.742865,0.516827,0.522203,0.085704,11
13,5785811,1735743300000000,0.074623,0.082437,0.367322,0.384044,0.0,5
13,5785812,1735743600000000,0.073272,0.076872,0.350073,0.378887,0.0,4
13,5785813,1735743900000000,0.066565,0.146236,0.307321,0.313415,0.0,2
13,5785814,1735744200000000,0.069643,0.122966,0.280994,0.281666,0.0,5
13,5785815,1735744500000000,0.056027,0.060408,0.256573,0.292735,0.0,2
13,5785816,1735744800000000,0.061793,0.123598,0.322771,0.35077,0.0,2
13,5785817,1735745100000000,0.094588,0.123477,0.323149,0.350902,0.0,4
13,5785818,1735745400000000,0.058739,0.122456,0.367984,0.405871,0.0,4
13,5785819,1735745700000000,0.036026,0.112011,0.352297,0.373126,0.0,1
13,5785820,1735746000000000,0.072543,0.074668,0.326946,0.339669,0.0,3
13,5785821,1735746300000000,0.075754,0.152897,0.323269,0.359646,0.0,7
13,5785822,1735746600000000,0.062781,0.076042,0.27589,0.315322,0.0,3
13,5785823,1735746900000000,0.02619,0.049968,0.351606,0.352424,0.0,4
13,5785824,1735747200000000,0.083159,0.133315,0.326836,0.340063,0.0,1
13,5785825,1735747500000000,0.064138,0.121413,0.34666,0.361156,0.0,1
13,5785826,1735747800000000,0.054415,0.068034,0.366118,0.370567,0.0,0
13,5785827,1735748100000000,0.081385,0.092331,0.30586,0.314723,0.0,5
13,5785828,1735748400000000,0.023557,0.04648,0.275128,0.276106,0.0,1
13,5785829,1735748700000000,0.062014,0.088061,0.420453,0.44831,0.0,2
13,5785830,1735749000000000,0.050266,0.075723,0.341372,0.345648,0.0,2
13,5785831,1735749300000000,0.086859,0.100564,0.319257,0.354762,0.0,4
13,5785832,1735749600000000,0.064372,0.142036,0.372126,0.395485,0.0,3
13,5785833,1735749900000000,0.044436,0.108282,0.303222,0.317469,0.0,2
13,5785834,1735750200000000,0.080488,0.15889,0.34119,0.373546,0.0,3
13,5785835,1735750500000000,0.015737,0.02403,0.282779,0.308806,0.0,2
13,5785836,1735750800000000,0.069142,0.075188,0.323521,0.353642,0.0,4
13,5785837,1735751100000000,0.037261,0.080139,0.302078,0.337189,0.0,3
13,5785838,1735751400000000,0.051676,0.100834,0.288011,0.320318,0.0,2
13,5785839,1735751700000000,0.055668,0.10648,0.329198,0.360364,0.0,6
13,5785840,1735752000000000,0.076382,0.083843,0.30119,0.330384,0.0,2
13,5785841,1735752300000000,0.099661,0.167165,0.357921,0.373021,0.0,2
13,5785842,1735752600000000,0.027968,0.067145,0.297607,0.32368,0.0,2
13,5785843,1735752900000000,0.068033,0.097485,0.255008,0.277636,0.0,3
13,5785844,1735753200000000,0.099644,0.139999,0.359709,0.398247,0.0,3
13,5785845,1735753500000000,0.049687,0.052924,0.342894,0.362932,0.0,0
13,5785846,1735753800000000,0.04857,0.065776,0.407142,0.416014,0.0,1
13,5785847,1735754100000000,0.064247,0.144126,0.323195,0.341504,0.0,2
13,5785848,1735754400000000,0.074919,0.119124,0.333555,0.350141,0.0,1
13,5785849,1735754700000000,0.071837,0.07812,0.344287,0.363027,0.0,2
13,5785850,1735755000000000,0.053543,0.07697,0.359528,0.382769,0.0,2
13,5785851,1735755300000000,0.045554,0.060336,0.354232,0.392153,0.0,2
13,5785852,1735755600000000,0.727229,0.801205,0.567282,0.578525,0.01507,7
13,5785853,1735755900000000,0.689596,0.754093,0.54004,0.578805,0.02523,7
13,5785854,1735756200000000,0.025509,0.069261,0.342635,0.373818,0.0,1
13,5785855,1735756500000000,0.033839,0.109981,0.30886,0.316177,0.0,1
13,5785856,1735756800000000,0.049629,0.079459,0.265804,0.277021,0.0,1
13,5785857,1735757100000000,0.086865,0.156063,0.270354,0.306727,0.0,4
13,5785858,1735757400000000,0.679975,0.717378,0.526261,0.558314,0.018461,5
13,5785859,1735757700000000,0.72876,0.79665,0.559865,0.565599,0.0233,7
13,5785860,1735758000000000,0.724888,0.796943,0.652592,0.675975,0.001077,8
13,5785861,1735758300000000,0.705419,0.742457,0.542096,0.553176,0.075126,7
13,5785862,1735758600000000,0.014116,0.028356,0.306805,0.331995,0.0,2
13,5785863,1735758900000000,0.038687,0.054077,0.297367,0.30431,0.0,5
13,5785864,1735759200000000,0.629434,0.652543,0.545054,0.559131,0.034265,7
13,5785865,1735759500000000,0.67199,0.689826,0.54641,0.561952,0.025472,6
13,5785866,1735759800000000,0.630593,0.661653,0.495174,0.516682,0.017439,13
13,5785867,1735760100000000,0.046087,0.086622,0.275672,0.285245,0.0,2
13,5785868,1735760400000000,0.063389,0.070359,0.306092,0.335202,0.0,1
13,5785869,1735760700000000,0.034629,0.1074,0.278385,0.310756,0.0,2
13,5785870,1735761000000000,0.735278,0.735473,0.548101,0.573701,0.001004,4
13,5785871,1735761300000000,0.721348,0.732411,0.558131,0.594254,0.000724,4
13,5785872,1735761600000000,0.784101,0.784774,0.554388,0.586007,0.039159,10
13,5785873,1735761900000000,0.719204,0.798127,0.609902,0.611662,0.015304,7
13,5785874,1735762200000000,0.094739,0.127591,0.379534,0.382923,0.0,0
13,5785875,1735762500000000,0.039477,0.055159,0.304635,0.331033,0.0,1
13,5785876,1735762800000000,0.06473,0.074224,0.284089,0.312964,0.0,5
13,5785877,1735763100000000,0.069006,0.098639,0.32296,0.361676,0.0,1
13,5785878,1735763400000000,0.062552,0.140624,0.316544,0.316678,0.0,3
13,5785879,1735763700000000,0.061447,0.105345,0.318995,0.328474,0.0,3
13,5785880,1735764000000000,0.68054,0.708878,0.522268,0.555538,0.057765,7
13,5785881,1735764300000000,0.672547,0.70171,0.493416,0.529077,0.092071,9
13,5785882,1735764600000000,0.661922,0.671309,0.533068,0.551646,0.045613,1
13,5785883,1735764900000000,0.04786,0.089221,0.302716,0.322067,0.0,4
13,5785884,1735765200000000,0.057017,0.090952,0.309478,0.343623,0.0,1
13,5785885,1735765500000000,0.056794,0.115103,0.323637,0.342035,0.0,2
13,5785886,1735765800000000,0.05644,0.071796,0.31698,0.348477,0.0,3
13,5785887,1735766100000000,0.061372,0.072359,0.324369,0.362318,0.0,2
13,5785888,1735766400000000,0.034632,0.081149,0.296234,0.306708,0.0,2
13,5785889,1735766700000000,0.041504,0.100864,0.328932,0.339908,0.0,1
13,5785890,1735767000000000,0.074972,0.114772,0.297528,0.335072,0.0,3
13,5785891,1735767300000000,0.019492,0.082695,0.263305,0.280277,0.0,1
13,5785892,1735767600000000,0.081547,0.148833,0.292942,0.293571,0.0,3
13,5785893,1735767900000000,0.049939,0.12327,0.290411,0.310511,0.0,2
13,5785894,1735768200000000,0.09005,0.120305,0.280006,0.304676,0.0,1
13,5785895,1735768500000000,0.082072,0.154419,0.261017,0.270806,0.0,2
13,5785896,1735768800000000,0.054107,0.110831,0.339076,0.368172,0.0,1
13,5785897,1735769100000000,0.055973,0.105966,0.37056,0.379878,0.0,3
13,5785898,1735769400000000,0.088679,0.132981,0.353346,0.358132,0.0,2
13,5785899,1735769700000000,0.082918,0.084496,0.309698,0.319672,0.0,4
13,5785900,1735770000000000,0.077509,0.122336,0.258471,0.279827,0.0,1
13,5785901,1735770300000000,0.727311,0.78963,0.562236,0.596468,0.063041,8
13,5785902,1735770600000000,0.68714,0.766209,0.476207,0.49738,0.05032,4
13,5785903,1735770900000000,0.063695,0.098345,0.318827,0.352786,0.0,2
13,5785904,1735771200000000,0.046133,0.125346,0.284163,0.286731,0.0,1
13,5785905,1735771500000000,0.039962,0.053649,0.222763,0.237666,0.0,1
13,5785906,1735771800000000,0.06295,0.139606,0.381254,0.398661,0.0,2
13,5785907,1735772100000000,0.052551,0.099723,0.268161,0.30023,0.0,1
13,5785908,1735772400000000,0.057008,0.110013,0.305721,0.330147,0.0,2
13,5785909,1735772700000000,0.050999,0.096894,0.312691,0.344092,0.0,1
13,5785910,1735773000000000,0.037419,0.116047,0.294279,0.307821,0.0,2
13,5785911,1735773300000000,0.090542,0.094086,0.350273,0.387634,0.0,4
13,5785912,1735773600000000,0.634831,0.667668,0.492552,0.525098,0.052185,5
13,5785913,1735773900000000,0.606067,0.676085,0.5274,0.564019,0.098088,9
13,5785914,1735774200000000,0.635302,0.648669,0.535096,0.545608,0.050797,6
13,5785915,1735774500000000,0.659411,0.704979,0.475684,0.475947,0.007373,7
13,5785916,1735774800000000,0.077257,0.119143,0.336474,0.361093,0.0,4
13,5785917,1735775100000000,0.050663,0.115257,0.275573,0.295276,0.0,1
13,5785918,1735775400000000,0.051095,0.124555,0.271258,0.302416,0.0,1
13,5785919,1735775700000000,0.042773,0.063479,0.326593,0.330493,0.0,4
13,5785920,1735776000000000,0.046639,0.102091,0.29999,0.323808,0.0,0
13,5785921,1735776300000000,0.048104,0.091919,0.331754,0.33971,0.0,3
13,5785922,1735776600000000,0.033571,0.086594,0.327019,0.347603,0.0,1
13,5785923,1735776900000000,0.052008,0.068039,0.261083,0.267416,0.0,3
13,5785924,1735777200000000,0.066192,0.088005,0.352792,0.389286,0.0,2
13,5785925,1735777500000000,0.052548,0.096536,0.329792,0.337124,0.0,5
13,5785926,1735777800000000,0.063912,0.064148,0.298904,0.321907,0.0,2
13,5785927,1735778100000000,0.089195,0.146509,0.325783,0.326008,0.0,3
13,5785928,1735778400000000,0.093042,0.105967,0.36333,0.369588,0.0,0
13,5785929,1735778700000000,0.058777,0.133281,0.307788,0.327761,0.0,2
13,5785930,1735779000000000,0.075843,0.144692,0.411156,0.412794,0.0,2
13,5785931,1735779300000000,0.057,0.106868,0.379578,0.401289,0.0,5
14,5785632,1735689600000000,0.076612,0.145013,0.370818,0.410256,0.0,1
14,5785633,1735689900000000,0.059348,0.100921,0.332761,0.343348,0.0,2
14,5785634,1735690200000000,0.054415,0.088027,0.226015,0.262483,0.0,1
14,5785635,1735690500000000,0.065063,0.141428,0.251478,0.258157,0.0,3
14,5785636,1735690800000000,0.729461,0.800558,0.57782,0.604422,0.045949,9
14,5785637,1735691100000000,0.763209,0.8342,0.468973,0.481189,0.009542,5
14,5785638,1735691400000000,0.049275,0.066252,0.341641,0.380057,0.0,0
14,5785639,1735691700000000,0.05719,0.124702,0.35941,0.384794,0.0,0
14,5785640,1735692000000000,0.080507,0.133043,0.373585,0.376153,0.0,2
14,5785641,1735692300000000,0.07156,0.126882,0.315387,0.352328,0.0,3
14,5785642,1735692600000000,0.056825,0.060652,0.337429,0.349182,0.0,3
14,5785643,1735692900000000,0.05818,0.102639,0.328719,0.365815,0.0,3
14,5785644,1735693200000000,0.01391,0.031395,0.245955,0.246495,0.0,3
14,5785645,1735693500000000,0.045206,0.119375,0.345623,0.35437,0.0,6
14,5785646,1735693800000000,0.063008,0.107939,0.377672,0.388808,0.0,3
14,5785647,1735694100000000,0.046245,0.095636,0.343762,0.371281,0.0,1
14,5785648,1735694400000000,0.036124,0.055587,0.292531,0.324449,0.0,4
14,5785649,1735694700000000,0.068643,0.102353,0.353623,0.378827,0.0,3
14,5785650,1735695000000000,0.083516,0.125868,0.381136,0.383617,0.0,2
14,5785651,1735695300000000,0.047015,0.111978,0.363105,0.38045,0.0,2
14,5785652,1735695600000000,0.07575,0.124677,0.367587,0.387347,0.0,2
14,5785653,1735695900000000,0.797164,0.806207,0.515333,0.529682,0.019824,12
14,5785654,1735696200000000,0.766535,0.802598,0.584216,0.600998,0.017495,3
14,5785655,1735696500000000,0.77102,0.794661,0.595683,0.614987,0.020883,8
14,5785656,1735696800000000,0.092456,0.135569,0.373906,0.396066,0.0,5
14,5785657,1735697100000000,0.039894,0.07748,0.334588,0.359826,0.0,0
14,5785658,1735697400000000,0.049038,0.050824,0.379241,0.387646,0.0,2
14,5785659,1735697700000000,0.095383,0.111985,0.26027,0.296338,0.0,3
14,5785660,1735698000000000,0.04976,0.102567,0.33975,0.372865,0.0,0
14,5785661,1735698300000000,0.084354,0.1279,0.348684,0.380148,0.0,5
14,5785662,1735698600000000,0.041604,0.045866,0.35067,0.382904,0.0,3
14,5785663,1735698900000000,0.062489,0.110302,0.383556,0.404574,0.0,1
14,5785664,1735699200000000,0.079547,0.119807,0.29231,0.330432,0.0,4
14,5785665,1735699500000000,0.051586,0.063602,0.378397,0.393035,0.0,1
14,5785666,1735699800000000,0.061795,0.061952,0.354224,0.371024,0.0,4
14,5785667,1735700100000000,0.0734,0.100233,0.318203,0.350855,0.0,4
14,5785668,1735700400000000,0.043764,0.10614,0.278966,0.313726,0.0,1
14,5785669,1735700700000000,0.100326,0.110969,0.342967,0.360926,0.0,3
14,5785670,1735701000000000,0.078679,0.154234,0.338965,0.372885,0.0,2
14,5785671,1735701300000000,0.053569,0.096965,0.332397,0.357726,0.0,3
14,5785672,1735701600000000,0.055773,0.116445,0.294443,0.309963,0.0,2
14,5785673,1735701900000000,0.094411,0.172559,0.357417,0.393637,0.0,2
14,5785674,1735702200000000,0.053613,0.074625,0.302543,0.32267,0.0,2
14,5785675,1735702500000000,0.051501,0.09813,0.366688,0.400654,0.0,3
14,5785676,1735702800000000,0.080631,0.107884,0.396629,0.429126,0.0,3
14,5785677,1735703100000000,0.03479,0.041554,0.279673,0.283538,0.0,2
14,5785678,1735703400000000,0.05859,0.12207,0.322902,0.357747,0.0,1
14,5785679,1735703700000000,0.061515,0.062482,0.360417,0.366914,0.0,2
14,5785680,1735704000000000,0.047333,0.11684,0.327602,0.360156,0.0,3
14,5785681,1735704300000000,0.031819,0.095383,0.257036,0.287258,0.0,5
14,5785682,1735704600000000,0.061244,0.112316,0.356027,0.385514,0.0,1
14,5785683,1735704900000000,0.072387,0.119678,0.301105,0.33794,0.0,2
14,5785684,1735705200000000,0.720657,0.78831,0.560249,0.584271,0.053104,12
14,5785685,1735705500000000,0.711644,0.7161,0.509314,0.522858,0.003076,8
14,5785686,1735705800000000,0.75549,0.814401,0.596205,0.619933,0.010467,7
14,5785687,1735706100000000,0.069506,0.08394,0.307486,0.335331,0.0,3
14,5785688,1735706400000000,0.053488,0.055116,0.354738,0.369323,0.0,2
14,5785689,1735706700000000,0.076575,0.101559,0.318206,0.328378,0.0,2
14,5785690,1735707000000000,0.064351,0.090525,0.303274,0.322861,0.0,3
14,5785691,1735707300000000,0.092206,0.107615,0.348761,0.384694,0.0,2
14,5785692,1735707600000000,0.071955,0.128822,0.282209,0.307428,0.0,2
14,5785693,1735707900000000,0.034982,0.079695,0.384173,0.420063,0.0,3
14,5785694,1735708200000000,0.048143,0.121748,0.324275,0.343279,0.0,3
14,5785695,1735708500000000,0.049004,0.109939,0.294501,0.332381,0.0,1
14,5785696,1735708800000000,0.724831,0.790921,0.537717,0.569379,0.164608,8
14,5785697,1735709100000000,0.713796,0.785996,0.550531,0.564715,0.020795,5
14,5785698,1735709400000000,0.698967,0.763476,0.584472,0.6024,0.021278,6
14,5785699,1735709700000000,0.729863,0.739314,0.519671,0.559582,0.032826,11
14,5785700,1735710000000000,0.078002,0.09284,0.312549,0.350697,0.0,1
14,5785701,1735710300000000,0.058151,0.090296,0.318372,0.334782,0.0,5
14,5785702,1735710600000000,0.06377,0.090336,0.384018,0.417361,0.0,3
14,5785703,1735710900000000,0.042584,0.113418,0.35487,0.391259,0.0,2
14,5785704,1735711200000000,0.050594,0.09253,0.381315,0.391385,0.0,1
14,5785705,1735711500000000,0.705615,0.77569,0.548207,0.568911,0.000421,4
14,5785706,1735711800000000,0.724339,0.755311,0.610829,0.641112,0.044338,8
14,5785707,1735712100000000,0.064608,0.137129,0.373304,0.376379,0.0,1
14,5785708,1735712400000000,0.054066,0.059804,0.346793,0.379021,0.0,4
14,5785709,1735712700000000,0.053351,0.088995,0.349753,0.358195,0.0,0
14,5785710,1735713000000000,0.024579,0.096669,0.28482,0.303979,0.0,0
14,5785711,1735713300000000,0.088906,0.124876,0.404249,0.419257,0.0,2
14,5785712,1735713600000000,0.022462,0.081077,0.298056,0.327663,0.0,1
14,5785713,1735713900000000,0.067594,0.096464,0.346046,0.355372,0.0,1
14,5785714,1735714200000000,0.060679,0.127016,0.348306,0.36696,0.0,1
14,5785715,1735714500000000,0.055218,0.105731,0.264473,0.275096,0.0,0
14,5785716,1735714800000000,0.059853,0.124801,0.318904,0.321097,0.0,2
14,5785717,1735715100000000,0.048066,0.090985,0.324958,0.358699,0.0,1
14,5785718,1735715400000000,0.071751,0.12276,0.320577,0.329558,0.0,1
14,5785719,1735715700000000,0.036356,0.078648,0.311155,0.320452,0.0,0
14,5785720,1735716000000000,0.065901,0.111286,0.382773,0.384643,0.0,1
14,5785721,1735716300000000,0.0478,0.102934,0.283645,0.303752,0.0,0
14,5785722,1735716600000000,0.052315,0.061983,0.26756,0.278319,0.0,3
14,5785723,1735716900000000,0.052802,0.114288,0.295021,0.317641,0.0,2
14,5785724,1735717200000000,0.057024,0.08544,0.349728,0.378669,0.0,4
14,5785725,1735717500000000,0.069039,0.070045,0.357831,0.359668,0.0,5
14,5785726,1735717800000000,0.059356,0.11085,0.345015,0.353034,0.0,4
14,5785727,1735718100000000,0.076794,0.125885,0.36335,0.378986,0.0,1
14,5785728,1735718400000000,0.078808,0.136874,0.337824,0.373015,0.0,1
14,5785729,1735718700000000,0.065558,0.145423,0.302225,0.306614,0.0,1
14,5785730,1735719000000000,0.072287,0.109203,0.287494,0.317247,0.0,1
14,5785731,1735719300000000,0.096449,0.174315,0.283272,0.321416,0.0,4
14,5785732,1735719600000000,0.03456,0.080783,0.303009,0.306116,0.0,0
14,5785733,1735719900000000,0.07937,0.108001,0.359313,0.372634,0.0,3
14,5785734,1735720200000000,0.087807,0.14203,0.340209,0.370992,0.0,5
14,5785735,1735720500000000,0.067806,0.083522,0.32465,0.362057,0.0,6
14,5785736,1735720800000000,0.094273,0.171576,0.29078,0.30065,0.0,3
14,5785737,1735721100000000,0.091928,0.127212,0.435345,0.461021,0.0,5
14,5785738,1735721400000000,0.053933,0.054784,0.285858,0.315121,0.0,3
14,5785739,1735721700000000,0.055312,0.107738,0.324184,0.340345,0.0,2
14,5785740,1735722000000000,0.862476,0.872103,0.641988,0.668769,0.007481,3
14,5785741,1735722300000000,0.841691,0.848805,0.596285,0.61825,0.111247,10
14,5785742,1735722600000000,0.901727,0.903612,0.583327,0.620814,0.030214,7
14,5785743,1735722900000000,0.074199,0.144836,0.358316,0.379865,0.0,1
14,5785744,1735723200000000,0.637586,0.64028,0.469573,0.490237,0.007448,2
14,5785745,1735723500000000,0.611365,0.654341,0.58366,0.610431,0.082273,5
14,5785746,1735723800000000,0.064535,0.103689,0.333876,0.339968,0.0,1
14,5785747,1735724100000000,0.038658,0.111541,0.303394,0.324632,0.0,5
14,5785748,1735724400000000,0.073679,0.14657,0.269132,0.27116,0.0,1
14,5785749,1735724700000000,0.01496,0.088631,0.259157,0.284238,0.0,4
14,5785750,1735725000000000,0.084907,0.116907,0.327634,0.34902,0.0,3
14,5785751,1735725300000000,0.052365,0.090246,0.394038,0.427614,0.0,3
14,5785752,1735725600000000,0.029549,0.095603,0.319661,0.351569,0.0,1
14,5785753,1735725900000000,0.059705,0.069318,0.334779,0.352081,0.0,3
14,5785754,1735726200000000,0.060303,0.069456,0.33655,0.36291,0.0,1
14,5785755,1735726500000000,0.058842,0.132581,0.415157,0.427289,0.0,3
14,5785756,1735726800000000,0.084835,0.08719,0.312037,0.32755,0.0,0
14,5785757,1735727100000000,0.066856,0.097486,0.386018,0.389139,0.0,0
14,5785758,1735727400000000,0.07433,0.089925,0.310072,0.3141,0.0,1
14,5785759,1735727700000000,0.813798,0.820517,0.556685,0.589435,0.032776,3
14,5785760,1735728000000000,0.825961,0.90387,0.585902,0.62478,0.004806,6
14,5785761,1735728300000000,0.794722,0.807998,0.574771,0.59434,0.011225,7
14,5785762,1735728600000000,0.064646,0.099204,0.345107,0.350225,0.0,0
14,5785763,1735728900000000,0.046352,0.066846,0.223264,0.226797,0.0,6
14,5785764,1735729200000000,0.083753,0.123047,0.335228,0.337044,0.0,6
14,5785765,1735729500000000,0.061359,0.122711,0.297526,0.332677,0.0,0
14,5785766,1735729800000000,0.071932,0.124709,0.296218,0.313906,0.0,2
14,5785767,1735730100000000,0.064722,0.110462,0.270822,0.306036,0.0,5
14,5785768,1735730400000000,0.092513,0.133368,0.317788,0.332301,0.0,4
14,5785769,1735730700000000,0.031913,0.042462,0.290505,0.314028,0.0,7
14,5785770,1735731000000000,0.057952,0.090152,0.303218,0.330171,0.0,4
14,5785771,1735731300000000,0.042718,0.11514,0.249407,0.251409,0.0,4
14,5785772,1735731600000000,0.023107,0.088748,0.312013,0.339277,0.0,1
14,5785773,1735731900000000,0.041549,0.046729,0.282877,0.314866,0.0,1
14,5785774,1735732200000000,0.081097,0.148332,0.262982,0.263866,0.0,6
14,5785775,1735732500000000,0.059457,0.1257,0.298883,0.301236,0.0,2
14,5785776,1735732800000000,0.056044,0.120201,0.288652,0.309536,0.0,1
14,5785777,1735733100000000,0.073923,0.139108,0.327519,0.366374,0.0,3
14,5785778,1735733400000000,0.062078,0.140721,0.299267,0.338197,0.0,2
14,5785779,1735733700000000,0.07104,0.075456,0.266882,0.271266,0.0,0
14,5785780,1735734000000000,0.065811,0.096516,0.2875,0.317935,0.0,0
14,5785781,1735734300000000,0.069769,0.147244,0.255353,0.287086,0.0,3
14,5785782,1735734600000000,0.051906,0.096119,0.363652,0.39873,0.0,1
14,5785783,1735734900000000,0.078848,0.133431,0.379511,0.381252,0.0,4
14,5785784,1735735200000000,0.038182,0.06713,0.37012,0.409018,0.0,1
14,5785785,1735735500000000,0.058452,0.075404,0.296864,0.329733,0.0,3
14,5785786,1735735800000000,0.079745,0.158019,0.379795,0.404102,0.0,2
14,5785787,1735736100000000,0.057227,0.086159,0.336309,0.338982,0.0,0
14,5785788,1735736400000000,0.052245,0.097114,0.285399,0.295006,0.0,1
14,5785789,1735736700000000,0.101192,0.120697,0.310276,0.324142,0.0,3
14,5785790,1735737000000000,0.085535,0.162891,0.323058,0.357353,0.0,1
14,5785791,1735737300000000,0.062549,0.083222,0.32599,0.356435,0.0,5
14,5785792,1735737600000000,0.042531,0.115647,0.329402,0.367031,0.0,0
14,5785793,1735737900000000,0.023368,0.046713,0.308107,0.325009,0.0,2
14,5785794,1735738200000000,0.072756,0.14851,0.311524,0.348196,0.0,3
14,5785795,1735738500000000,0.082786,0.112172,0.383059,0.418887,0.0,3
14,5785796,1735738800000000,0.067124,0.136889,0.318942,0.319682,0.0,3
14,5785797,1735739100000000,0.029207,0.077193,0.303381,0.312952,0.0,0
14,5785798,1735739400000000,0.853292,0.862398,0.589961,0.621957,0.001749,10
14,5785799,1735739700000000,0.841643,0.865293,0.590047,0.616651,0.037587,10
14,5785800,1735740000000000,0.06291,0.123781,0.267522,0.276437,0.0,5
14,5785801,1735740300000000,0.094982,0.148385,0.29312,0.324378,0.0,2
14,5785802,1735740600000000,0.074209,0.102697,0.423813,0.436475,0.0,2
14,5785803,1735740900000000,0.070369,0.085997,0.258613,0.282698,0.0,3
14,5785804,1735741200000000,0.059184,0.12549,0.331585,0.368972,0.0,2
14,5785805,1735741500000000,0.067461,0.117251,0.337312,0.346897,0.0,0
14,5785806,1735741800000000,0.046986,0.101543,0.356954,0.359169,0.0,5
14,5785807,1735742100000000,0.069989,0.108314,0.339167,0.365573,0.0,2
14,5785808,1735742400000000,0.056519,0.084547,0.395416,0.424553,0.0,3
14,5785809,1735742700000000,0.045199,0.075779,0.325406,0.337909,0.0,4
14,5785810,1735743000000000,0.07467,0.077159,0.380049,0.398785,0.0,5
14,5785811,1735743300000000,0.019832,0.095333,0.34854,0.368584,0.0,2
14,5785812,1735743600000000,0.050197,0.07952,0.379248,0.411886,0.0,2
14,5785813,1735743900000000,0.07104,0.109677,0.325857,0.353581,0.0,1
14,5785814,1735744200000000,0.082043,0.110615,0.344631,0.35555,0.0,2
14,5785815,1735744500000000,0.068491,0.096906,0.309205,0.320125,0.0,1
14,5785816,1735744800000000,0.047902,0.102752,0.323156,0.336155,0.0,4
14,5785817,1735745100000000,0.059083,0.112712,0.329279,0.335117,0.0,3
14,5785818,1735745400000000,0.065243,0.130061,0.239739,0.24511,0.0,4
14,5785819,1735745700000000,0.08809,0.093833,0.325106,0.357802,0.0,2
14,5785820,1735746000000000,0.076571,0.146495,0.362395,0.395663,0.0,1
14,5785821,1735746300000000,0.076703,0.153237,0.272838,0.283242,0.0,4
14,5785822,1735746600000000,0.061178,0.140306,0.281958,0.315974,0.0,5
14,5785823,1735746900000000,0.040722,0.051026,0.360479,0.383308,0.0,5
14,5785824,1735747200000000,0.034691,0.073627,0.365867,0.394353,0.0,2
14,5785825,1735747500000000,0.054577,0.129701,0.294271,0.329489,0.0,4
14,5785826,1735747800000000,0.07259,0.133305,0.332366,0.3447,0.0,3
14,5785827,1735748100000000,0.050966,0.055782,0.314716,0.341205,0.0,1
14,5785828,1735748400000000,0.070299,0.139923,0.371684,0.384025,0.0,2
14,5785829,1735748700000000,0.045696,0.112779,0.29466,0.330776,0.0,0
14,5785830,1735749000000000,0.048472,0.110886,0.30182,0.313803,0.0,0
14,5785831,1735749300000000,0.085344,0.118291,0.383501,0.408514,0.0,1
14,5785832,1735749600000000,0.073804,0.124387,0.285698,0.293339,0.0,5
14,5785833,1735749900000000,0.054483,0.111757,0.299151,0.313942,0.0,1
14,5785834,1735750200000000,0.04505,0.076782,0.321083,0.335139,0.0,2
14,5785835,1735750500000000,0.07708,0.1398,0.387929,0.417942,0.0,3
14,5785836,1735750800000000,0.802629,0.824492,0.533182,0.544645,0.089988,5
14,5785837,1735751100000000,0.798358,0.813049,0.551002,0.564098,0.013066,5
14,5785838,1735751400000000,0.783651,0.852363,0.59798,0.598357,0.02288,11
14,5785839,1735751700000000,0.040297,0.067443,0.343982,0.356616,0.0,2
14,5785840,1735752000000000,0.059733,0.064275,0.329369,0.340255,0.0,1
14,5785841,1735752300000000,0.085337,0.151953,0.325199,0.346983,0.0,1
14,5785842,1735752600000000,0.043637,0.107559,0.320459,0.33653,0.0,2
14,5785843,1735752900000000,0.060854,0.125045,0.261008,0.300227,0.0,2
14,5785844,1735753200000000,0.089444,0.116715,0.335362,0.357208,0.0,4
14,5785845,1735753500000000,0.054524,0.102784,0.378368,0.381278,0.0,2
14,5785846,1735753800000000,0.057705,0.058819,0.267391,0.29977,0.0,6
14,5785847,1735754100000000,0.035693,0.035876,0.28113,0.283261,0.0,2
14,5785848,1735754400000000,0.071218,0.091959,0.309051,0.34254,0.0,2
14,5785849,1735754700000000,0.046669,0.088694,0.302977,0.319196,0.0,3
14,5785850,1735755000000000,0.032017,0.080042,0.384861,0.387328,0.0,0
14,5785851,1735755300000000,0.042836,0.053508,0.277716,0.316811,0.0,1
14,5785852,1735755600000000,0.063752,0.133165,0.277045,0.296862,0.0,0
14,5785853,1735755900000000,0.031558,0.108322,0.341888,0.376081,0.0,0
14,5785854,1735756200000000,0.035055,0.044592,0.286395,0.303217,0.0,1
14,5785855,1735756500000000,0.070067,0.135976,0.35603,0.374495,0.0,4
14,5785856,1735756800000000,0.058697,0.107836,0.312662,0.327156,0.0,2
14,5785857,1735757100000000,0.043548,0.08374,0.333603,0.34836,0.0,5
14,5785858,1735757400000000,0.054217,0.093342,0.256261,0.287999,0.0,2
14,5785859,1735757700000000,0.091287,0.151274,0.350177,0.351408,0.0,4
14,5785860,1735758000000000,0.083071,0.099784,0.337787,0.357381,0.0,3
14,5785861,1735758300000000,0.058066,0.106783,0.310108,0.32073,0.0,4
14,5785862,1735758600000000,0.074691,0.0956,0.276832,0.299101,0.0,2
14,5785863,1735758900000000,0.062178,0.068991,0.330436,0.339044,0.0,2
14,5785864,1735759200000000,0.028065,0.072295,0.338784,0.352734,0.0,1
14,5785865,1735759500000000,0.024843,0.046332,0.287449,0.308779,0.0,0
14,5785866,1735759800000000,0.043632,0.103044,0.294812,0.324484,0.0,1
14,5785867,1735760100000000,0.031636,0.083669,0.342828,0.380667,0.0,2
14,5785868,1735760400000000,0.064888,0.082834,0.39112,0.400845,0.0,3
14,5785869,1735760700000000,0.050101,0.119026,0.35512,0.374437,0.0,3
14,5785870,1735761000000000,0.067656,0.095416,0.332858,0.346804,0.0,2
14,5785871,1735761300000000,0.067933,0.124657,0.314047,0.338289,0.0,3
14,5785872,1735761600000000,0.07242,0.093806,0.324247,0.338906,0.0,3
14,5785873,1735761900000000,0.043249,0.058977,0.262117,0.265996,0.0,0
14,5785874,1735762200000000,0.069282,0.138104,0.318073,0.342649,0.0,2
14,5785875,1735762500000000,0.042802,0.116295,0.359776,0.361199,0.0,2
14,5785876,1735762800000000,0.072804,0.100968,0.327067,0.328789,0.0,2
14,5785877,1735763100000000,0.082008,0.107205,0.303683,0.339052,0.0,1
14,5785878,1735763400000000,0.073017,0.129222,0.296836,0.331647,0.0,1
14,5785879,1735763700000000,0.056813,0.075002,0.318614,0.341122,0.0,2
14,5785880,1735764000000000,0.070202,0.139338,0.275185,0.275905,0.0,0
14,5785881,1735764300000000,0.032401,0.033082,0.274998,0.288722,0.0,2
14,5785882,1735764600000000,0.028343,0.039713,0.371233,0.385084,0.0,5
14,5785883,1735764900000000,0.068402,0.078059,0.282497,0.311332,0.0,2
14,5785884,1735765200000000,0.083539,0.108965,0.297177,0.329653,0.0,4
14,5785885,1735765500000000,0.037834,0.107125,0.324895,0.339065,0.0,3
14,5785886,1735765800000000,0.060273,0.111474,0.303425,0.320295,0.0,2
14,5785887,1735766100000000,0.0679,0.076497,0.32731,0.336297,0.0,0
14,5785888,1735766400000000,0.048938,0.055251,0.351643,0.38076,0.0,3
14,5785889,1735766700000000,0.053891,0.076966,0.256979,0.270945,0.0,1
14,5785890,1735767000000000,0.071038,0.120625,0.355033,0.383253,0.0,2
14,5785891,1735767300000000,0.061947,0.109448,0.298386,0.326662,0.0,3
14,5785892,1735767600000000,0.062026,0.071164,0.310266,0.316515,0.0,4
14,5785893,1735767900000000,0.042319,0.103183,0.391695,0.427114,0.0,2
14,5785894,1735768200000000,0.059439,0.110021,0.264699,0.29768,0.0,7
14,5785895,1735768500000000,0.052838,0.131482,0.342121,0.365442,0.0,0
14,5785896,1735768800000000,0.053801,0.098009,0.363952,0.367405,0.0,4
14,5785897,1735769100000000,0.050255,0.076441,0.290248,0.296938,0.0,0
14,5785898,1735769400000000,0.059509,0.069057,0.294119,0.297806,0.0,3
14,5785899,1735769700000000,0.044371,0.117899,0.300783,0.319328,0.0,4
14,5785900,1735770000000000,0.060218,0.063231,0.293498,0.304118,0.0,0
14,5785901,1735770300000000,0.053429,0.081328,0.321359,0.354591,0.0,3
14,5785902,1735770600000000,0.043222,0.085681,0.350832,0.36827,0.0,3
14,5785903,1735770900000000,0.024925,0.070509,0.294195,0.312278,0.0,3
14,5785904,1735771200000000,0.077054,0.12364,0.364111,0.400988,0.0,0
14,5785905,1735771500000000,0.073434,0.130803,0.381742,0.404853,0.0,1
14,5785906,1735771800000000,0.045513,0.055778,0.333172,0.348666,0.0,4
14,5785907,1735772100000000,0.07227,0.129818,0.346314,0.385652,0.0,4
14,5785908,1735772400000000,0.041554,0.112715,0.290786,0.309283,0.0,3
14,5785909,1735772700000000,0.054472,0.056907,0.214146,0.237334,0.0,3
14,5785910,1735773000000000,0.050455,0.05332,0.341087,0.356367,0.0,1
14,5785911,1735773300000000,0.055003,0.134314,0.35111,0.377879,0.0,1
14,5785912,1735773600000000,0.071631,0.096587,0.334769,0.365801,0.0,3
14,5785913,1735773900000000,0.052766,0.089171,0.354859,0.380005,0.0,4
14,5785914,1735774200000000,0.713258,0.738063,0.52771,0.537647,0.045756,3
14,5785915,1735774500000000,0.73275,0.777269,0.577203,0.614895,0.068096,5
14,5785916,1735774800000000,0.720482,0.777401,0.611055,0.631523,0.010045,4
14,5785917,1735775100000000,0.049348,0.110144,0.343898,0.376939,0.0,2
14,5785918,1735775400000000,0.626855,0.655286,0.573109,0.573462,0.010889,4
14,5785919,1735775700000000,0.640391,0.661237,0.578103,0.598814,0.091845,9
14,5785920,1735776000000000,0.079007,0.122737,0.278797,0.31622,0.0,1
14,5785921,1735776300000000,0.036157,0.066897,0.341422,0.368951,0.0,2
14,5785922,1735776600000000,0.037058,0.086827,0.287692,0.29226,0.0,0
14,5785923,1735776900000000,0.077984,0.126908,0.282995,0.311394,0.0,3
14,5785924,1735777200000000,0.054825,0.126381,0.307762,0.308363,0.0,1
14,5785925,1735777500000000,0.0204,0.020708,0.377306,0.392054,0.0,2
14,5785926,1735777800000000,0.046862,0.05501,0.29465,0.304118,0.0,1
14,5785927,1735778100000000,0.052097,0.115037,0.247905,0.257981,0.0,0
14,5785928,1735778400000000,0.054374,0.101059,0.261247,0.262906,0.0,4
14,5785929,1735778700000000,0.073769,0.078769,0.344954,0.36964,0.0,0
14,5785930,1735779000000000,0.043275,0.11868,0.284793,0.314469,0.0,3
14,5785931,1735779300000000,0.07684,0.128872,0.245166,0.25684,0.0,2
15,5785632,1735689600000000,0.058488,0.095155,0.351461,0.379889,0.0,2
15,5785633,1735689900000000,0.077314,0.082539,0.298618,0.325042,0.0,2
15,5785634,1735690200000000,0.045086,0.12269,0.341812,0.342029,0.0,3
15,5785635,1735690500000000,0.078757,0.1024,0.286486,0.296461,0.0,3
15,5785636,1735690800000000,0.077422,0.087796,0.303797,0.317593,0.0,2
15,5785637,1735691100000000,0.061062,0.127691,0.331053,0.347067,0.0,0
15,5785638,1735691400000000,0.097687,0.168915,0.307494,0.310451,0.0,1
15,5785639,1735691700000000,0.666928,0.690815,0.513507,0.540522,0.016937,6
15,5785640,1735692000000000,0.647671,0.691557,0.422348,0.457998,0.028863,8
15,5785641,1735692300000000,0.057414,0.120091,0.353665,0.393252,0.0,2
15,5785642,1735692600000000,0.052226,0.053962,0.313535,0.345454,0.0,3
15,5785643,1735692900000000,0.057647,0.1366,0.282363,0.290467,0.0,2
15,5785644,1735693200000000,0.058168,0.084084,0.393663,0.414114,0.0,0
15,5785645,1735693500000000,0.054249,0.092631,0.287422,0.324051,0.0,3
15,5785646,1735693800000000,0.056149,0.060194,0.29903,0.301694,0.0,1
15,5785647,1735694100000000,0.038535,0.04229,0.275016,0.284149,0.0,2
15,5785648,1735694400000000,0.049774,0.058706,0.361572,0.372161,0.0,3
15,5785649,1735694700000000,0.031249,0.056939,0.368289,0.392672,0.0,5
15,5785650,1735695000000000,0.06746,0.141182,0.376967,0.415027,0.0,3
15,5785651,1735695300000000,0.061441,0.102676,0.374479,0.393782,0.0,4
15,5785652,1735695600000000,0.057793,0.083853,0.296335,0.318891,0.0,3
15,5785653,1735695900000000,0.075952,0.112044,0.39348,0.419075,0.0,1
15,5785654,1735696200000000,0.044456,0.06566,0.307735,0.341797,0.0,1
15,5785655,1735696500000000,0.047205,0.097127,0.254816,0.26627,0.0,3
15,5785656,1735696800000000,0.033338,0.073912,0.294609,0.319659,0.0,1
15,5785657,1735697100000000,0.078414,0.108698,0.340483,0.377495,0.0,0
15,5785658,1735697400000000,0.0709,0.12579,0.299022,0.336579,0.0,2
15,5785659,1735697700000000,0.083933,0.115267,0.335252,0.350558,0.0,4
15,5785660,1735698000000000,0.837976,0.9025,0.614755,0.619227,0.099235,8
15,5785661,1735698300000000,0.801852,0.849725,0.597073,0.634048,0.057508,6
15,5785662,1735698600000000,0.79669,0.812861,0.605047,0.641885,0.011519,7
15,5785663,1735698900000000,0.027682,0.040737,0.302487,0.306376,0.0,2
15,5785664,1735699200000000,0.040236,0.060713,0.284991,0.288245,0.0,4
15,5785665,1735699500000000,0.054152,0.127611,0.260146,0.267552,0.0,1
15,5785666,1735699800000000,0.022903,0.088776,0.304496,0.33037,0.0,5
15,5785667,1735700100000000,0.040608,0.118385,0.292724,0.304828,0.0,4
15,5785668,1735700400000000,0.058509,0.118055,0.315741,0.325349,0.0,1
15,5785669,1735700700000000,0.076082,0.149237,0.243805,0.27579,0.0,2
15,5785670,1735701000000000,0.047093,0.075521,0.255745,0.265501,0.0,2
15,5785671,1735701300000000,0.062304,0.111895,0.342205,0.380622,0.0,1
15,5785672,1735701600000000,0.093548,0.124868,0.267322,0.28486,0.0,2
15,5785673,1735701900000000,0.027491,0.096681,0.302021,0.318924,0.0,2
15,5785674,1735702200000000,0.079546,0.159304,0.294609,0.332355,0.0,2
15,5785675,1735702500000000,0.066854,0.126496,0.287626,0.292431,0.0,2
15,5785676,1735702800000000,0.082798,0.14532,0.332391,0.336989,0.0,5
15,5785677,1735703100000000,0.077404,0.14788,0.328234,0.345577,0.0,4
15,5785678,1735703400000000,0.048062,0.055689,0.338673,0.362156,0.0,2
15,5785679,1735703700000000,0.060032,0.098576,0.276931,0.297254,0.0,1
15,5785680,1735704000000000,0.03371,0.09231,0.27642,0.314617,0.0,1
15,5785681,1735704300000000,0.050587,0.09899,0.362635,0.402361,0.0,2
15,5785682,1735704600000000,0.060526,0.103753,0.312199,0.313834,0.0,4
15,5785683,1735704900000000,0.065465,0.09633,0.337548,0.344167,0.0,5
15,5785684,1735705200000000,0.07421,0.091846,0.306089,0.328234,0.0,2
15,5785685,1735705500000000,0.088493,0.162285,0.349182,0.387187,0.0,3
15,5785686,1735705800000000,0.05216,0.11089,0.218706,0.229902,0.0,2
15,5785687,1735706100000000,0.080606,0.129689,0.374268,0.388951,0.0,4
15,5785688,1735706400000000,0.064811,0.071641,0.304473,0.313715,0.0,2
15,5785689,1735706700000000,0.036466,0.0454,0.262806,0.301503,0.0,3
15,5785690,1735707000000000,0.057293,0.091881,0.277553,0.283707,0.0,2
15,5785691,1735707300000000,0.062086,0.072144,0.311187,0.333769,0.0,3
15,5785692,1735707600000000,0.044939,0.056853,0.311313,0.312231,0.0,3
15,5785693,1735707900000000,0.04127,0.047775,0.320092,0.344159,0.0,2
15,5785694,1735708200000000,0.040665,0.06419,0.266527,0.282225,0.0,3
15,5785695,1735708500000000,0.050216,0.051105,0.352423,0.375049,0.0,2
15,5785696,1735708800000000,0.044437,0.103018,0.294582,0.297792,0.0,0
15,5785697,1735709100000000,0.082147,0.130095,0.305779,0.309422,0.0,0
15,5785698,1735709400000000,0.01588,0.056492,0.296507,0.300197,0.0,2
15,5785699,1735709700000000,0.062003,0.140954,0.348214,0.381622,0.0,3
15,5785700,1735710000000000,0.06951,0.108061,0.322972,0.351939,0.0,3
15,5785701,1735710300000000,0.042669,0.112242,0.29324,0.298375,0.0,1
15,5785702,1735710600000000,0.055826,0.070975,0.306589,0.319231,0.0,4
15,5785703,1735710900000000,0.053842,0.075027,0.367611,0.385068,0.0,2
15,5785704,1735711200000000,0.058607,0.08489,0.362727,0.366673,0.0,3
15,5785705,1735711500000000,0.071933,0.15116,0.33981,0.373409,0.0,0
15,5785706,1735711800000000,0.070321,0.14293,0.330557,0.345074,0.0,5
15,5785707,1735712100000000,0.0492,0.085088,0.409764,0.436584,0.0,1
15,5785708,1735712400000000,0.03292,0.100476,0.330063,0.355742,0.0,1
15,5785709,1735712700000000,0.062971,0.081627,0.329264,0.365836,0.0,2
15,5785710,1735713000000000,0.04818,0.095589,0.30878,0.338457,0.0,5
15,5785711,1735713300000000,0.0505,0.063449,0.331947,0.333325,0.0,1
15,5785712,1735713600000000,0.064022,0.110039,0.200598,0.2068,0.0,4
15,5785713,1735713900000000,0.052169,0.069949,0.359368,0.377163,0.0,1
15,5785714,1735714200000000,0.065521,0.112381,0.272062,0.275782,0.0,1
15,5785715,1735714500000000,0.105231,0.139525,0.308108,0.323781,0.0,1
15,5785716,1735714800000000,0.072345,0.117047,0.269314,0.30841,0.0,2
15,5785717,1735715100000000,0.084208,0.097104,0.300016,0.308235,0.0,2
15,5785718,1735715400000000,0.069196,0.109715,0.310606,0.338795,0.0,3
15,5785719,1735715700000000,0.061388,0.086698,0.35706,0.367457,0.0,2
15,5785720,1735716000000000,0.069469,0.080984,0.375877,0.377243,0.0,2
15,5785721,1735716300000000,0.810651,0.850683,0.661372,0.665308,0.037303,6
15,5785722,1735716600000000,0.81759,0.828665,0.590246,0.594402,0.154997,7
15,5785723,1735716900000000,0.061069,0.095253,0.312611,0.324572,0.0,1
15,5785724,1735717200000000,0.03645,0.062302,0.34394,0.382362,0.0,3
15,5785725,1735717500000000,0.033573,0.077015,0.277585,0.302411,0.0,3
15,5785726,1735717800000000,0.068302,0.107006,0.285272,0.290192,0.0,3
15,5785727,1735718100000000,0.039728,0.050495,0.299216,0.302027,0.0,0
15,5785728,1735718400000000,0.072356,0.094677,0.323971,0.362802,0.0,2
15,5785729,1735718700000000,0.084096,0.128635,0.246759,0.253614,0.0,5
15,5785730,1735719000000000,0.056028,0.122742,0.362288,0.373106,0.0,2
15,5785731,1735719300000000,0.081804,0.086542,0.338234,0.371902,0.0,6
15,5785732,1735719600000000,0.064661,0.07193,0.354559,0.376755,0.0,3
15,5785733,1735719900000000,0.060467,0.124221,0.258344,0.267411,0.0,1
15,5785734,1735720200000000,0.061311,0.088498,0.294856,0.321435,0.0,2
15,5785735,1735720500000000,0.666941,0.68749,0.504798,0.519659,0.010256,8
15,5785736,1735720800000000,0.664641,0.683011,0.524515,0.547777,0.003536,3
15,5785737,1735721100000000,0.652304,0.72996,0.526964,0.530835,0.084595,9
15,5785738,1735721400000000,0.668701,0.70956,0.568829,0.604037,0.053444,7
15,5785739,1735721700000000,0.098509,0.111381,0.338429,0.362248,0.0,7
15,5785740,1735722000000000,0.033119,0.0656,0.281937,0.28211,0.0,2
15,5785741,1735722300000000,0.038822,0.059674,0.401096,0.423459,0.0,1
15,5785742,1735722600000000,0.045499,0.058995,0.305302,0.319785,0.0,2
15,5785743,1735722900000000,0.046344,0.124631,0.279948,0.316169,0.0,3
15,5785744,1735723200000000,0.064848,0.100456,0.247291,0.252833,0.0,4
15,5785745,1735723500000000,0.048987,0.104287,0.320762,0.334111,0.0,1
15,5785746,1735723800000000,0.056427,0.128312,0.34738,0.377962,0.0,2
15,5785747,1735724100000000,0.044709,0.061159,0.270049,0.279059,0.0,3
15,5785748,1735724400000000,0.051446,0.061687,0.343006,0.355532,0.0,2
15,5785749,1735724700000000,0.058926,0.079746,0.32397,0.354819,0.0,2
15,5785750,1735725000000000,0.057578,0.114583,0.249218,0.277711,0.0,3
15,5785751,1735725300000000,0.095654,0.126213,0.358506,0.372894,0.0,3
15,5785752,1735725600000000,0.059493,0.09862,0.31022,0.328917,0.0,4
15,5785753,1735725900000000,0.056225,0.057845,0.274634,0.296728,0.0,1
15,5785754,1735726200000000,0.015055,0.015395,0.343545,0.379063,0.0,4
15,5785755,1735726500000000,0.064319,0.096885,0.360026,0.386486,0.0,3
15,5785756,1735726800000000,0.024448,0.036477,0.262645,0.286345,0.0,2
15,5785757,1735727100000000,0.069931,0.133219,0.336214,0.368651,0.0,2
15,5785758,1735727400000000,0.062564,0.138666,0.330028,0.342201,0.0,0
15,5785759,1735727700000000,0.074362,0.148418,0.32331,0.341069,0.0,4
15,5785760,1735728000000000,0.04858,0.085824,0.296377,0.323843,0.0,1
15,5785761,1735728300000000,0.060486,0.083434,0.315233,0.331388,0.0,1
15,5785762,1735728600000000,0.072164,0.110868,0.362797,0.381961,0.0,1
15,5785763,1735728900000000,0.043268,0.051591,0.33151,0.337925,0.0,4
15,5785764,1735729200000000,0.070981,0.146495,0.247729,0.272129,0.0,2
15,5785765,1735729500000000,0.070157,0.123861,0.238816,0.264426,0.0,2
15,5785766,1735729800000000,0.057572,0.080496,0.245866,0.280113,0.0,1
15,5785767,1735730100000000,0.088414,0.149154,0.276616,0.280033,0.0,2
15,5785768,1735730400000000,0.06928,0.08888,0.294041,0.330024,0.0,2
15,5785769,1735730700000000,0.029865,0.089982,0.292345,0.295782,0.0,3
15,5785770,1735731000000000,0.848101,0.880247,0.594213,0.624025,0.003389,8
15,5785771,1735731300000000,0.818459,0.887573,0.585107,0.608668,0.00785,10
15,5785772,1735731600000000,0.074358,0.153541,0.324081,0.340324,0.0,1
15,5785773,1735731900000000,0.065319,0.090936,0.368607,0.405546,0.0,2
15,5785774,1735732200000000,0.012449,0.056543,0.237289,0.255552,0.0,7
15,5785775,1735732500000000,0.070888,0.089922,0.338169,0.339159,0.0,4
15,5785776,1735732800000000,0.05601,0.120039,0.332768,0.353591,0.0,4
15,5785777,1735733100000000,0.05173,0.091086,0.267598,0.288896,0.0,1
15,5785778,1735733400000000,0.0524,0.131104,0.339692,0.369467,0.0,3
15,5785779,1735733700000000,0.0742,0.145151,0.340873,0.355203,0.0,4
15,5785780,1735734000000000,0.043417,0.065233,0.313466,0.316423,0.0,1
15,5785781,1735734300000000,0.080039,0.089599,0.231306,0.245285,0.0,2
15,5785782,1735734600000000,0.032646,0.082235,0.349978,0.374082,0.0,1
15,5785783,1735734900000000,0.065322,0.090767,0.33193,0.35372,0.0,0
15,5785784,1735735200000000,0.073904,0.0942,0.34201,0.375889,0.0,0
15,5785785,1735735500000000,0.073462,0.117072,0.190083,0.200891,0.0,2
15,5785786,1735735800000000,0.063313,0.10637,0.300899,0.32367,0.0,4
15,5785787,1735736100000000,0.056278,0.099286,0.26235,0.301373,0.0,3
15,5785788,1735736400000000,0.0501,0.073639,0.369272,0.381819,0.0,2
15,5785789,1735736700000000,0.037996,0.050426,0.269098,0.286542,0.0,1
15,5785790,1735737000000000,0.047658,0.062351,0.375851,0.41562,0.0,5
15,5785791,1735737300000000,0.042695,0.100307,0.353057,0.358834,0.0,4
15,5785792,1735737600000000,0.039744,0.077188,0.322765,0.345708,0.0,1
15,5785793,1735737900000000,0.092467,0.130016,0.377779,0.392593,0.0,0
15,5785794,1735738200000000,0.02905,0.10719,0.272391,0.274237,0.0,4
15,5785795,1735738500000000,0.080259,0.153695,0.29748,0.327911,0.0,2
15,5785796,1735738800000000,0.037743,0.042939,0.350105,0.358058,0.0,3
15,5785797,1735739100000000,0.041602,0.105415,0.276968,0.31265,0.0,2
15,5785798,1735739400000000,0.041307,0.061141,0.261425,0.278139,0.0,2
15,5785799,1735739700000000,0.040011,0.097795,0.301152,0.306937,0.0,2
15,5785800,1735740000000000,0.677346,0.691214,0.501786,0.511626,0.035926,3
15,5785801,1735740300000000,0.671325,0.682955,0.609579,0.642894,0.001565,4
15,5785802,1735740600000000,0.055813,0.130949,0.350549,0.365504,0.0,3
15,5785803,1735740900000000,0.108732,0.153397,0.315017,0.325268,0.0,2
15,5785804,1735741200000000,0.059699,0.08767,0.28084,0.290798,0.0,2
15,5785805,1735741500000000,0.061078,0.132367,0.334924,0.358251,0.0,3
15,5785806,1735741800000000,0.047659,0.070845,0.364182,0.374455,0.0,2
15,5785807,1735742100000000,0.045515,0.050626,0.327567,0.36498,0.0,2
15,5785808,1735742400000000,0.050404,0.081988,0.2796,0.281575,0.0,2
15,5785809,1735742700000000,0.075331,0.131914,0.268898,0.275132,0.0,2
15,5785810,1735743000000000,0.07028,0.123244,0.309474,0.326633,0.0,2
15,5785811,1735743300000000,0.083231,0.121128,0.341765,0.350096,0.0,6
15,5785812,1735743600000000,0.047093,0.087906,0.297663,0.328808,0.0,1
15,5785813,1735743900000000,0.070611,0.112969,0.365022,0.401684,0.0,2
15,5785814,1735744200000000,0.065499,0.095461,0.344012,0.368019,0.0,1
15,5785815,1735744500000000,0.067816,0.074453,0.333229,0.36739,0.0,3
15,5785816,1735744800000000,0.044452,0.057077,0.335856,0.36788,0.0,7
15,5785817,1735745100000000,0.041303,0.099245,0.25889,0.265235,0.0,1
15,5785818,1735745400000000,0.708726,0.77353,0.528125,0.531251,0.011645,5
15,5785819,1735745700000000,0.714732,0.746374,0.508546,0.533708,0.011369,5
15,5785820,1735746000000000,0.687892,0.714234,0.556138,0.595439,0.044265,4
15,5785821,1735746300000000,0.070963,0.119578,0.283837,0.317113,0.0,2
15,5785822,1735746600000000,0.081589,0.083331,0.331834,0.356486,0.0,4
15,5785823,1735746900000000,0.053488,0.09905,0.31214,0.316578,0.0,0
15,5785824,1735747200000000,0.034101,0.071624,0.335935,0.367124,0.0,3
15,5785825,1735747500000000,0.036352,0.071706,0.264856,0.292175,0.0,2
15,5785826,1735747800000000,0.047823,0.047938,0.334808,0.372164,0.0,3
15,5785827,1735748100000000,0.051972,0.127401,0.275411,0.303787,0.0,1
15,5785828,1735748400000000,0.059349,0.07322,0.2822,0.286341,0.0,3
15,5785829,1735748700000000,0.059715,0.068755,0.315197,0.339564,0.0,2
15,5785830,1735749000000000,0.055098,0.085964,0.367057,0.383208,0.0,1
15,5785831,1735749300000000,0.072226,0.134528,0.291615,0.30847,0.0,1
15,5785832,1735749600000000,0.046306,0.107506,0.245095,0.270413,0.0,2
15,5785833,1735749900000000,0.082764,0.123709,0.291156,0.327143,0.0,2
15,5785834,1735750200000000,0.810101,0.854036,0.568129,0.59852,0.028521,13
15,5785835,1735750500000000,0.808782,0.845199,0.657836,0.658728,0.016316,9
15,5785836,1735750800000000,0.781309,0.783332,0.588991,0.594871,0.031973,5
15,5785837,1735751100000000,0.057904,0.080133,0.290136,0.304664,0.0,0
15,5785838,1735751400000000,0.073011,0.104127,0.319903,0.347291,0.0,3
15,5785839,1735751700000000,0.056402,0.100758,0.382579,0.407947,0.0,1
15,5785840,1735752000000000,0.047415,0.100137,0.30698,0.327128,0.0,1
15,5785841,1735752300000000,0.046693,0.125704,0.307208,0.324413,0.0,1
15,5785842,1735752600000000,0.04757,0.08816,0.300432,0.332015,0.0,4
15,5785843,1735752900000000,0.039103,0.092856,0.341529,0.345357,0.0,3
15,5785844,1735753200000000,0.111666,0.188518,0.318067,0.341869,0.0,2
15,5785845,1735753500000000,0.024858,0.047153,0.343592,0.375932,0.0,1
15,5785846,1735753800000000,0.042346,0.078644,0.357332,0.368228,0.0,0
15,5785847,1735754100000000,0.070728,0.128407,0.349295,0.357385,0.0,4
15,5785848,1735754400000000,0.815456,0.86067,0.576441,0.60338,0.072133,2
15,5785849,1735754700000000,0.821391,0.892844,0.531548,0.538573,0.05371,7
15,5785850,1735755000000000,0.067113,0.1124,0.314531,0.33406,0.0,0
15,5785851,1735755300000000,0.078582,0.152371,0.300761,0.337674,0.0,3
15,5785852,1735755600000000,0.055078,0.066963,0.288117,0.290544,0.0,2
15,5785853,1735755900000000,0.076597,0.140879,0.317234,0.3536,0.0,3
15,5785854,1735756200000000,0.029446,0.046508,0.329476,0.33709,0.0,3
15,5785855,1735756500000000,0.827015,0.830944,0.564543,0.583837,0.03204,8
15,5785856,1735756800000000,0.846829,0.855761,0.541398,0.546687,0.000524,10
15,5785857,1735757100000000,0.095517,0.141974,0.295081,0.323476,0.0,4
15,5785858,1735757400000000,0.686714,0.709981,0.607964,0.647875,0.059737,6
15,5785859,1735757700000000,0.683545,0.695062,0.56119,0.573274,0.0841,7
15,5785860,1735758000000000,0.710236,0.760564,0.510273,0.547261,0.071355,8
15,5785861,1735758300000000,0.705048,0.744085,0.598327,0.627526,0.112109,5
15,5785862,1735758600000000,0.047068,0.077511,0.306875,0.345492,0.0,4
15,5785863,1735758900000000,0.665356,0.708213,0.623996,0.650868,0.010715,5
15,5785864,1735759200000000,0.678007,0.74692,0.547784,0.575065,0.01444,11
15,5785865,1735759500000000,0.069382,0.127358,0.346905,0.384654,0.0,1
15,5785866,1735759800000000,0.054002,0.093617,0.352392,0.381489,0.0,2
15,5785867,1735760100000000,0.081081,0.146888,0.387817,0.421715,0.0,3
15,5785868,1735760400000000,0.057552,0.126556,0.302583,0.313966,0.0,2
15,5785869,1735760700000000,0.070827,0.10093,0.380772,0.387527,0.0,4
15,5785870,1735761000000000,0.065013,0.076995,0.297803,0.323405,0.0,3
15,5785871,1735761300000000,0.676491,0.685695,0.522314,0.532418,0.032899,6
15,5785872,1735761600000000,0.698754,0.749862,0.544921,0.562114,0.021764,8
15,5785873,1735761900000000,0.661846,0.73675,0.568463,0.602687,0.010594,7
15,5785874,1735762200000000,0.673793,0.676877,0.522619,0.547862,0.161192,11
15,5785875,1735762500000000,0.05255,0.09233,0.384421,0.422176,0.0,3
15,5785876,1735762800000000,0.066868,0.082408,0.376462,0.39065,0.0,1
15,5785877,1735763100000000,0.071355,0.113876,0.326558,0.337783,0.0,2
15,5785878,1735763400000000,0.045327,0.11386,0.277222,0.285771,0.0,4
15,5785879,1735763700000000,0.04279,0.105745,0.355021,0.394076,0.0,3
15,5785880,1735764000000000,0.061414,0.139118,0.23767,0.254855,0.0,5
15,5785881,1735764300000000,0.032322,0.071085,0.340965,0.377768,0.0,2
15,5785882,1735764600000000,0.078141,0.131213,0.294397,0.308193,0.0,1
15,5785883,1735764900000000,0.055971,0.127852,0.36984,0.38135,0.0,1
15,5785884,1735765200000000,0.038948,0.094758,0.258199,0.289033,0.0,3
15,5785885,1735765500000000,0.038592,0.115728,0.287019,0.311742,0.0,2
15,5785886,1735765800000000,0.065636,0.08528,0.340499,0.361485,0.0,3
15,5785887,1735766100000000,0.065149,0.075947,0.346867,0.364476,0.0,3
15,5785888,1735766400000000,0.046168,0.058098,0.291115,0.309772,0.0,3
15,5785889,1735766700000000,0.05795,0.126143,0.306998,0.340376,0.0,3
15,5785890,1735767000000000,0.039674,0.043901,0.351991,0.358116,0.0,0
15,5785891,1735767300000000,0.055349,0.120142,0.359644,0.361685,0.0,7
15,5785892,1735767600000000,0.666,0.703128,0.51903,0.519267,0.018511,9
15,5785893,1735767900000000,0.67779,0.733089,0.512941,0.532741,0.006853,3
15,5785894,1735768200000000,0.635629,0.695273,0.467709,0.500429,0.014019,8
15,5785895,1735768500000000,0.647213,0.681165,0.53667,0.563509,0.022157,4
15,5785896,1735768800000000,0.067062,0.078749,0.355977,0.395595,0.0,2
15,5785897,1735769100000000,0.029021,0.07838,0.316212,0.34061,0.0,0
15,5785898,1735769400000000,0.039303,0.115825,0.276756,0.29712,0.0,3
15,5785899,1735769700000000,0.018318,0.020362,0.377872,0.401137,0.0,1
15,5785900,1735770000000000,0.068083,0.08624,0.239693,0.27498,0.0,5
15,5785901,1735770300000000,0.095017,0.164969,0.368385,0.368971,0.0,2
15,5785902,1735770600000000,0.079185,0.084767,0.336383,0.355043,0.0,10
15,5785903,1735770900000000,0.060801,0.061612,0.340028,0.356474,0.0,2
15,5785904,1735771200000000,0.058263,0.128488,0.288919,0.327052,0.0,1
15,5785905,1735771500000000,0.053657,0.115107,0.312683,0.320174,0.0,2
15,5785906,1735771800000000,0.079074,0.099384,0.33941,0.340432,0.0,3
15,5785907,1735772100000000,0.063882,0.141199,0.318926,0.344193,0.0,3
15,5785908,1735772400000000,0.061124,0.118118,0.249643,0.274644,0.0,0
15,5785909,1735772700000000,0.040141,0.049669,0.382549,0.395323,0.0,4
15,5785910,1735773000000000,0.070819,0.107661,0.350795,0.372385,0.0,0
15,5785911,1735773300000000,0.0573,0.126505,0.321439,0.345306,0.0,3
15,5785912,1735773600000000,0.067145,0.120565,0.327465,0.341586,0.0,7
15,5785913,1735773900000000,0.077983,0.124848,0.394644,0.411464,0.0,0
15,5785914,1735774200000000,0.030572,0.063932,0.280991,0.286663,0.0,2
15,5785915,1735774500000000,0.054679,0.074523,0.280408,0.311249,0.0,2
15,5785916,1735774800000000,0.052069,0.101157,0.352227,0.367794,0.0,4
15,5785917,1735775100000000,0.050482,0.06279,0.336176,0.361997,0.0,1
15,5785918,1735775400000000,0.039896,0.104689,0.273568,0.290633,0.0,2
15,5785919,1735775700000000,0.046905,0.063671,0.359964,0.366454,0.0,3
15,5785920,1735776000000000,0.040228,0.049873,0.325878,0.353904,0.0,3
15,5785921,1735776300000000,0.074848,0.080611,0.290279,0.306972,0.0,3
15,5785922,1735776600000000,0.066793,0.131986,0.342991,0.350405,0.0,3
15,5785923,1735776900000000,0.065545,0.102969,0.336569,0.373909,0.0,2
15,5785924,1735777200000000,0.025314,0.057207,0.305338,0.341071,0.0,1
15,5785925,1735777500000000,0.095079,0.136774,0.34865,0.377736,0.0,7
15,5785926,1735777800000000,0.052646,0.099631,0.343474,0.366516,0.0,4
15,5785927,1735778100000000,0.091403,0.161861,0.368559,0.393566,0.0,3
15,5785928,1735778400000000,0.073484,0.100988,0.330011,0.34442,0.0,4
15,5785929,1735778700000000,0.05583,0.070798,0.308716,0.319234,0.0,0
15,5785930,1735779000000000,0.096778,0.166302,0.343435,0.367117,0.0,2
15,5785931,1735779300000000,0.070213,0.108659,0.37221,0.40181,0.0,6
16,5785632,1735689600000000,0.79559,0.796925,0.602711,0.609821,0.047873,7
16,5785633,1735689900000000,0.794149,0.808957,0.584866,0.585971,0.000985,9
16,5785634,1735690200000000,0.798104,0.804146,0.573954,0.589042,0.014269,5
16,5785635,1735690500000000,0.817768,0.840342,0.515501,0.539804,0.095856,9
16,5785636,1735690800000000,0.066302,0.127128,0.24382,0.268125,0.0,0
16,5785637,1735691100000000,0.059604,0.122491,0.306129,0.319951,0.0,2
16,5785638,1735691400000000,0.071341,0.077049,0.375717,0.377221,0.0,3
16,5785639,1735691700000000,0.06001,0.105632,0.292809,0.329565,0.0,3
16,5785640,1735692000000000,0.035973,0.043017,0.285969,0.30604,0.0,3
16,5785641,1735692300000000,0.040014,0.054981,0.275111,0.306172,0.0,4
16,5785642,1735692600000000,0.07083,0.133567,0.273175,0.289051,0.0,2
16,5785643,1735692900000000,0.035268,0.113029,0.275784,0.309041,0.0,1
16,5785644,1735693200000000,0.053142,0.074872,0.329745,0.361133,0.0,0
16,5785645,1735693500000000,0.057945,0.120086,0.300607,0.304419,0.0,0
16,5785646,1735693800000000,0.0414,0.068764,0.293001,0.295052,0.0,0
16,5785647,1735694100000000,0.029981,0.092746,0.285442,0.291423,0.0,2
16,5785648,1735694400000000,0.038854,0.084475,0.323079,0.355992,0.0,4
16,5785649,1735694700000000,0.027425,0.071131,0.325211,0.335991,0.0,2
16,5785650,1735695000000000,0.071009,0.135711,0.250093,0.265924,0.0,3
16,5785651,1735695300000000,0.067155,0.122848,0.293094,0.316229,0.0,3
16,5785652,1735695600000000,0.046327,0.123987,0.312639,0.338714,0.0,3
16,5785653,1735695900000000,0.035388,0.064401,0.329942,0.346996,0.0,0
16,5785654,1735696200000000,0.080993,0.157397,0.333455,0.351422,0.0,4
16,5785655,1735696500000000,0.067926,0.134138,0.356688,0.369814,0.0,2
16,5785656,1735696800000000,0.048821,0.088304,0.260613,0.264375,0.0,1
16,5785657,1735697100000000,0.081368,0.121433,0.345086,0.351019,0.0,1
16,5785658,1735697400000000,0.062477,0.134633,0.403919,0.439515,0.0,1
16,5785659,1735697700000000,0.065724,0.11272,0.324912,0.363906,0.0,2
16,5785660,1735698000000000,0.041244,0.068268,0.317975,0.350993,0.0,1
16,5785661,1735698300000000,0.032708,0.036018,0.332218,0.34445,0.0,5
16,5785662,1735698600000000,0.031739,0.055709,0.289295,0.296429,0.0,3
16,5785663,1735698900000000,0.097495,0.114882,0.296249,0.316617,0.0,5
16,5785664,1735699200000000,0.045104,0.055426,0.318107,0.321892,0.0,4
16,5785665,1735699500000000,0.061173,0.114983,0.25525,0.291849,0.0,4
16,5785666,1735699800000000,0.068273,0.099929,0.339734,0.370454,0.0,2
16,5785667,1735700100000000,0.059625,0.067191,0.34345,0.382394,0.0,3
16,5785668,1735700400000000,0.716554,0.742713,0.486641,0.520877,0.001721,5
16,5785669,1735700700000000,0.716153,0.727386,0.557174,0.573526,0.037231,8
16,5785670,1735701000000000,0.068639,0.116527,0.315365,0.327933,0.0,1
16,5785671,1735701300000000,0.041284,0.075437,0.373564,0.406933,0.0,5
16,5785672,1735701600000000,0.05207,0.126807,0.370618,0.394134,0.0,3
16,5785673,1735701900000000,0.018533,0.067232,0.340151,0.375299,0.0,3
16,5785674,1735702200000000,0.026465,0.087679,0.35769,0.370698,0.0,4
16,5785675,1735702500000000,0.036635,0.06344,0.298213,0.320072,0.0,1
16,5785676,1735702800000000,0.075367,0.135726,0.336776,0.35527,0.0,2
16,5785677,1735703100000000,0.716409,0.775192,0.540645,0.547975,0.00087,7
16,5785678,1735703400000000,0.733871,0.813143,0.516969,0.538612,0.018706,7
16,5785679,1735703700000000,0.728246,0.781139,0.558193,0.561529,0.031925,4
16,5785680,1735704000000000,0.064682,0.137974,0.319309,0.334309,0.0,1
16,5785681,1735704300000000,0.043006,0.11236,0.306959,0.328297,0.0,2
16,5785682,1735704600000000,0.061349,0.134847,0.319102,0.324912,0.0,1
16,5785683,1735704900000000,0.064581,0.110434,0.325035,0.355181,0.0,2
16,5785684,1735705200000000,0.099612,0.117531,0.37038,0.378012,0.0,3
16,5785685,1735705500000000,0.053772,0.100574,0.295441,0.324583,0.0,3
16,5785686,1735705800000000,0.07318,0.146914,0.274428,0.275386,0.0,3
16,5785687,1735706100000000,0.05777,0.135612,0.34734,0.374895,0.0,0
16,5785688,1735706400000000,0.047359,0.123053,0.350839,0.366856,0.0,1
16,5785689,1735706700000000,0.075652,0.110939,0.340796,0.372401,0.0,4
16,5785690,1735707000000000,0.094049,0.158395,0.287365,0.309844,0.0,2
16,5785691,1735707300000000,0.064716,0.103801,0.317391,0.332593,0.0,2
16,5785692,1735707600000000,0.047705,0.103043,0.328099,0.354651,0.0,2
16,5785693,1735707900000000,0.068415,0.102938,0.281211,0.296728,0.0,2
16,5785694,1735708200000000,0.06503,0.089235,0.292182,0.30643,0.0,2
16,5785695,1735708500000000,0.099897,0.135252,0.329101,0.346126,0.0,3
16,5785696,1735708800000000,0.073359,0.097917,0.372993,0.401409,0.0,6
16,5785697,1735709100000000,0.043195,0.07705,0.324125,0.348723,0.0,5
16,5785698,1735709400000000,0.082944,0.137159,0.306129,0.34279,0.0,5
16,5785699,1735709700000000,0.073956,0.090016,0.317818,0.317833,0.0,1
16,5785700,1735710000000000,0.076837,0.130974,0.300242,0.30668,0.0,3
16,5785701,1735710300000000,0.068008,0.073898,0.307323,0.327083,0.0,3
16,5785702,1735710600000000,0.078149,0.078277,0.356243,0.383029,0.0,1
16,5785703,1735710900000000,0.067931,0.086575,0.246976,0.250562,0.0,2
16,5785704,1735711200000000,0.055421,0.07161,0.371995,0.383763,0.0,4
16,5785705,1735711500000000,0.062416,0.129068,0.409413,0.448956,0.0,4
16,5785706,1735711800000000,0.057913,0.118396,0.326772,0.339878,0.0,0
16,5785707,1735712100000000,0.066145,0.119456,0.289908,0.305113,0.0,0
16,5785708,1735712400000000,0.06143,0.11793,0.36803,0.377581,0.0,3
16,5785709,1735712700000000,0.054338,0.107376,0.330136,0.330834,0.0,2
16,5785710,1735713000000000,0.056731,0.122847,0.298817,0.310233,0.0,3
16,5785711,1735713300000000,0.059935,0.102647,0.282102,0.288544,0.0,2
16,5785712,1735713600000000,0.027941,0.029352,0.293546,0.308787,0.0,3
16,5785713,1735713900000000,0.07844,0.147505,0.335157,0.344455,0.0,1
16,5785714,1735714200000000,0.066263,0.103897,0.359012,0.375167,0.0,1
16,5785715,1735714500000000,0.048993,0.123267,0.328515,0.339294,0.0,2
16,5785716,1735714800000000,0.070642,0.142082,0.342889,0.379514,0.0,3
16,5785717,1735715100000000,0.050854,0.082801,0.304449,0.316105,0.0,1
16,5785718,1735715400000000,0.050853,0.125499,0.351996,0.35954,0.0,4
16,5785719,1735715700000000,0.066743,0.07143,0.315091,0.345573,0.0,5
16,5785720,1735716000000000,0.085751,0.138738,0.403533,0.436002,0.0,6
16,5785721,1735716300000000,0.065038,0.119557,0.296652,0.319172,0.0,2
16,5785722,1735716600000000,0.046034,0.113245,0.331912,0.345706,0.0,4
16,5785723,1735716900000000,0.053667,0.091383,0.406359,0.439728,0.0,2
16,5785724,1735717200000000,0.075283,0.094528,0.368027,0.394822,0.0,1
16,5785725,1735717500000000,0.067277,0.070811,0.353364,0.368605,0.0,2
16,5785726,1735717800000000,0.07727,0.114654,0.338918,0.354584,0.0,4
16,5785727,1735718100000000,0.067082,0.103344,0.325592,0.32569,0.0,7
16,5785728,1735718400000000,0.073875,0.102386,0.318902,0.321212,0.0,2
16,5785729,1735718700000000,0.096234,0.147148,0.31121,0.316602,0.0,2
16,5785730,1735719000000000,0.035658,0.078169,0.251051,0.260942,0.0,1
16,5785731,1735719300000000,0.103329,0.112573,0.36179,0.398833,0.0,2
16,5785732,1735719600000000,0.076857,0.080706,0.265379,0.298243,0.0,1
16,5785733,1735719900000000,0.107249,0.178503,0.363593,0.365224,0.0,4
16,5785734,1735720200000000,0.042301,0.101675,0.302436,0.303032,0.0,1
16,5785735,1735720500000000,0.066884,0.10394,0.285191,0.308631,0.0,1
16,5785736,1735720800000000,0.783496,0.82318,0.630451,0.64551,0.002939,8
16,5785737,1735721100000000,0.796531,0.805687,0.520822,0.552893,0.05582,1
16,5785738,1735721400000000,0.789083,0.810164,0.549534,0.588449,0.004092,8
16,5785739,1735721700000000,0.725895,0.791877,0.531157,0.550927,0.124957,10
16,5785740,1735722000000000,0.733476,0.743583,0.5627,0.569796,0.006216,8
16,5785741,1735722300000000,0.717533,0.725877,0.526629,0.56234,0.041002,12
16,5785742,1735722600000000,0.710171,0.754821,0.607028,0.623916,0.007608,5
16,5785743,1735722900000000,0.068158,0.135384,0.269004,0.285689,0.0,2
16,5785744,1735723200000000,0.050679,0.081009,0.481155,0.509311,0.0,3
16,5785745,1735723500000000,0.05774,0.10941,0.277858,0.292655,0.0,0
16,5785746,1735723800000000,0.03406,0.106232,0.430156,0.43955,0.0,4
16,5785747,1735724100000000,0.061007,0.132307,0.365074,0.394742,0.0,1
16,5785748,1735724400000000,0.043284,0.080714,0.310738,0.318172,0.0,2
16,5785749,1735724700000000,0.059406,0.083053,0.329857,0.331428,0.0,2
16,5785750,1735725000000000,0.040452,0.086322,0.299008,0.318913,0.0,2
16,5785751,1735725300000000,0.059652,0.133588,0.33476,0.336118,0.0,6
16,5785752,1735725600000000,0.076195,0.130664,0.297188,0.328825,0.0,2
16,5785753,1735725900000000,0.049275,0.125689,0.345606,0.384702,0.0,1
16,5785754,1735726200000000,0.043201,0.089534,0.3224,0.360346,0.0,5
16,5785755,1735726500000000,0.07407,0.075767,0.286344,0.2923,0.0,5
16,5785756,1735726800000000,0.076439,0.112273,0.34384,0.381119,0.0,3
16,5785757,1735727100000000,0.067631,0.139893,0.338288,0.342761,0.0,1
16,5785758,1735727400000000,0.051622,0.054323,0.289382,0.303559,0.0,5
16,5785759,1735727700000000,0.048666,0.098105,0.299925,0.303298,0.0,2
16,5785760,1735728000000000,0.709612,0.739847,0.568864,0.601771,0.027225,7
16,5785761,1735728300000000,0.714514,0.746805,0.593709,0.602659,0.00483,5
16,5785762,1735728600000000,0.684521,0.729928,0.533892,0.560488,0.009886,5
16,5785763,1735728900000000,0.656091,0.689017,0.566858,0.597365,0.009091,13
16,5785764,1735729200000000,0.696303,0.769914,0.590389,0.605619,0.027559,8
16,5785765,1735729500000000,0.677521,0.701816,0.589263,0.620834,0.004998,6
16,5785766,1735729800000000,0.695873,0.756615,0.560235,0.573258,0.018308,5
16,5785767,1735730100000000,0.078282,0.085649,0.291329,0.297258,0.0,0
16,5785768,1735730400000000,0.054376,0.081003,0.354683,0.373078,0.0,4
16,5785769,1735730700000000,0.767498,0.780128,0.560968,0.589381,0.0054,7
16,5785770,1735731000000000,0.790249,0.807835,0.596847,0.598435,0.089185,9
16,5785771,1735731300000000,0.073656,0.118815,0.300619,0.332869,0.0,3
16,5785772,1735731600000000,0.077773,0.105137,0.303214,0.31344,0.0,4
16,5785773,1735731900000000,0.059756,0.063657,0.292859,0.320107,0.0,0
16,5785774,1735732200000000,0.062566,0.131639,0.268899,0.273461,0.0,4
16,5785775,1735732500000000,0.0554,0.109431,0.29592,0.311498,0.0,1
16,5785776,1735732800000000,0.059038,0.135455,0.279345,0.297947,0.0,6
16,5785777,1735733100000000,0.814924,0.87896,0.607874,0.626612,0.014108,8
16,5785778,1735733400000000,0.82592,0.87067,0.546477,0.557406,0.063415,2
16,5785779,1735733700000000,0.824386,0.861216,0.561758,0.582926,0.012304,3
16,5785780,1735734000000000,0.819009,0.894737,0.58678,0.597875,0.004153,11
16,5785781,1735734300000000,0.074241,0.108159,0.398481,0.405143,0.0,3
16,5785782,1735734600000000,0.034616,0.078208,0.284431,0.289765,0.0,1
16,5785783,1735734900000000,0.859639,0.886338,0.545585,0.581373,0.022028,10
16,5785784,1735735200000000,0.836975,0.859425,0.540467,0.545693,0.001041,9
16,5785785,1735735500000000,0.838304,0.905948,0.558981,0.574789,0.004865,6
16,5785786,1735735800000000,0.839847,0.859608,0.567673,0.577749,0.020209,9
16,5785787,1735736100000000,0.068475,0.079999,0.416151,0.440792,0.0,6
16,5785788,1735736400000000,0.019363,0.077606,0.345447,0.359277,0.0,4
16,5785789,1735736700000000,0.063037,0.130329,0.309462,0.320915,0.0,2
16,5785790,1735737000000000,0.060818,0.135036,0.395401,0.434161,0.0,1
16,5785791,1735737300000000,0.042537,0.095898,0.290385,0.330255,0.0,4
16,5785792,1735737600000000,0.06328,0.09115,0.305698,0.311003,0.0,3
16,5785793,1735737900000000,0.038161,0.079016,0.294507,0.322218,0.0,4
16,5785794,1735738200000000,0.059212,0.074114,0.361798,0.397392,0.0,1
16,5785795,1735738500000000,0.037482,0.05445,0.31032,0.349153,0.0,2
16,5785796,1735738800000000,0.096906,0.168607,0.39421,0.406134,0.0,1
16,5785797,1735739100000000,0.075505,0.143412,0.343787,0.375164,0.0,2
16,5785798,1735739400000000,0.064436,0.086755,0.358912,0.372021,0.0,0
16,5785799,1735739700000000,0.042807,0.07324,0.242337,0.267201,0.0,1
16,5785800,1735740000000000,0.05504,0.131744,0.251298,0.271817,0.0,1
16,5785801,1735740300000000,0.055785,0.087143,0.252875,0.281175,0.0,1
16,5785802,1735740600000000,0.064354,0.09055,0.3054,0.341908,0.0,4
16,5785803,1735740900000000,0.067174,0.083223,0.261957,0.266468,0.0,3
16,5785804,1735741200000000,0.064048,0.09666,0.372029,0.380943,0.0,2
16,5785805,1735741500000000,0.066162,0.095251,0.315189,0.338619,0.0,6
16,5785806,1735741800000000,0.056943,0.115727,0.344544,0.358832,0.0,2
16,5785807,1735742100000000,0.066164,0.093924,0.303467,0.325781,0.0,2
16,5785808,1735742400000000,0.048517,0.085182,0.349973,0.381285,0.0,2
16,5785809,1735742700000000,0.040857,0.066566,0.235696,0.263676,0.0,2
16,5785810,1735743000000000,0.093262,0.118812,0.330686,0.36135,0.0,1
16,5785811,1735743300000000,0.067488,0.087586,0.34365,0.350097,0.0,3
16,5785812,1735743600000000,0.09251,0.132359,0.355778,0.356993,0.0,2
16,5785813,1735743900000000,0.055055,0.089376,0.306562,0.341431,0.0,0
16,5785814,1735744200000000,0.103393,0.107999,0.267748,0.285808,0.0,3
16,5785815,1735744500000000,0.061433,0.135877,0.361953,0.38738,0.0,4
16,5785816,1735744800000000,0.080627,0.108531,0.312529,0.315446,0.0,1
16,5785817,1735745100000000,0.060591,0.121195,0.308992,0.337301,0.0,3
16,5785818,1735745400000000,0.722483,0.795037,0.641637,0.645704,0.039917,1
16,5785819,1735745700000000,0.717441,0.718352,0.554968,0.586462,0.0435,5
16,5785820,1735746000000000,0.710644,0.720509,0.527969,0.530398,0.008044,8
16,5785821,1735746300000000,0.077644,0.092888,0.304023,0.307351,0.0,2
16,5785822,1735746600000000,0.059841,0.130705,0.346751,0.360483,0.0,0
16,5785823,1735746900000000,0.074948,0.118601,0.293397,0.301878,0.0,6
16,5785824,1735747200000000,0.076268,0.101144,0.347162,0.38654,0.0,3
16,5785825,1735747500000000,0.085458,0.088988,0.373964,0.392017,0.0,2
16,5785826,1735747800000000,0.067581,0.070421,0.320122,0.338875,0.0,4
16,5785827,1735748100000000,0.032803,0.079004,0.350994,0.352853,0.0,1
16,5785828,1735748400000000,0.054236,0.110486,0.316229,0.335885,0.0,0
16,5785829,1735748700000000,0.059546,0.090392,0.293343,0.295901,0.0,5
16,5785830,1735749000000000,0.060223,0.083231,0.254495,0.27962,0.0,3
16,5785831,1735749300000000,0.083731,0.148256,0.34031,0.379573,0.0,3
16,5785832,1735749600000000,0.676024,0.745268,0.548452,0.561635,0.007258,7
16,5785833,1735749900000000,0.652964,0.683642,0.56779,0.600112,0.029366,5
16,5785834,1735750200000000,0.699314,0.759169,0.580158,0.618778,0.106846,7
16,5785835,1735750500000000,0.053721,0.123277,0.401497,0.440216,0.0,3
16,5785836,1735750800000000,0.055182,0.085627,0.296072,0.325909,0.0,4
16,5785837,1735751100000000,0.040337,0.053196,0.328354,0.363154,0.0,1
16,5785838,1735751400000000,0.031935,0.061408,0.283673,0.297731,0.0,5
16,5785839,1735751700000000,0.038759,0.043735,0.350768,0.374122,0.0,2
16,5785840,1735752000000000,0.078244,0.081089,0.290309,0.316825,0.0,2
16,5785841,1735752300000000,0.073347,0.139339,0.36222,0.370915,0.0,4
16,5785842,1735752600000000,0.044096,0.112317,0.285972,0.298509,0.0,0
16,5785843,1735752900000000,0.061798,0.113584,0.35229,0.366747,0.0,5
16,5785844,1735753200000000,0.074516,0.143054,0.374339,0.376968,0.0,1
16,5785845,1735753500000000,0.023399,0.098237,0.246026,0.264288,0.0,3
16,5785846,1735753800000000,0.0919,0.146815,0.278277,0.309611,0.0,3
16,5785847,1735754100000000,0.841632,0.914563,0.603967,0.629959,0.021868,3
16,5785848,1735754400000000,0.837275,0.910842,0.598185,0.62319,0.004645,3
16,5785849,1735754700000000,0.844324,0.86628,0.583827,0.608063,0.041758,5
16,5785850,1735755000000000,0.023252,0.099248,0.289088,0.289989,0.0,1
16,5785851,1735755300000000,0.056066,0.134773,0.285415,0.285547,0.0,2
16,5785852,1735755600000000,0.082651,0.105031,0.34217,0.348935,0.0,6
16,5785853,1735755900000000,0.059873,0.11007,0.282379,0.318911,0.0,2
16,5785854,1735756200000000,0.073368,0.090984,0.340323,0.374608,0.0,4
16,5785855,1735756500000000,0.086067,0.117568,0.307148,0.33022,0.0,5
16,5785856,1735756800000000,0.072665,0.12259,0.308525,0.323942,0.0,0
16,5785857,1735757100000000,0.055361,0.058356,0.368008,0.406552,0.0,4
16,5785858,1735757400000000,0.070363,0.122076,0.362806,0.365446,0.0,1
16,5785859,1735757700000000,0.029922,0.068805,0.270597,0.274482,0.0,0
16,5785860,1735758000000000,0.068826,0.078728,0.289172,0.314013,0.0,3
16,5785861,1735758300000000,0.073493,0.128261,0.356836,0.378737,0.0,4
16,5785862,1735758600000000,0.062717,0.138115,0.264597,0.303849,0.0,1
16,5785863,1735758900000000,0.080908,0.081088,0.386478,0.418579,0.0,1
16,5785864,1735759200000000,0.065015,0.100036,0.328161,0.36569,0.0,2
16,5785865,1735759500000000,0.062645,0.072736,0.298797,0.327665,0.0,1
16,5785866,1735759800000000,0.092982,0.109542,0.332963,0.370037,0.0,2
16,5785867,1735760100000000,0.042759,0.082087,0.369409,0.396881,0.0,4
16,5785868,1735760400000000,0.085058,0.108363,0.244525,0.265553,0.0,2
16,5785869,1735760700000000,0.083633,0.135567,0.370324,0.393525,0.0,3
16,5785870,1735761000000000,0.075215,0.096338,0.374107,0.410156,0.0,0
16,5785871,1735761300000000,0.052719,0.114819,0.305616,0.309802,0.0,3
16,5785872,1735761600000000,0.066169,0.080846,0.320296,0.342911,0.0,7
16,5785873,1735761900000000,0.045523,0.118102,0.321391,0.337081,0.0,1
16,5785874,1735762200000000,0.049882,0.081894,0.3468,0.373318,0.0,1
16,5785875,1735762500000000,0.062366,0.066803,0.292639,0.31679,0.0,3
16,5785876,1735762800000000,0.044095,0.052073,0.314853,0.330837,0.0,0
16,5785877,1735763100000000,0.0558,0.098436,0.315535,0.343107,0.0,1
16,5785878,1735763400000000,0.040164,0.113047,0.341211,0.362651,0.0,0
16,5785879,1735763700000000,0.071753,0.11298,0.43213,0.439629,0.0,3
16,5785880,1735764000000000,0.089427,0.125442,0.301945,0.327467,0.0,5
16,5785881,1735764300000000,0.099545,0.161368,0.337994,0.339061,0.0,0
16,5785882,1735764600000000,0.041397,0.05954,0.284057,0.316976,0.0,3
16,5785883,1735764900000000,0.044559,0.098691,0.296042,0.332302,0.0,5
16,5785884,1735765200000000,0.0591,0.076562,0.277647,0.280764,0.0,2
16,5785885,1735765500000000,0.074802,0.142429,0.264962,0.275233,0.0,3
16,5785886,1735765800000000,0.730018,0.800524,0.60282,0.607893,0.045637,5
16,5785887,1735766100000000,0.751069,0.766636,0.577117,0.607991,0.081362,4
16,5785888,1735766400000000,0.07163,0.083116,0.328786,0.331628,0.0,0
16,5785889,1735766700000000,0.030231,0.088098,0.275623,0.297267,0.0,1
16,5785890,1735767000000000,0.06305,0.115277,0.319069,0.334597,0.0,2
16,5785891,1735767300000000,0.039749,0.089481,0.267658,0.297692,0.0,3
16,5785892,1735767600000000,0.051875,0.092626,0.317066,0.342631,0.0,1
16,5785893,1735767900000000,0.054631,0.064956,0.33247,0.354238,0.0,1
16,5785894,1735768200000000,0.075385,0.132944,0.304685,0.324825,0.0,3
16,5785895,1735768500000000,0.061509,0.074496,0.291256,0.322257,0.0,0
16,5785896,1735768800000000,0.053648,0.097075,0.299085,0.318173,0.0,1
16,5785897,1735769100000000,0.099762,0.127491,0.367509,0.384302,0.0,5
16,5785898,1735769400000000,0.045945,0.072477,0.324146,0.325158,0.0,0
16,5785899,1735769700000000,0.067207,0.133788,0.259246,0.269988,0.0,1
16,5785900,1735770000000000,0.074032,0.110529,0.35485,0.369644,0.0,1
16,5785901,1735770300000000,0.065039,0.104515,0.344494,0.367644,0.0,1
16,5785902,1735770600000000,0.04584,0.117535,0.323528,0.350456,0.0,0
16,5785903,1735770900000000,0.044921,0.089597,0.381547,0.420055,0.0,2
16,5785904,1735771200000000,0.073174,0.137278,0.326564,0.337632,0.0,0
16,5785905,1735771500000000,0.080815,0.149845,0.345515,0.367292,0.0,3
16,5785906,1735771800000000,0.061057,0.116671,0.340147,0.370388,0.0,0
16,5785907,1735772100000000,0.038283,0.049806,0.348496,0.360917,0.0,3
16,5785908,1735772400000000,0.062181,0.071722,0.312849,0.33479,0.0,2
16,5785909,1735772700000000,0.089263,0.124001,0.305449,0.32219,0.0,5
16,5785910,1735773000000000,0.043886,0.048941,0.354283,0.370173,0.0,0
16,5785911,1735773300000000,0.056278,0.080335,0.356551,0.359058,0.0,1
16,5785912,1735773600000000,0.063038,0.079716,0.373057,0.374026,0.0,1
16,5785913,1735773900000000,0.081582,0.084674,0.345177,0.356991,0.0,3
16,5785914,1735774200000000,0.052461,0.084392,0.252411,0.288903,0.0,0
16,5785915,1735774500000000,0.070708,0.090635,0.331311,0.339022,0.0,2
16,5785916,1735774800000000,0.087032,0.095188,0.331809,0.334329,0.0,1
16,5785917,1735775100000000,0.035322,0.093745,0.361541,0.386349,0.0,5
16,5785918,1735775400000000,0.038393,0.111399,0.355775,0.394117,0.0,4
16,5785919,1735775700000000,0.060305,0.109966,0.345619,0.347906,0.0,1
16,5785920,1735776000000000,0.079638,0.153984,0.244954,0.274772,0.0,0
16,5785921,1735776300000000,0.795259,0.808576,0.545348,0.549688,0.04609,7
16,5785922,1735776600000000,0.808523,0.86997,0.568412,0.573825,0.010585,11
16,5785923,1735776900000000,0.758628,0.791317,0.551865,0.589309,0.043421,10
16,5785924,1735777200000000,0.068216,0.107379,0.330551,0.358599,0.0,1
16,5785925,1735777500000000,0.010748,0.063891,0.36297,0.385342,0.0,1
16,5785926,1735777800000000,0.085876,0.148559,0.361227,0.367813,0.0,4
16,5785927,1735778100000000,0.08339,0.088176,0.292427,0.314789,0.0,2
16,5785928,1735778400000000,0.056078,0.087132,0.28648,0.288971,0.0,0
16,5785929,1735778700000000,0.020417,0.081615,0.270386,0.286163,0.0,6
16,5785930,1735779000000000,0.05823,0.101026,0.315707,0.343885,0.0,6
16,5785931,1735779300000000,0.082085,0.109421,0.360952,0.383685,0.0,2
17,5785632,1735689600000000,0.537512,0.566196,0.452383,0.459124,0.014179,1
17,5785633,1735689900000000,0.812246,0.822038,0.583152,0.598295,0.055131,4
17,5785634,1735690200000000,0.816706,0.875469,0.548002,0.563644,0.057564,7
17,5785635,1735690500000000,0.808681,0.83283,0.668127,0.676668,0.003256,4
17,5785636,1735690800000000,0.844437,0.854269,0.600669,0.632192,0.049312,6
17,5785637,1735691100000000,0.470955,0.541308,0.443321,0.471613,0.148681,6
17,5785638,1735691400000000,0.522267,0.533037,0.511028,0.519707,0.004574,8
17,5785639,1735691700000000,0.473405,0.489838,0.416409,0.450721,0.086854,7
17,5785640,1735692000000000,0.471795,0.473692,0.436666,0.453698,0.039256,4
17,5785641,1735692300000000,0.480434,0.52192,0.485104,0.50714,0.074945,3
17,5785642,1735692600000000,0.497699,0.563724,0.47961,0.507006,0.025462,3
17,5785643,1735692900000000,0.487142,0.55524,0.51245,0.547417,0.015617,4
17,5785644,1735693200000000,0.486075,0.545577,0.360943,0.370016,0.085858,8
17,5785645,1735693500000000,0.483303,0.521011,0.501881,0.525575,0.156326,1
17,5785646,1735693800000000,0.483615,0.554771,0.447531,0.474394,0.033806,3
17,5785647,1735694100000000,0.751842,0.813213,0.516335,0.55179,0.036927,8
17,5785648,1735694400000000,0.772861,0.844,0.501575,0.532467,0.046632,6
17,5785649,1735694700000000,0.488554,0.507711,0.448767,0.485344,0.035793,4
17,5785650,1735695000000000,0.452026,0.500129,0.521808,0.524818,0.035389,4
17,5785651,1735695300000000,0.499329,0.501055,0.513529,0.530548,0.142477,5
17,5785652,1735695600000000,0.51349,0.555208,0.545096,0.557349,0.063459,8
17,5785653,1735695900000000,0.494981,0.565132,0.46869,0.488578,0.069065,6
17,5785654,1735696200000000,0.477306,0.536383,0.471328,0.503761,0.035973,8
17,5785655,1735696500000000,0.513411,0.575504,0.416523,0.436225,0.030236,6
17,5785656,1735696800000000,0.475294,0.500661,0.403175,0.404581,0.065367,6
17,5785657,1735697100000000,0.790262,0.822114,0.57073,0.597562,0.124065,10
17,5785658,1735697400000000,0.795649,0.87455,0.52343,0.523842,0.003062,5
17,5785659,1735697700000000,0.815468,0.83685,0.551125,0.555035,0.036475,11
17,5785660,1735698000000000,0.510399,0.517298,0.48037,0.50948,0.049846,3
17,5785661,1735698300000000,0.504292,0.535413,0.527396,0.560636,0.081083,5
17,5785662,1735698600000000,0.516751,0.57813,0.481256,0.493981,0.010568,6
17,5785663,1735698900000000,0.479156,0.521045,0.413292,0.436052,0.013908,3
17,5785664,1735699200000000,0.528439,0.531936,0.412082,0.433969,0.001877,7
17,5785665,1735699500000000,0.444829,0.498007,0.460487,0.462711,0.035867,4
17,5785666,1735699800000000,0.5257,0.584548,0.458832,0.480626,0.033023,4
17,5785667,1735700100000000,0.484857,0.533079,0.474346,0.474785,0.044456,4
17,5785668,1735700400000000,0.506843,0.52055,0.469228,0.502027,0.011649,6
17,5785669,1735700700000000,0.526072,0.541357,0.481308,0.511233,0.03374,6
17,5785670,1735701000000000,0.510097,0.542684,0.526597,0.537946,0.189038,8
17,5785671,1735701300000000,0.506704,0.53536,0.519491,0.529985,0.099761,7
17,5785672,1735701600000000,0.515594,0.523744,0.495212,0.502817,0.042464,9
17,5785673,1735701900000000,0.473361,0.542108,0.429869,0.467979,0.038652,6
17,5785674,1735702200000000,0.476061,0.55003,0.444571,0.478403,0.050683,7
17,5785675,1735702500000000,0.774636,0.786141,0.601652,0.635162,0.038949,4
17,5785676,1735702800000000,0.766194,0.811182,0.620224,0.638873,0.133435,12
17,5785677,1735703100000000,0.494369,0.528752,0.42208,0.454541,0.068199,5
17,5785678,1735703400000000,0.522288,0.555008,0.543902,0.567564,0.061579,2
17,5785679,1735703700000000,0.520727,0.567153,0.451064,0.463043,0.022081,4
17,5785680,1735704000000000,0.483427,0.51982,0.495951,0.513168,0.001155,5
17,5785681,1735704300000000,0.507964,0.544084,0.58983,0.606193,0.008688,9
17,5785682,1735704600000000,0.471842,0.483333,0.401557,0.41563,0.020744,2
17,5785683,1735704900000000,0.471409,0.52826,0.485201,0.494893,0.067776,5
17,5785684,1735705200000000,0.483929,0.530323,0.456817,0.472747,0.045221,4
17,5785685,1735705500000000,0.499047,0.503527,0.492556,0.516528,0.008441,6
17,5785686,1735705800000000,0.488245,0.51828,0.446127,0.453974,0.041766,8
17,5785687,1735706100000000,0.508122,0.525544,0.378664,0.384338,0.012595,3
17,5785688,1735706400000000,0.824759,0.855956,0.558513,0.586122,0.000744,5
17,5785689,1735706700000000,0.845089,0.854597,0.609661,0.630715,0.044503,6
17,5785690,1735707000000000,0.509821,0.558665,0.532406,0.546493,0.018271,4
17,5785691,1735707300000000,0.481306,0.527828,0.484679,0.520995,0.008719,3
17,5785692,1735707600000000,0.516211,0.563633,0.539584,0.558037,0.020787,7
17,5785693,1735707900000000,0.484485,0.513773,0.449832,0.463102,0.01185,7
17,5785694,1735708200000000,0.507406,0.56517,0.454601,0.463251,0.010443,5
17,5785695,1735708500000000,0.491139,0.558551,0.485622,0.498549,0.014331,4
17,5785696,1735708800000000,0.523833,0.557141,0.468341,0.479291,0.159178,1
17,5785697,1735709100000000,0.513161,0.547806,0.524507,0.559179,0.01052,8
17,5785698,1735709400000000,0.487533,0.559409,0.414413,0.450092,0.028255,3
17,5785699,1735709700000000,0.493052,0.541465,0.507076,0.523579,0.090127,11
17,5785700,1735710000000000,0.558848,0.599622,0.543918,0.554356,0.043806,1
17,5785701,1735710300000000,0.477303,0.536274,0.48166,0.486873,0.022512,6
17,5785702,1735710600000000,0.487042,0.511853,0.506974,0.535619,0.052387,3
17,5785703,1735710900000000,0.487922,0.490542,0.444805,0.479968,0.030615,7
17,5785704,1735711200000000,0.479139,0.535293,0.434442,0.450887,0.006185,6
17,5785705,1735711500000000,0.481031,0.532716,0.482449,0.517445,0.041464,4
17,5785706,1735711800000000,0.498044,0.532327,0.445426,0.455327,0.030957,1
17,5785707,1735712100000000,0.508578,0.512245,0.490023,0.514371,0.138148,4
17,5785708,1735712400000000,0.471323,0.546529,0.477027,0.480271,0.05378,2
17,5785709,1735712700000000,0.490974,0.549436,0.469145,0.49167,0.088087,1
17,5785710,1735713000000000,0.485528,0.516372,0.481227,0.506774,0.038623,3
17,5785711,1735713300000000,0.478931,0.495016,0.493014,0.518789,0.011659,4
17,5785712,1735713600000000,0.517924,0.562352,0.477272,0.508424,0.026495,9
17,5785713,1735713900000000,0.48623,0.487931,0.451106,0.454896,0.024495,2
17,5785714,1735714200000000,0.475342,0.511918,0.499276,0.510419,0.045752,5
17,5785715,1735714500000000,0.515843,0.594914,0.491476,0.519198,0.03945,7
17,5785716,1735714800000000,0.522522,0.581658,0.500926,0.524609,0.132835,6
17,5785717,1735715100000000,0.504278,0.583072,0.4998,0.537778,0.029135,5
17,5785718,1735715400000000,0.483065,0.514746,0.475015,0.506382,0.02398,3
17,5785719,1735715700000000,0.495002,0.501972,0.459483,0.478322,0.024548,5
17,5785720,1735716000000000,0.488209,0.565418,0.4462,0.46755,0.103999,4
17,5785721,1735716300000000,0.499111,0.568331,0.471151,0.497539,0.062553,5
17,5785722,1735716600000000,0.512886,0.557889,0.49878,0.499189,0.003211,6
17,5785723,1735716900000000,0.499546,0.517933,0.495977,0.510546,0.006052,3
17,5785724,1735717200000000,0.499936,0.559036,0.480734,0.48561,0.087947,3
17,5785725,1735717500000000,0.490764,0.492303,0.485855,0.495433,0.004734,2
17,5785726,1735717800000000,0.511968,0.585122,0.435003,0.468183,0.010018,3
17,5785727,1735718100000000,0.506629,0.562404,0.458744,0.480683,0.010763,2
17,5785728,1735718400000000,0.466913,0.480976,0.490256,0.524674,0.022164,4
17,5785729,1735718700000000,0.467933,0.481096,0.430439,0.465991,0.085681,5
17,5785730,1735719000000000,0.829843,0.834481,0.596096,0.628334,0.02248,3
17,5785731,1735719300000000,0.853285,0.914924,0.600712,0.631195,0.117916,9
17,5785732,1735719600000000,0.856812,0.867041,0.59533,0.601974,0.048132,7
17,5785733,1735719900000000,0.849546,0.891151,0.624493,0.635264,0.019872,7
17,5785734,1735720200000000,0.497288,0.525943,0.483138,0.511302,0.002843,8
17,5785735,1735720500000000,0.526368,0.570294,0.43633,0.448372,0.084684,5
17,5785736,1735720800000000,0.486995,0.54258,0.491095,0.506101,0.042347,4
17,5785737,1735721100000000,0.493862,0.510659,0.452567,0.490021,0.021727,6
17,5785738,1735721400000000,0.474423,0.490463,0.411493,0.439728,0.058379,8
17,5785739,1735721700000000,0.493784,0.520792,0.502515,0.50678,0.031501,3
17,5785740,1735722000000000,0.484489,0.559304,0.422138,0.450986,0.016765,4
17,5785741,1735722300000000,0.527682,0.563204,0.470501,0.502253,0.000366,5
17,5785742,1735722600000000,0.834016,0.854572,0.603646,0.640178,0.014427,6
17,5785743,1735722900000000,0.811017,0.852581,0.580924,0.608329,0.025313,9
17,5785744,1735723200000000,0.818283,0.832713,0.561428,0.565256,0.010606,5
17,5785745,1735723500000000,0.799002,0.860217,0.539902,0.570513,0.019683,4
17,5785746,1735723800000000,0.45434,0.479882,0.428616,0.454868,0.015978,1
17,5785747,1735724100000000,0.486276,0.564887,0.427099,0.445344,0.021997,6
17,5785748,1735724400000000,0.513463,0.563855,0.474653,0.505074,0.091831,2
17,5785749,1735724700000000,0.507887,0.556812,0.455946,0.47695,0.066688,8
17,5785750,1735725000000000,0.492943,0.516184,0.41738,0.454671,0.031575,4
17,5785751,1735725300000000,0.513311,0.527583,0.46809,0.505354,3.4e-05,7
17,5785752,1735725600000000,0.491525,0.497746,0.446305,0.455323,0.025862,4
17,5785753,1735725900000000,0.479451,0.547905,0.478532,0.496155,0.006886,4
17,5785754,1735726200000000,0.513313,0.591682,0.494144,0.502085,0.033874,3
17,5785755,1735726500000000,0.488987,0.506208,0.524824,0.538053,0.025836,3
17,5785756,1735726800000000,0.518479,0.597953,0.507379,0.516303,0.031469,2
17,5785757,1735727100000000,0.464042,0.513315,0.418885,0.439361,0.085119,2
17,5785758,1735727400000000,0.489748,0.552685,0.384489,0.384515,0.040734,6
17,5785759,1735727700000000,0.510749,0.589817,0.418012,0.449668,0.069215,7
17,5785760,1735728000000000,0.50889,0.586911,0.45801,0.464368,0.038903,9
17,5785761,1735728300000000,0.496019,0.541462,0.409288,0.420253,0.032169,10
17,5785762,1735728600000000,0.505172,0.547337,0.452165,0.459162,0.045788,8
17,5785763,1735728900000000,0.502523,0.556583,0.477173,0.491331,0.042082,8
17,5785764,1735729200000000,0.473197,0.490779,0.443092,0.446173,0.014007,5
17,5785765,1735729500000000,0.810652,0.841757,0.594878,0.629234,0.011555,6
17,5785766,1735729800000000,0.82129,0.887497,0.563112,0.579709,0.010826,9
17,5785767,1735730100000000,0.509112,0.517896,0.447711,0.48468,0.024608,6
17,5785768,1735730400000000,0.498828,0.535552,0.54291,0.544789,0.001014,6
17,5785769,1735730700000000,0.490065,0.51532,0.470201,0.477105,0.037695,2
17,5785770,1735731000000000,0.475979,0.522579,0.471073,0.504506,0.035072,7
17,5785771,1735731300000000,0.51355,0.528702,0.513512,0.532065,0.00073,11
17,5785772,1735731600000000,0.511571,0.585816,0.514132,0.51651,0.041298,3
17,5785773,1735731900000000,0.51777,0.581105,0.466577,0.468444,0.006052,4
17,5785774,1735732200000000,0.480589,0.487091,0.510045,0.545839,0.063144,6
17,5785775,1735732500000000,0.502196,0.528265,0.457814,0.468282,0.146791,2
17,5785776,1735732800000000,0.487539,0.490995,0.511289,0.527724,0.033584,7
17,5785777,1735733100000000,0.500836,0.510692,0.42594,0.46182,0.059851,2
17,5785778,1735733400000000,0.55232,0.586211,0.481042,0.507748,0.026542,9
17,5785779,1735733700000000,0.516266,0.542622,0.489597,0.520415,0.006923,11
17,5785780,1735734000000000,0.486399,0.528048,0.484671,0.503531,0.069949,6
17,5785781,1735734300000000,0.495453,0.518724,0.439664,0.467474,0.039177,4
17,5785782,1735734600000000,0.493483,0.520057,0.406769,0.430141,0.014016,2
17,5785783,1735734900000000,0.50223,0.578885,0.494193,0.501005,0.053222,7
17,5785784,1735735200000000,0.472569,0.542561,0.457131,0.480039,0.0098,5
17,5785785,1735735500000000,0.505827,0.506897,0.461409,0.498433,0.009654,4
17,5785786,1735735800000000,0.461883,0.510065,0.527835,0.541645,0.009835,6
17,5785787,1735736100000000,0.469891,0.481264,0.452742,0.472497,0.0004,10
17,5785788,1735736400000000,0.53603,0.599185,0.466933,0.483577,0.035804,8
17,5785789,1735736700000000,0.493506,0.560382,0.400722,0.428267,0.04467,8
17,5785790,1735737000000000,0.525672,0.578503,0.440673,0.465754,0.025547,5
17,5785791,1735737300000000,0.485417,0.53927,0.504929,0.524011,0.07779,7
17,5785792,1735737600000000,0.462173,0.530288,0.432744,0.434635,0.084971,7
17,5785793,1735737900000000,0.481088,0.489235,0.493521,0.504103,0.041916,7
17,5785794,1735738200000000,0.548384,0.604997,0.440234,0.452815,0.03167,7
17,5785795,1735738500000000,0.474608,0.484202,0.431345,0.460645,0.013247,2
17,5785796,1735738800000000,0.531977,0.535361,0.450403,0.466255,0.078992,5
17,5785797,1735739100000000,0.506214,0.557302,0.496245,0.511378,0.042503,5
17,5785798,1735739400000000,0.502157,0.523924,0.467279,0.485113,0.096713,4
17,5785799,1735739700000000,0.486525,0.490196,0.425858,0.443138,0.001393,8
17,5785800,1735740000000000,0.483778,0.488828,0.497902,0.526609,0.014632,5
17,5785801,1735740300000000,0.510154,0.588529,0.498326,0.525138,0.017562,7
17,5785802,1735740600000000,0.523747,0.541595,0.496929,0.527443,0.003454,6
17,5785803,1735740900000000,0.503533,0.53616,0.488046,0.496343,0.014088,5
17,5785804,1735741200000000,0.513312,0.534635,0.445501,0.475159,0.013233,7
17,5785805,1735741500000000,0.492339,0.567166,0.522662,0.53451,0.023386,6
17,5785806,1735741800000000,0.539116,0.545021,0.484649,0.484651,0.066178,4
17,5785807,1735742100000000,0.504295,0.547751,0.487223,0.512807,0.033615,1
17,5785808,1735742400000000,0.536598,0.574821,0.503126,0.503598,0.057485,4
17,5785809,1735742700000000,0.482626,0.537995,0.431123,0.435043,0.110266,0
17,5785810,1735743000000000,0.49919,0.571055,0.550572,0.552217,0.141176,5
17,5785811,1735743300000000,0.519287,0.519319,0.480668,0.504922,0.018014,0
17,5785812,1735743600000000,0.502556,0.503881,0.477231,0.485546,0.048338,1
17,5785813,1735743900000000,0.857437,0.88762,0.583602,0.615969,0.016956,8
17,5785814,1735744200000000,0.830518,0.862647,0.63668,0.650932,0.020489,3
17,5785815,1735744500000000,0.840819,0.912057,0.641973,0.655381,0.017077,9
17,5785816,1735744800000000,0.832362,0.854671,0.597658,0.61825,0.039769,11
17,5785817,1735745100000000,0.498461,0.566327,0.415828,0.44683,0.030162,4
17,5785818,1735745400000000,0.496609,0.50375,0.467235,0.49509,0.006843,3
17,5785819,1735745700000000,0.490477,0.49667,0.469067,0.477329,0.070678,3
17,5785820,1735746000000000,0.511382,0.570992,0.460918,0.491458,0.093829,4
17,5785821,1735746300000000,0.480827,0.541838,0.428956,0.449229,0.057355,7
17,5785822,1735746600000000,0.461315,0.468873,0.399291,0.438787,0.000795,4
17,5785823,1735746900000000,0.489712,0.569156,0.530245,0.550917,0.104902,8
17,5785824,1735747200000000,0.538743,0.54518,0.518224,0.529671,0.0326,7
17,5785825,1735747500000000,0.509178,0.579913,0.47959,0.510036,0.021412,7
17,5785826,1735747800000000,0.484768,0.500281,0.443678,0.444849,0.026752,4
17,5785827,1735748100000000,0.508011,0.509769,0.492208,0.521193,0.026172,4
17,5785828,1735748400000000,0.497585,0.565969,0.48232,0.504047,0.014064,4
17,5785829,1735748700000000,0.506977,0.521724,0.461396,0.468422,0.123879,8
17,5785830,1735749000000000,0.515853,0.558207,0.496136,0.4971,0.077004,8
17,5785831,1735749300000000,0.503483,0.569627,0.496715,0.498578,0.018496,2
17,5785832,1735749600000000,0.50217,0.514547,0.503254,0.506525,0.001463,3
17,5785833,1735749900000000,0.526757,0.586042,0.44884,0.468348,0.078726,7
17,5785834,1735750200000000,0.509714,0.552237,0.49565,0.523954,0.014551,1
17,5785835,1735750500000000,0.503507,0.523976,0.52333,0.528682,0.011148,6
17,5785836,1735750800000000,0.50076,0.504084,0.487121,0.493479,0.057895,8
17,5785837,1735751100000000,0.489814,0.510849,0.559763,0.592324,0.032247,3
17,5785838,1735751400000000,0.825615,0.859596,0.58175,0.590867,0.062313,5
17,5785839,1735751700000000,0.860102,0.889536,0.532327,0.565443,0.089267,4
17,5785840,1735752000000000,0.522979,0.58033,0.449087,0.452889,0.021384,2
17,5785841,1735752300000000,0.507701,0.540487,0.450923,0.4844,0.011587,5
17,5785842,1735752600000000,0.510187,0.540614,0.500909,0.530212,0.033166,2
17,5785843,1735752900000000,0.484032,0.549012,0.502685,0.508591,0.002731,3
17,5785844,1735753200000000,0.489269,0.526383,0.476688,0.490206,0.050057,2
17,5785845,1735753500000000,0.476927,0.555767,0.478628,0.491953,0.213327,9
17,5785846,1735753800000000,0.495509,0.541466,0.550031,0.555385,0.014829,5
17,5785847,1735754100000000,0.517698,0.592674,0.447951,0.463035,0.083627,11
17,5785848,1735754400000000,0.487446,0.558022,0.467691,0.494805,0.013074,8
17,5785849,1735754700000000,0.498656,0.531779,0.456433,0.485655,0.037035,8
17,5785850,1735755000000000,0.512644,0.561658,0.432471,0.440587,0.026924,5
17,5785851,1735755300000000,0.521746,0.53301,0.401614,0.430486,0.014579,3
17,5785852,1735755600000000,0.470353,0.512515,0.516484,0.527151,0.029047,3
17,5785853,1735755900000000,0.49142,0.525338,0.441429,0.443129,0.020688,8
17,5785854,1735756200000000,0.486711,0.525411,0.460333,0.468118,0.060608,6
17,5785855,1735756500000000,0.817304,0.832046,0.60328,0.616969,0.061437,4
17,5785856,1735756800000000,0.826191,0.895489,0.541567,0.543003,0.040614,11
17,5785857,1735757100000000,0.79803,0.804428,0.545934,0.549746,0.040605,5
17,5785858,1735757400000000,0.493383,0.555879,0.471814,0.486064,0.01019,1
17,5785859,1735757700000000,0.50063,0.57616,0.457689,0.494673,0.013282,1
17,5785860,1735758000000000,0.481224,0.489731,0.417392,0.442824,0.000929,6
17,5785861,1735758300000000,0.491329,0.526024,0.496253,0.533628,0.016456,6
17,5785862,1735758600000000,0.500352,0.547148,0.456554,0.458043,0.030154,3
17,5785863,1735758900000000,0.502157,0.581464,0.481225,0.515949,0.054241,9
17,5785864,1735759200000000,0.47058,0.539811,0.46698,0.472408,0.009812,7
17,5785865,1735759500000000,0.512605,0.545743,0.518196,0.527674,0.031418,8
17,5785866,1735759800000000,0.513038,0.590471,0.493686,0.497698,0.010986,4
17,5785867,1735760100000000,0.486636,0.513137,0.435819,0.452267,0.016936,8
17,5785868,1735760400000000,0.530203,0.557402,0.532059,0.540157,0.05812,3
17,5785869,1735760700000000,0.508205,0.548706,0.458941,0.488515,0.008863,3
17,5785870,1735761000000000,0.505603,0.567969,0.444407,0.474604,0.134679,3
17,5785871,1735761300000000,0.512295,0.527669,0.440822,0.452442,0.036826,5
17,5785872,1735761600000000,0.481406,0.540803,0.374752,0.406744,0.045971,9
17,5785873,1735761900000000,0.493638,0.493854,0.448434,0.45498,0.029245,1
17,5785874,1735762200000000,0.511117,0.532115,0.494757,0.496367,0.003063,9
17,5785875,1735762500000000,0.48564,0.563597,0.415499,0.422101,0.007423,5
17,5785876,1735762800000000,0.493656,0.546173,0.541124,0.550955,0.085435,2
17,5785877,1735763100000000,0.510818,0.547823,0.389159,0.391173,0.003489,8
17,5785878,1735763400000000,0.505577,0.564118,0.445624,0.450016,0.008214,3
17,5785879,1735763700000000,0.500377,0.535197,0.41563,0.427738,0.002829,4
17,5785880,1735764000000000,0.501126,0.509661,0.512117,0.546215,0.02989,5
17,5785881,1735764300000000,0.496852,0.536658,0.499998,0.534217,0.011997,5
17,5785882,1735764600000000,0.51535,0.591782,0.469731,0.509474,0.011198,9
17,5785883,1735764900000000,0.537621,0.559429,0.431296,0.435217,0.004555,8
17,5785884,1735765200000000,0.505268,0.509498,0.428905,0.428979,0.046391,3
17,5785885,1735765500000000,0.523076,0.582384,0.493076,0.515701,0.001315,6
17,5785886,1735765800000000,0.492139,0.528492,0.445203,0.469333,0.008474,2
17,5785887,1735766100000000,0.487732,0.514508,0.448224,0.457671,0.000563,4
17,5785888,1735766400000000,0.485813,0.524816,0.467084,0.498966,0.072297,2
17,5785889,1735766700000000,0.48347,0.55787,0.452711,0.490949,0.031595,3
17,5785890,1735767000000000,0.494716,0.514736,0.403164,0.416432,0.081274,4
17,5785891,1735767300000000,0.51595,0.531992,0.427347,0.46518,0.035303,6
17,5785892,1735767600000000,0.518053,0.560766,0.429051,0.433222,0.053216,7
17,5785893,1735767900000000,0.490826,0.527891,0.442688,0.461713,0.166436,4
17,5785894,1735768200000000,0.494169,0.506153,0.476563,0.48445,0.169771,5
17,5785895,1735768500000000,0.499963,0.546416,0.476943,0.500321,0.090951,11
17,5785896,1735768800000000,0.504214,0.550173,0.523939,0.526784,0.004947,3
17,5785897,1735769100000000,0.510561,0.558995,0.422415,0.44259,0.040682,9
17,5785898,1735769400000000,0.492815,0.5259,0.484742,0.491669,0.124807,7
17,5785899,1735769700000000,0.496392,0.519596,0.442273,0.458971,0.014789,5
17,5785900,1735770000000000,0.524384,0.550651,0.562555,0.590077,0.005604,8
17,5785901,1735770300000000,0.494985,0.561734,0.469009,0.48236,0.013614,1
17,5785902,1735770600000000,0.489657,0.539665,0.448916,0.470534,0.000362,7
17,5785903,1735770900000000,0.49846,0.530302,0.485433,0.524293,0.016086,5
17,5785904,1735771200000000,0.501407,0.550468,0.483375,0.518388,0.017472,4
17,5785905,1735771500000000,0.472264,0.500233,0.450095,0.489973,0.123172,4
17,5785906,1735771800000000,0.492014,0.561026,0.495962,0.503044,0.024755,6
17,5785907,1735772100000000,0.507559,0.56577,0.538061,0.557826,0.164254,2
17,5785908,1735772400000000,0.536081,0.544157,0.524355,0.555725,0.032143,6
17,5785909,1735772700000000,0.49048,0.494974,0.465712,0.502872,0.005162,6
17,5785910,1735773000000000,0.513768,0.516441,0.550885,0.560521,0.002633,3
17,5785911,1735773300000000,0.503226,0.505428,0.495413,0.534924,0.019928,3
17,5785912,1735773600000000,0.858842,0.898595,0.556686,0.57434,0.057524,6
17,5785913,1735773900000000,0.826822,0.84129,0.591584,0.622468,0.008952,10
17,5785914,1735774200000000,0.857819,0.911782,0.591567,0.612302,0.044257,8
17,5785915,1735774500000000,0.525237,0.563858,0.462177,0.474081,0.156781,5
17,5785916,1735774800000000,0.526003,0.533481,0.496676,0.501032,0.10325,7
17,5785917,1735775100000000,0.525693,0.52616,0.408832,0.415306,0.051972,7
17,5785918,1735775400000000,0.503436,0.506374,0.540327,0.566223,0.005308,4
17,5785919,1735775700000000,0.825202,0.867869,0.613298,0.635453,0.002488,10
17,5785920,1735776000000000,0.80712,0.854049,0.508836,0.526147,0.006109,10
17,5785921,1735776300000000,0.77466,0.802901,0.595134,0.620178,0.016801,9
17,5785922,1735776600000000,0.819278,0.82559,0.604478,0.624774,0.039573,11
17,5785923,1735776900000000,0.497102,0.571877,0.532598,0.53825,0.022857,6
17,5785924,1735777200000000,0.517335,0.549792,0.550029,0.560491,0.031753,4
17,5785925,1735777500000000,0.515516,0.54986,0.556132,0.573403,0.02948,1
17,5785926,1735777800000000,0.480881,0.511398,0.457197,0.47311,0.046323,5
17,5785927,1735778100000000,0.542105,0.546862,0.511369,0.54747,0.022284,2
17,5785928,1735778400000000,0.506986,0.563822,0.45823,0.495907,0.015311,9
17,5785929,1735778700000000,0.476885,0.53007,0.506047,0.527409,0.149807,3
17,5785930,1735779000000000,0.479406,0.492563,0.381334,0.39196,0.013471,4
17,5785931,1735779300000000,0.4608,0.482287,0.410264,0.442219,0.009724,7
18,5785632,1735689600000000,0.469403,0.541826,0.544331,0.54986,0.037354,7
18,5785633,1735689900000000,0.511502,0.557024,0.481265,0.513924,0.068478,7
18,5785634,1735690200000000,0.487792,0.512362,0.535834,0.572034,0.039288,8
18,5785635,1735690500000000,0.511878,0.555467,0.382883,0.421244,0.061069,4
18,5785636,1735690800000000,0.499132,0.568822,0.49415,0.495352,0.052501,3
18,5785637,1735691100000000,0.507358,0.553267,0.478508,0.514333,0.020394,2
18,5785638,1735691400000000,0.516125,0.577346,0.396899,0.399436,0.065653,3
18,5785639,1735691700000000,0.468873,0.523894,0.463493,0.47867,0.057852,4
18,5785640,1735692000000000,0.502317,0.51012,0.426301,0.448236,0.087129,5
18,5785641,1735692300000000,0.499673,0.560302,0.454099,0.462968,0.005018,6
18,5785642,1735692600000000,0.505183,0.52187,0.489021,0.502804,0.040408,1
18,5785643,1735692900000000,0.509079,0.578723,0.473262,0.509585,0.048641,2
18,5785644,1735693200000000,0.502736,0.527508,0.49021,0.497213,0.03824,3
18,5785645,1735693500000000,0.488339,0.533479,0.477205,0.498757,0.0057,5
18,5785646,1735693800000000,0.479671,0.50253,0.56206,0.595139,0.030542,9
18,5785647,1735694100000000,0.471421,0.472104,0.475367,0.485012,0.049068,5
18,5785648,1735694400000000,0.502154,0.564565,0.480254,0.517657,0.012068,3
18,5785649,1735694700000000,0.509481,0.56667,0.495155,0.534359,0.007144,5
18,5785650,1735695000000000,0.493844,0.567736,0.471796,0.482439,0.006876,7
18,5785651,1735695300000000,0.514953,0.560754,0.416875,0.435795,0.012403,5
18,5785652,1735695600000000,0.497939,0.512991,0.501952,0.502401,0.095881,4
18,5785653,1735695900000000,0.498459,0.512126,0.526089,0.564519,0.006581,5
18,5785654,1735696200000000,0.474112,0.505256,0.528149,0.53364,0.052513,3
18,5785655,1735696500000000,0.492019,0.518472,0.499782,0.516894,0.00706,10
18,5785656,1735696800000000,0.516572,0.549214,0.470046,0.496953,0.187194,5
18,5785657,1735697100000000,0.822315,0.840312,0.598328,0.62435,0.004023,6
18,5785658,1735697400000000,0.793734,0.872826,0.649261,0.675364,0.034123,4
18,5785659,1735697700000000,0.515608,0.522465,0.471505,0.472189,0.070033,5
18,5785660,1735698000000000,0.52546,0.584593,0.436171,0.465538,0.014234,6
18,5785661,1735698300000000,0.483127,0.528538,0.557468,0.587309,0.081749,4
18,5785662,1735698600000000,0.505714,0.550164,0.436275,0.45809,0.007706,5
18,5785663,1735698900000000,0.503426,0.552493,0.413326,0.442581,0.010422,3
18,5785664,1735699200000000,0.51935,0.591674,0.494538,0.494562,0.006043,4
18,5785665,1735699500000000,0.484968,0.53898,0.48609,0.492738,0.010316,6
18,5785666,1735699800000000,0.505683,0.527352,0.495311,0.498281,0.037802,3
18,5785667,1735700100000000,0.49535,0.51689,0.508503,0.521018,0.019142,6
18,5785668,1735700400000000,0.507649,0.573898,0.47121,0.479355,0.085923,4
18,5785669,1735700700000000,0.521985,0.560231,0.476804,0.484247,0.002465,6
18,5785670,1735701000000000,0.526591,0.582981,0.461379,0.478162,0.060715,8
18,5785671,1735701300000000,0.522143,0.552216,0.488222,0.513167,0.051055,4
18,5785672,1735701600000000,0.482175,0.54123,0.490438,0.512175,0.000363,8
18,5785673,1735701900000000,0.491487,0.525415,0.508292,0.541768,0.031938,4
18,5785674,1735702200000000,0.518114,0.557567,0.445428,0.46118,0.054004,7
18,5785675,1735702500000000,0.510887,0.585162,0.428961,0.445271,0.000137,9
18,5785676,1735702800000000,0.495271,0.534861,0.508744,0.509173,0.016479,7
18,5785677,1735703100000000,0.483504,0.50149,0.448066,0.478474,0.012137,3
18,5785678,1735703400000000,0.429678,0.472192,0.410981,0.435071,0.012429,4
18,5785679,1735703700000000,0.471305,0.471988,0.390951,0.395984,0.013986,3
18,5785680,1735704000000000,0.494502,0.516817,0.529371,0.537037,0.027661,8
18,5785681,1735704300000000,0.494775,0.543107,0.484198,0.491044,0.018585,7
18,5785682,1735704600000000,0.507399,0.513075,0.499409,0.515711,0.128103,3
18,5785683,1735704900000000,0.510829,0.547261,0.496287,0.497807,0.002476,3
18,5785684,1735705200000000,0.540662,0.58857,0.497733,0.52888,0.007354,2
18,5785685,1735705500000000,0.782337,0.800457,0.572889,0.585615,0.101214,5
18,5785686,1735705800000000,0.761072,0.778498,0.563564,0.600312,0.098333,7
18,5785687,1735706100000000,0.779473,0.832977,0.533739,0.544604,0.006962,7
18,5785688,1735706400000000,0.530181,0.608117,0.414948,0.429602,0.045397,8
18,5785689,1735706700000000,0.500232,0.52482,0.564906,0.601745,0.013604,3
18,5785690,1735707000000000,0.518223,0.53484,0.482897,0.489636,0.047876,5
18,5785691,1735707300000000,0.489869,0.56859,0.453952,0.487779,0.06331,2
18,5785692,1735707600000000,0.490974,0.557747,0.439803,0.445861,0.008366,5
18,5785693,1735707900000000,0.469145,0.544024,0.506184,0.526002,0.007131,5
18,5785694,1735708200000000,0.494047,0.497734,0.478705,0.513665,0.02053,3
18,5785695,1735708500000000,0.500196,0.574884,0.440532,0.446923,0.01964,5
18,5785696,1735708800000000,0.515616,0.582682,0.468322,0.46982,0.000806,1
18,5785697,1735709100000000,0.510099,0.534074,0.490987,0.500562,0.077854,3
18,5785698,1735709400000000,0.535768,0.585705,0.472054,0.482539,0.024022,6
18,5785699,1735709700000000,0.497231,0.511004,0.506634,0.522918,0.027219,7
18,5785700,1735710000000000,0.504365,0.537782,0.561492,0.591243,0.019236,3
18,5785701,1735710300000000,0.499719,0.547915,0.458023,0.459941,0.030202,3
18,5785702,1735710600000000,0.487488,0.496314,0.459223,0.482098,0.02925,5
18,5785703,1735710900000000,0.507374,0.584693,0.444384,0.473394,0.064947,7
18,5785704,1735711200000000,0.495037,0.56937,0.467123,0.499411,0.085338,4
18,5785705,1735711500000000,0.529937,0.599327,0.407063,0.445726,0.036502,5
18,5785706,1735711800000000,0.48579,0.496074,0.514,0.547015,0.056393,3
18,5785707,1735712100000000,0.493883,0.547416,0.419493,0.42362,0.001519,8
18,5785708,1735712400000000,0.477612,0.548847,0.434912,0.441943,0.028379,4
18,5785709,1735712700000000,0.506091,0.517101,0.480484,0.509307,0.013475,4
18,5785710,1735713000000000,0.476105,0.527888,0.521734,0.530204,0.002549,3
18,5785711,1735713300000000,0.499854,0.516189,0.440779,0.450659,0.058095,3
18,5785712,1735713600000000,0.478959,0.534147,0.460169,0.494136,0.003387,7
18,5785713,1735713900000000,0.482295,0.534097,0.480544,0.499008,0.006079,5
18,5785714,1735714200000000,0.486231,0.55596,0.443318,0.459192,0.047785,5
18,5785715,1735714500000000,0.513131,0.551989,0.474776,0.493549,0.031048,5
18,5785716,1735714800000000,0.498298,0.559007,0.410784,0.421052,0.120872,3
18,5785717,1735715100000000,0.49779,0.513136,0.453119,0.45662,0.021671,5
18,5785718,1735715400000000,0.510124,0.561534,0.527762,0.566849,7.4e-05,3
18,5785719,1735715700000000,0.488119,0.558266,0.503468,0.515146,0.303149,5
18,5785720,1735716000000000,0.464617,0.522456,0.444865,0.465347,0.001994,6
18,5785721,1735716300000000,0.480219,0.550507,0.427554,0.4299,0.00051,2
18,5785722,1735716600000000,0.494853,0.545236,0.464704,0.470672,0.037568,3
18,5785723,1735716900000000,0.499119,0.543232,0.416145,0.420231,0.015607,2
18,5785724,1735717200000000,0.510057,0.583261,0.470649,0.472695,0.070619,5
18,5785725,1735717500000000,0.497386,0.523258,0.457684,0.483723,0.053205,1
18,5785726,1735717800000000,0.518305,0.578173,0.463542,0.464219,0.033115,4
18,5785727,1735718100000000,0.506508,0.561952,0.471631,0.489906,0.047941,8
18,5785728,1735718400000000,0.766956,0.832097,0.589906,0.616505,0.020562,10
18,5785729,1735718700000000,0.746451,0.786261,0.519712,0.534236,0.013458,6
18,5785730,1735719000000000,0.774169,0.813657,0.609265,0.615273,0.010661,7
18,5785731,1735719300000000,0.794783,0.797518,0.623184,0.632119,0.18728,6
18,5785732,1735719600000000,0.506679,0.581191,0.565327,0.571472,0.015112,4
18,5785733,1735719900000000,0.498102,0.529087,0.486189,0.498005,0.012085,3
18,5785734,1735720200000000,0.502164,0.546326,0.534679,0.548929,0.007803,5
18,5785735,1735720500000000,0.52377,0.539628,0.522377,0.538243,0.03011,3
18,5785736,1735720800000000,0.500252,0.549549,0.482706,0.491629,0.055768,7
18,5785737,1735721100000000,0.506298,0.533987,0.428521,0.437889,0.081883,6
18,5785738,1735721400000000,0.528737,0.575541,0.520868,0.546444,0.030111,9
18,5785739,1735721700000000,0.467396,0.526223,0.473178,0.4741,0.126405,4
18,5785740,1735722000000000,0.530774,0.579574,0.557265,0.574923,0.108938,5
18,5785741,1735722300000000,0.453936,0.456386,0.488486,0.525653,0.026648,6
18,5785742,1735722600000000,0.485132,0.549618,0.512029,0.542486,0.007581,1
18,5785743,1735722900000000,0.489935,0.534805,0.448345,0.461661,0.057863,3
18,5785744,1735723200000000,0.737347,0.756418,0.567855,0.589795,0.008742,8
18,5785745,1735723500000000,0.763778,0.789671,0.490378,0.529656,0.02588,5
18,5785746,1735723800000000,0.499079,0.563962,0.496858,0.525511,0.011865,6
18,5785747,1735724100000000,0.513321,0.588223,0.528373,0.551958,0.009723,8
18,5785748,1735724400000000,0.512741,0.577818,0.535136,0.557506,0.132166,6
18,5785749,1735724700000000,0.503124,0.574024,0.461896,0.497666,0.034019,2
18,5785750,1735725000000000,0.520132,0.559322,0.409496,0.417288,0.003534,4
18,5785751,1735725300000000,0.511609,0.54495,0.457559,0.480706,0.012578,6
18,5785752,1735725600000000,0.494151,0.559658,0.469839,0.483846,0.029582,3
18,5785753,1735725900000000,0.502143,0.533709,0.492103,0.51083,0.040863,8
18,5785754,1735726200000000,0.488557,0.545026,0.389818,0.391414,0.105185,5
18,5785755,1735726500000000,0.477941,0.526985,0.463097,0.494826,0.024645,6
18,5785756,1735726800000000,0.507702,0.519933,0.436196,0.443568,0.100147,6
18,5785757,1735727100000000,0.47302,0.497714,0.523418,0.545926,0.001455,3
18,5785758,1735727400000000,0.496626,0.513623,0.380422,0.417355,0.038011,8
18,5785759,1735727700000000,0.458636,0.468674,0.50103,0.511329,0.087008,4
18,5785760,1735728000000000,0.501278,0.534892,0.469066,0.482175,0.024209,3
18,5785761,1735728300000000,0.486914,0.502787,0.388544,0.404789,0.07898,10
18,5785762,1735728600000000,0.510228,0.515944,0.545677,0.567436,0.002248,1
18,5785763,1735728900000000,0.495996,0.512552,0.527607,0.536812,0.040495,7
18,5785764,1735729200000000,0.497703,0.547215,0.524196,0.553733,0.060703,4
18,5785765,1735729500000000,0.500939,0.565614,0.479054,0.504242,0.071914,3
18,5785766,1735729800000000,0.488994,0.526027,0.444286,0.448015,0.075721,7
18,5785767,1735730100000000,0.489802,0.538549,0.474035,0.49442,0.115677,7
18,5785768,1735730400000000,0.48981,0.541846,0.493275,0.507667,0.008457,5
18,5785769,1735730700000000,0.497747,0.549863,0.452514,0.466539,0.065495,6
18,5785770,1735731000000000,0.489975,0.568924,0.437179,0.476502,0.053788,4
18,5785771,1735731300000000,0.508108,0.556826,0.497564,0.513783,0.026065,8
18,5785772,1735731600000000,0.468145,0.511844,0.471667,0.472627,0.057525,5
18,5785773,1735731900000000,0.473015,0.542354,0.502593,0.516791,0.142161,6
18,5785774,1735732200000000,0.533994,0.58367,0.54782,0.571802,0.025866,8
18,5785775,1735732500000000,0.492185,0.528837,0.506519,0.52763,0.016918,10
18,5785776,1735732800000000,0.481735,0.541129,0.422516,0.425599,0.017927,4
18,5785777,1735733100000000,0.499541,0.51748,0.47432,0.481047,0.092502,10
18,5785778,1735733400000000,0.513808,0.567612,0.495312,0.526086,0.044033,7
18,5785779,1735733700000000,0.767211,0.828589,0.600892,0.601181,0.005011,4
18,5785780,1735734000000000,0.742205,0.79329,0.594096,0.603317,0.085179,8
18,5785781,1735734300000000,0.746444,0.761463,0.558934,0.598163,0.006532,8
18,5785782,1735734600000000,0.493993,0.535193,0.45328,0.479506,0.03918,5
18,5785783,1735734900000000,0.505605,0.5704,0.517309,0.52713,0.011098,1
18,5785784,1735735200000000,0.500819,0.533038,0.490392,0.498152,0.103971,5
18,5785785,1735735500000000,0.483494,0.557715,0.480482,0.497143,0.029924,4
18,5785786,1735735800000000,0.490829,0.494681,0.443604,0.469426,0.028883,6
18,5785787,1735736100000000,0.495225,0.54843,0.557321,0.564163,0.012234,2
18,5785788,1735736400000000,0.526677,0.545306,0.494299,0.524216,0.012054,6
18,5785789,1735736700000000,0.496808,0.548705,0.47041,0.472087,0.085165,8
18,5785790,1735737000000000,0.559557,0.635504,0.505809,0.513569,0.050132,5
18,5785791,1735737300000000,0.495154,0.541153,0.468039,0.49165,0.069276,2
18,5785792,1735737600000000,0.469703,0.504656,0.412846,0.441093,0.072689,2
18,5785793,1735737900000000,0.506322,0.575014,0.48916,0.516048,0.008399,7
18,5785794,1735738200000000,0.51885,0.555938,0.423533,0.434006,0.032416,7
18,5785795,1735738500000000,0.508552,0.553691,0.482117,0.497537,0.038082,4
18,5785796,1735738800000000,0.50354,0.528107,0.412511,0.414016,0.010227,8
18,5785797,1735739100000000,0.493166,0.537113,0.386436,0.386454,0.061408,3
18,5785798,1735739400000000,0.494869,0.552134,0.497724,0.514384,0.034571,3
18,5785799,1735739700000000,0.458106,0.49885,0.416191,0.437925,0.044512,5
18,5785800,1735740000000000,0.515463,0.53233,0.49778,0.530625,0.016677,8
18,5785801,1735740300000000,0.493175,0.494747,0.479384,0.517891,0.038603,6
18,5785802,1735740600000000,0.520635,0.538074,0.488097,0.512063,0.171752,6
18,5785803,1735740900000000,0.490413,0.558434,0.446562,0.479224,0.021409,6
18,5785804,1735741200000000,0.499037,0.575777,0.469423,0.474642,0.011558,1
18,5785805,1735741500000000,0.522485,0.567479,0.456618,0.489284,0.019265,4
18,5785806,1735741800000000,0.524046,0.590372,0.521209,0.531345,0.004931,7
18,5785807,1735742100000000,0.515142,0.5189,0.460979,0.477369,0.067809,6
18,5785808,1735742400000000,0.466319,0.534607,0.453276,0.454129,0.044173,2
18,5785809,1735742700000000,0.477013,0.499989,0.496743,0.515465,0.053523,3
18,5785810,1735743000000000,0.51262,0.526657,0.454556,0.480608,0.007865,7
18,5785811,1735743300000000,0.487428,0.509595,0.398951,0.409033,0.004538,3
18,5785812,1735743600000000,0.501328,0.541169,0.433027,0.465373,0.017995,2
18,5785813,1735743900000000,0.503734,0.550738,0.518538,0.555585,0.069652,5
18,5785814,1735744200000000,0.504611,0.505168,0.479918,0.502745,0.075553,2
18,5785815,1735744500000000,0.480997,0.508437,0.480035,0.489797,0.042619,1
18,5785816,1735744800000000,0.518411,0.574769,0.493273,0.521484,0.046525,3
18,5785817,1735745100000000,0.755048,0.815073,0.635797,0.647581,0.153489,6
18,5785818,1735745400000000,0.775105,0.793856,0.48828,0.494792,0.042039,8
18,5785819,1735745700000000,0.760759,0.780477,0.561153,0.572561,0.004134,9
18,5785820,1735746000000000,0.799063,0.853437,0.580875,0.598435,0.035888,5
18,5785821,1735746300000000,0.828419,0.877185,0.589136,0.598163,0.044073,4
18,5785822,1735746600000000,0.840715,0.880489,0.626231,0.639721,0.050761,7
18,5785823,1735746900000000,0.832097,0.875819,0.624229,0.640054,0.018187,6
18,5785824,1735747200000000,0.799929,0.839885,0.571329,0.601483,0.069319,6
18,5785825,1735747500000000,0.490389,0.522966,0.404056,0.438362,0.004336,8
18,5785826,1735747800000000,0.479562,0.542592,0.568185,0.601181,0.015242,6
18,5785827,1735748100000000,0.504792,0.575879,0.476428,0.484157,0.149606,6
18,5785828,1735748400000000,0.758778,0.809966,0.569072,0.601462,0.026311,12
18,5785829,1735748700000000,0.757566,0.779145,0.61564,0.641261,0.072008,1
18,5785830,1735749000000000,0.743417,0.821371,0.544465,0.553977,0.023133,6
18,5785831,1735749300000000,0.764838,0.771896,0.619362,0.634402,0.221108,9
18,5785832,1735749600000000,0.493126,0.569291,0.460332,0.474152,0.080157,4
18,5785833,1735749900000000,0.491314,0.535794,0.545124,0.56253,0.017662,4
18,5785834,1735750200000000,0.807021,0.863833,0.60067,0.634464,0.009884,4
18,5785835,1735750500000000,0.802669,0.836553,0.553916,0.57038,0.012818,10
18,5785836,1735750800000000,0.474329,0.502896,0.55323,0.555417,0.001501,5
18,5785837,1735751100000000,0.485821,0.503685,0.494133,0.523627,0.1487,9
18,5785838,1735751400000000,0.509587,0.518566,0.454001,0.485482,0.022999,2
18,5785839,1735751700000000,0.775784,0.800806,0.515239,0.53813,0.010167,7
18,5785840,1735752000000000,0.741677,0.762038,0.58749,0.606495,0.001468,2
18,5785841,1735752300000000,0.789221,0.831917,0.63159,0.662475,0.018825,8
18,5785842,1735752600000000,0.49911,0.567689,0.490171,0.491054,0.08831,4
18,5785843,1735752900000000,0.480889,0.487576,0.481514,0.504882,0.01279,7
18,5785844,1735753200000000,0.487959,0.547718,0.53313,0.571208,0.042801,4
18,5785845,1735753500000000,0.502974,0.524378,0.499974,0.531746,0.005072,4
18,5785846,1735753800000000,0.460245,0.511532,0.43477,0.445791,0.086102,4
18,5785847,1735754100000000,0.507569,0.55775,0.453052,0.489759,0.02774,4
18,5785848,1735754400000000,0.856671,0.915671,0.622058,0.630156,0.001715,5
18,5785849,1735754700000000,0.85494,0.856159,0.619314,0.641191,0.035714,5
18,5785850,1735755000000000,0.859686,0.859796,0.644408,0.669408,0.021873,6
18,5785851,1735755300000000,0.824871,0.838369,0.60345,0.604811,0.079647,8
18,5785852,1735755600000000,0.518611,0.597042,0.508709,0.513798,0.130412,7
18,5785853,1735755900000000,0.792526,0.81986,0.591309,0.613083,0.01628,7
18,5785854,1735756200000000,0.772589,0.82261,0.608976,0.616212,0.037567,2
18,5785855,1735756500000000,0.796027,0.820668,0.608443,0.625209,0.003802,7
18,5785856,1735756800000000,0.507855,0.546882,0.467416,0.495648,0.009459,2
18,5785857,1735757100000000,0.527729,0.562761,0.47717,0.502185,0.085763,5
18,5785858,1735757400000000,0.521549,0.536594,0.495499,0.530468,0.023828,6
18,5785859,1735757700000000,0.48757,0.516228,0.475132,0.511979,0.033323,6
18,5785860,1735758000000000,0.506132,0.521383,0.529716,0.56678,0.043424,4
18,5785861,1735758300000000,0.505939,0.528313,0.485556,0.501251,0.085716,3
18,5785862,1735758600000000,0.504524,0.537906,0.419647,0.424524,0.034618,3
18,5785863,1735758900000000,0.494513,0.558156,0.4258,0.452487,0.006704,5
18,5785864,1735759200000000,0.531584,0.547298,0.47649,0.51325,0.068272,10
18,5785865,1735759500000000,0.488784,0.504443,0.499946,0.530717,0.017542,6
18,5785866,1735759800000000,0.529995,0.549784,0.456488,0.484369,0.053383,5
18,5785867,1735760100000000,0.474353,0.537501,0.492077,0.524181,0.060231,2
18,5785868,1735760400000000,0.493134,0.512919,0.441915,0.458308,0.051913,3
18,5785869,1735760700000000,0.513762,0.579319,0.486168,0.506238,0.143435,4
18,5785870,1735761000000000,0.481049,0.506862,0.484948,0.492944,0.01944,3
18,5785871,1735761300000000,0.48677,0.511004,0.424638,0.4515,0.003183,7
18,5785872,1735761600000000,0.509629,0.539891,0.494196,0.508115,0.001183,1
18,5785873,1735761900000000,0.468889,0.504739,0.528733,0.539432,0.111299,4
18,5785874,1735762200000000,0.519886,0.553468,0.474058,0.484085,0.018282,4
18,5785875,1735762500000000,0.526614,0.558164,0.487373,0.507801,0.030368,6
18,5785876,1735762800000000,0.527387,0.607208,0.494721,0.51632,0.008283,7
18,5785877,1735763100000000,0.50586,0.561309,0.480676,0.513726,0.050523,3
18,5785878,1735763400000000,0.4923,0.562829,0.473267,0.50992,0.044571,7
18,5785879,1735763700000000,0.493476,0.564966,0.470588,0.482954,0.002142,2
18,5785880,1735764000000000,0.505172,0.539327,0.414113,0.427386,0.041685,6
18,5785881,1735764300000000,0.502333,0.564349,0.493934,0.505181,0.018928,5
18,5785882,1735764600000000,0.493156,0.530817,0.429606,0.441688,0.037006,5
18,5785883,1735764900000000,0.528511,0.576086,0.500038,0.529178,0.029149,13
18,5785884,1735765200000000,0.495569,0.554329,0.501496,0.52666,0.033075,4
18,5785885,1735765500000000,0.525871,0.572416,0.500331,0.503444,0.022039,6
18,5785886,1735765800000000,0.501799,0.542378,0.440283,0.463184,0.127745,3
18,5785887,1735766100000000,0.500682,0.501629,0.487855,0.521764,0.034841,4
18,5785888,1735766400000000,0.509325,0.586906,0.469718,0.472126,0.10659,8
18,5785889,1735766700000000,0.509091,0.51213,0.454587,0.490806,0.033425,5
18,5785890,1735767000000000,0.497398,0.507022,0.556633,0.566905,0.015881,5
18,5785891,1735767300000000,0.510164,0.513562,0.44263,0.45574,0.010444,4
18,5785892,1735767600000000,0.512376,0.562472,0.499121,0.515101,0.010347,5
18,5785893,1735767900000000,0.529758,0.553969,0.546446,0.552137,0.064546,9
18,5785894,1735768200000000,0.501284,0.572786,0.490761,0.4947,0.066013,4
18,5785895,1735768500000000,0.485945,0.533361,0.445476,0.455101,0.097032,2
18,5785896,1735768800000000,0.487803,0.550325,0.448681,0.448897,0.054692,8
18,5785897,1735769100000000,0.542623,0.55424,0.434039,0.457129,0.002413,2
18,5785898,1735769400000000,0.466164,0.499014,0.466896,0.472275,0.00407,6
18,5785899,1735769700000000,0.478581,0.528537,0.472713,0.476447,0.060673,2
18,5785900,1735770000000000,0.500467,0.51549,0.465136,0.487665,0.030898,6
18,5785901,1735770300000000,0.488928,0.519488,0.528077,0.551782,0.02116,3
18,5785902,1735770600000000,0.51474,0.575096,0.478666,0.505061,0.006284,4
18,5785903,1735770900000000,0.513165,0.567741,0.417607,0.437758,0.034706,5
18,5785904,1735771200000000,0.490376,0.562528,0.532291,0.567664,0.009879,3
18,5785905,1735771500000000,0.527067,0.571723,0.438535,0.44353,0.011937,6
18,5785906,1735771800000000,0.48014,0.496689,0.489951,0.521403,0.06355,8
18,5785907,1735772100000000,0.796086,0.866385,0.605778,0.622226,0.060206,13
18,5785908,1735772400000000,0.837661,0.914623,0.591649,0.627788,0.11431,7
18,5785909,1735772700000000,0.785859,0.824708,0.614056,0.623437,0.019352,4
18,5785910,1735773000000000,0.506244,0.513001,0.481945,0.519855,0.041484,3
18,5785911,1735773300000000,0.528228,0.548461,0.472188,0.506875,0.007436,2
18,5785912,1735773600000000,0.453214,0.513386,0.376931,0.383858,0.001219,4
18,5785913,1735773900000000,0.493922,0.49394,0.405302,0.422699,0.096349,3
18,5785914,1735774200000000,0.517056,0.540637,0.592829,0.602552,0.071862,6
18,5785915,1735774500000000,0.495139,0.524658,0.504433,0.510115,0.13288,0
18,5785916,1735774800000000,0.501068,0.564139,0.527354,0.542875,0.005797,4
18,5785917,1735775100000000,0.503385,0.538348,0.578557,0.599964,0.054258,3
18,5785918,1735775400000000,0.505629,0.547673,0.46439,0.480453,0.04078,4
18,5785919,1735775700000000,0.485494,0.539222,0.466213,0.479481,0.030397,6
18,5785920,1735776000000000,0.513792,0.576586,0.415763,0.428878,0.019332,3
18,5785921,1735776300000000,0.50459,0.531638,0.466961,0.473402,0.004009,3
18,5785922,1735776600000000,0.479371,0.493117,0.457084,0.465994,0.010719,12
18,5785923,1735776900000000,0.491618,0.506177,0.458376,0.479553,0.055021,4
18,5785924,1735777200000000,0.474563,0.487375,0.510102,0.516464,0.085747,5
18,5785925,1735777500000000,0.503849,0.513005,0.506921,0.5401,0.016709,7
18,5785926,1735777800000000,0.508832,0.544103,0.516863,0.546309,0.030218,4
18,5785927,1735778100000000,0.503819,0.518468,0.429502,0.469056,0.005456,5
18,5785928,1735778400000000,0.509897,0.572498,0.481566,0.494236,0.024968,3
18,5785929,1735778700000000,0.502403,0.502407,0.491533,0.498828,0.043711,2
18,5785930,1735779000000000,0.513718,0.59,0.556469,0.55949,0.120407,5
18,5785931,1735779300000000,0.497698,0.498755,0.48081,0.494808,0.022846,6
19,5785632,1735689600000000,0.520034,0.568399,0.520041,0.54898,0.046741,11
19,5785633,1735689900000000,0.514642,0.564945,0.467493,0.477298,0.034727,5
19,5785634,1735690200000000,0.520029,0.523436,0.461765,0.484822,0.00401,3
19,5785635,1735690500000000,0.522141,0.594998,0.464587,0.467029,0.02181,3
19,5785636,1735690800000000,0.49711,0.571195,0.485685,0.523393,0.062831,3
19,5785637,1735691100000000,0.533677,0.597557,0.468023,0.468318,0.007352,5
19,5785638,1735691400000000,0.51361,0.533595,0.450875,0.459736,0.021656,4
19,5785639,1735691700000000,0.482902,0.510749,0.427583,0.430903,0.005953,8
19,5785640,1735692000000000,0.487964,0.544158,0.431434,0.471223,0.100464,7
19,5785641,1735692300000000,0.502716,0.527175,0.450362,0.451991,0.028876,5
19,5785642,1735692600000000,0.51585,0.546869,0.455871,0.45594,0.022488,4
19,5785643,1735692900000000,0.495881,0.549341,0.477849,0.481875,0.079681,1
19,5785644,1735693200000000,0.482521,0.485242,0.437833,0.473083,0.02857,6
19,5785645,1735693500000000,0.514229,0.525256,0.499647,0.515677,0.02718,4
19,5785646,1735693800000000,0.479896,0.482776,0.546675,0.584464,0.060842,3
19,5785647,1735694100000000,0.50547,0.526726,0.526896,0.565276,0.015254,3
19,5785648,1735694400000000,0.500777,0.539264,0.432831,0.461875,0.037294,7
19,5785649,1735694700000000,0.475836,0.543363,0.454576,0.461331,0.026558,3
19,5785650,1735695000000000,0.531991,0.546304,0.43537,0.474214,0.01675,5
19,5785651,1735695300000000,0.500301,0.528851,0.482908,0.500436,0.01657,1
19,5785652,1735695600000000,0.478653,0.479407,0.477648,0.496229,0.005163,8
19,5785653,1735695900000000,0.500874,0.537949,0.482264,0.507737,0.015696,5
19,5785654,1735696200000000,0.468858,0.470884,0.422125,0.450769,0.003004,4
19,5785655,1735696500000000,0.5065,0.532284,0.451294,0.489794,0.030603,7
19,5785656,1735696800000000,0.5155,0.581967,0.518656,0.557493,0.005759,4
19,5785657,1735697100000000,0.548634,0.623518,0.507897,0.524441,0.002558,5
19,5785658,1735697400000000,0.501761,0.531141,0.440893,0.446578,0.112718,7
19,5785659,1735697700000000,0.488139,0.510782,0.419491,0.456115,0.041256,8
19,5785660,1735698000000000,0.503721,0.564404,0.473392,0.478151,0.069111,4
19,5785661,1735698300000000,0.525926,0.581764,0.479172,0.501278,0.015618,5
19,5785662,1735698600000000,0.509016,0.539265,0.426706,0.433354,0.026324,3
19,5785663,1735698900000000,0.514988,0.587417,0.467915,0.482246,0.00273,3
19,5785664,1735699200000000,0.513681,0.549976,0.460404,0.481594,0.010526,3
19,5785665,1735699500000000,0.509114,0.583985,0.454696,0.482896,0.014236,6
19,5785666,1735699800000000,0.474767,0.545474,0.449049,0.488058,0.067025,8
19,5785667,1735700100000000,0.473786,0.54966,0.476798,0.513542,0.017443,6
19,5785668,1735700400000000,0.471572,0.480277,0.468633,0.48945,0.036314,4
19,5785669,1735700700000000,0.478445,0.49981,0.517665,0.530161,0.042882,5
19,5785670,1735701000000000,0.480517,0.510204,0.476094,0.497572,0.000798,7
19,5785671,1735701300000000,0.533475,0.592948,0.518909,0.533575,0.001777,6
19,5785672,1735701600000000,0.487277,0.510772,0.417606,0.435985,0.125546,8
19,5785673,1735701900000000,0.501797,0.518359,0.481702,0.518276,0.018816,4
19,5785674,1735702200000000,0.49561,0.52311,0.458567,0.479137,0.0526,6
19,5785675,1735702500000000,0.812219,0.837096,0.613232,0.614899,0.110678,7
19,5785676,1735702800000000,0.809998,0.875167,0.593663,0.621025,0.017617,8
19,5785677,1735703100000000,0.477392,0.556578,0.530091,0.54133,0.004716,7
19,5785678,1735703400000000,0.510759,0.535068,0.441492,0.450046,0.027863,6
19,5785679,1735703700000000,0.487763,0.491909,0.442265,0.472925,0.028349,2
19,5785680,1735704000000000,0.487159,0.544896,0.484155,0.490777,0.054807,5
19,5785681,1735704300000000,0.494484,0.532927,0.467879,0.49225,0.029119,3
19,5785682,1735704600000000,0.514561,0.549263,0.442354,0.475041,0.026968,7
19,5785683,1735704900000000,0.488758,0.516854,0.485996,0.498018,0.025557,5
19,5785684,1735705200000000,0.501652,0.539283,0.455767,0.474657,0.025066,6
19,5785685,1735705500000000,0.507251,0.518142,0.49556,0.518665,0.062044,6
19,5785686,1735705800000000,0.504623,0.553596,0.408622,0.434267,0.014454,3
19,5785687,1735706100000000,0.503637,0.578023,0.464537,0.503414,0.08118,3
19,5785688,1735706400000000,0.474736,0.54827,0.472434,0.507987,0.02972,4
19,5785689,1735706700000000,0.762749,0.821798,0.573735,0.582096,0.003099,4
19,5785690,1735707000000000,0.744,0.775154,0.588361,0.610192,0.062857,9
19,5785691,1735707300000000,0.728786,0.802483,0.545296,0.55161,0.057612,10
19,5785692,1735707600000000,0.491672,0.544453,0.489991,0.492391,0.015405,7
19,5785693,1735707900000000,0.490661,0.530959,0.468953,0.483677,0.054522,4
19,5785694,1735708200000000,0.553284,0.57601,0.522981,0.535773,0.049915,2
19,5785695,1735708500000000,0.517572,0.577991,0.41964,0.442459,0.011803,3
19,5785696,1735708800000000,0.514117,0.577906,0.375769,0.401419,0.019733,4
19,5785697,1735709100000000,0.492661,0.537379,0.522578,0.538002,0.047989,9
19,5785698,1735709400000000,0.835152,0.858037,0.569562,0.604251,0.128569,5
19,5785699,1735709700000000,0.884775,0.915904,0.541536,0.575206,0.066733,8
19,5785700,1735710000000000,0.82704,0.876911,0.583033,0.611879,0.02578,10
19,5785701,1735710300000000,0.843075,0.860915,0.574333,0.588363,0.011389,7
19,5785702,1735710600000000,0.533143,0.570819,0.501363,0.511051,0.032212,6
19,5785703,1735710900000000,0.486974,0.490348,0.490131,0.494773,0.070078,5
19,5785704,1735711200000000,0.502696,0.567114,0.459246,0.469264,0.064584,4
19,5785705,1735711500000000,0.499673,0.530211,0.512044,0.550409,0.118641,3
19,5785706,1735711800000000,0.484002,0.519618,0.420964,0.43767,0.002579,5
19,5785707,1735712100000000,0.513949,0.584776,0.385862,0.40249,0.002998,2
19,5785708,1735712400000000,0.479924,0.511625,0.473878,0.492706,0.012975,3
19,5785709,1735712700000000,0.513966,0.551979,0.46957,0.49549,0.060121,4
19,5785710,1735713000000000,0.507732,0.531366,0.401925,0.438725,0.031895,10
19,5785711,1735713300000000,0.516163,0.580727,0.50503,0.509595,0.024759,7
19,5785712,1735713600000000,0.496504,0.531403,0.405842,0.438654,0.012432,2
19,5785713,1735713900000000,0.50701,0.545563,0.472955,0.490912,0.05687,4
19,5785714,1735714200000000,0.518471,0.55786,0.512143,0.523131,0.001019,7
19,5785715,1735714500000000,0.47464,0.528759,0.476396,0.49815,0.044595,5
19,5785716,1735714800000000,0.478248,0.52156,0.475405,0.497021,0.05413,6
19,5785717,1735715100000000,0.510472,0.545253,0.459697,0.465032,0.0154,10
19,5785718,1735715400000000,0.514814,0.567198,0.486925,0.490805,0.018496,5
19,5785719,1735715700000000,0.502439,0.553439,0.496195,0.521271,0.165909,7
19,5785720,1735716000000000,0.516559,0.573397,0.455012,0.484427,0.009755,7
19,5785721,1735716300000000,0.49348,0.531049,0.427484,0.452077,0.005081,7
19,5785722,1735716600000000,0.522808,0.601256,0.514515,0.528632,0.032111,2
19,5785723,1735716900000000,0.498693,0.544728,0.548611,0.570845,0.007489,7
19,5785724,1735717200000000,0.485983,0.549821,0.529883,0.566137,0.008664,4
19,5785725,1735717500000000,0.525648,0.562913,0.37892,0.415876,0.021186,3
19,5785726,1735717800000000,0.514884,0.541844,0.530265,0.539557,0.057762,4
19,5785727,1735718100000000,0.491895,0.533844,0.446791,0.450594,0.024121,2
19,5785728,1735718400000000,0.492255,0.538435,0.544316,0.570446,0.029876,10
19,5785729,1735718700000000,0.837603,0.862297,0.551619,0.558595,0.01287,9
19,5785730,1735719000000000,0.808777,0.869121,0.537941,0.569983,0.071612,4
19,5785731,1735719300000000,0.832556,0.866775,0.589392,0.600626,0.032008,10
19,5785732,1735719600000000,0.82375,0.876596,0.572245,0.578264,0.056518,7
19,5785733,1735719900000000,0.503866,0.526913,0.462271,0.494915,0.016647,5
19,5785734,1735720200000000,0.463616,0.502358,0.49999,0.508331,0.018785,6
19,5785735,1735720500000000,0.483674,0.511871,0.518749,0.519103,0.021289,5
19,5785736,1735720800000000,0.504566,0.538078,0.438843,0.471714,0.012809,3
19,5785737,1735721100000000,0.518947,0.573022,0.547244,0.550997,0.01918,4
19,5785738,1735721400000000,0.497639,0.510157,0.424949,0.441738,0.036715,4
19,5785739,1735721700000000,0.513006,0.532641,0.455376,0.471208,0.14467,3
19,5785740,1735722000000000,0.473332,0.502114,0.567004,0.572723,0.015836,4
19,5785741,1735722300000000,0.491925,0.513776,0.486961,0.488369,0.028345,7
19,5785742,1735722600000000,0.505037,0.518996,0.450481,0.453869,0.119115,10
19,5785743,1735722900000000,0.498877,0.564235,0.485164,0.502265,0.061719,6
19,5785744,1735723200000000,0.513727,0.526717,0.508027,0.546311,0.08624,7
19,5785745,1735723500000000,0.495376,0.546715,0.486876,0.515874,0.005183,5
19,5785746,1735723800000000,0.495552,0.531653,0.52466,0.553252,0.167412,6
19,5785747,1735724100000000,0.511765,0.524842,0.444509,0.471298,0.263797,4
19,5785748,1735724400000000,0.490327,0.514047,0.445462,0.476226,0.003457,3
19,5785749,1735724700000000,0.483662,0.492418,0.433674,0.454852,0.008312,8
19,5785750,1735725000000000,0.508367,0.516035,0.444702,0.484126,0.016033,6
19,5785751,1735725300000000,0.482653,0.511366,0.470626,0.494935,0.012862,6
19,5785752,1735725600000000,0.525534,0.585944,0.441387,0.466622,0.034133,4
19,5785753,1735725900000000,0.466842,0.498658,0.475021,0.475868,0.083565,6
19,5785754,1735726200000000,0.494631,0.540145,0.498431,0.528617,0.011245,9
19,5785755,1735726500000000,0.529279,0.53953,0.436343,0.450578,0.029544,9
19,5785756,1735726800000000,0.535565,0.606076,0.462246,0.493197,0.00405,8
19,5785757,1735727100000000,0.498358,0.524789,0.454007,0.487905,0.004875,8
19,5785758,1735727400000000,0.519872,0.535017,0.473183,0.474074,0.003456,6
19,5785759,1735727700000000,0.513952,0.542239,0.473298,0.488688,0.000378,6
19,5785760,1735728000000000,0.491152,0.568721,0.508117,0.544315,0.037914,7
19,5785761,1735728300000000,0.50841,0.55881,0.517132,0.52225,0.102848,3
19,5785762,1735728600000000,0.484491,0.494173,0.437235,0.467007,0.035748,6
19,5785763,1735728900000000,0.471884,0.484838,0.492827,0.505755,0.025967,6
19,5785764,1735729200000000,0.509077,0.570093,0.533174,0.553548,0.019161,6
19,5785765,1735729500000000,0.510137,0.577767,0.526929,0.563074,0.068605,12
19,5785766,1735729800000000,0.478661,0.485257,0.475726,0.501045,0.012382,5
19,5785767,1735730100000000,0.497431,0.520934,0.471927,0.489275,0.009185,10
19,5785768,1735730400000000,0.47865,0.48243,0.411383,0.439266,0.038963,3
19,5785769,1735730700000000,0.491696,0.501638,0.45557,0.464485,0.079179,3
19,5785770,1735731000000000,0.492144,0.503168,0.412492,0.412983,0.000196,4
19,5785771,1735731300000000,0.513336,0.548311,0.525272,0.550017,0.016789,8
19,5785772,1735731600000000,0.490998,0.492012,0.461299,0.495744,0.031234,7
19,5785773,1735731900000000,0.477288,0.534349,0.463594,0.491577,0.041249,4
19,5785774,1735732200000000,0.530883,0.563147,0.461111,0.481888,0.000508,5
19,5785775,1735732500000000,0.508908,0.541011,0.421706,0.427439,0.001745,2
19,5785776,1735732800000000,0.516128,0.593084,0.509146,0.512543,0.160684,4
19,5785777,1735733100000000,0.510947,0.537437,0.498912,0.510107,0.120896,5
19,5785778,1735733400000000,0.516939,0.520239,0.518272,0.556801,0.096469,5
19,5785779,1735733700000000,0.507858,0.540247,0.407661,0.426138,0.017157,8
19,5785780,1735734000000000,0.508372,0.545736,0.530681,0.562869,0.01857,3
19,5785781,1735734300000000,0.502292,0.539934,0.470777,0.471294,0.002453,4
19,5785782,1735734600000000,0.492096,0.529195,0.503328,0.52223,0.007591,6
19,5785783,1735734900000000,0.51596,0.542703,0.375163,0.385038,0.007375,11
19,5785784,1735735200000000,0.495237,0.538933,0.489741,0.527851,0.151553,3
19,5785785,1735735500000000,0.502119,0.571775,0.472801,0.480748,0.061064,5
19,5785786,1735735800000000,0.506661,0.535325,0.468505,0.470493,0.019532,0
19,5785787,1735736100000000,0.508182,0.550983,0.473932,0.480413,0.057582,3
19,5785788,1735736400000000,0.481742,0.549546,0.444765,0.447288,0.012791,4
19,5785789,1735736700000000,0.503622,0.535509,0.419776,0.432392,0.006078,4
19,5785790,1735737000000000,0.481626,0.49253,0.417995,0.457824,0.11109,4
19,5785791,1735737300000000,0.503215,0.537812,0.477198,0.51442,0.030741,4
19,5785792,1735737600000000,0.514036,0.554403,0.532369,0.555247,0.03102,6
19,5785793,1735737900000000,0.532398,0.601884,0.530613,0.563855,0.109284,5
19,5785794,1735738200000000,0.510398,0.578638,0.487853,0.503849,0.066276,3
19,5785795,1735738500000000,0.79028,0.851759,0.557049,0.59269,0.048056,5
19,5785796,1735738800000000,0.755149,0.785763,0.646825,0.655229,0.018344,8
19,5785797,1735739100000000,0.509687,0.531842,0.505626,0.521753,0.061356,4
19,5785798,1735739400000000,0.479922,0.515237,0.491758,0.496583,0.059099,4
19,5785799,1735739700000000,0.521644,0.547211,0.429277,0.466741,0.023724,6
19,5785800,1735740000000000,0.480808,0.559202,0.478504,0.492031,0.025922,7
19,5785801,1735740300000000,0.482412,0.489165,0.41933,0.42917,0.021994,3
19,5785802,1735740600000000,0.513585,0.554049,0.563021,0.571894,0.0125,4
19,5785803,1735740900000000,0.530236,0.560966,0.451943,0.470901,0.011773,5
19,5785804,1735741200000000,0.519041,0.580834,0.457393,0.477556,0.000368,9
19,5785805,1735741500000000,0.493628,0.541339,0.446799,0.47371,0.015922,5
19,5785806,1735741800000000,0.482192,0.487006,0.453961,0.486327,0.037888,5
19,5785807,1735742100000000,0.492299,0.546162,0.499121,0.527228,0.025962,6
19,5785808,1735742400000000,0.502263,0.541673,0.475913,0.495616,0.014169,7
19,5785809,1735742700000000,0.498607,0.547903,0.476206,0.497633,0.017429,5
19,5785810,1735743000000000,0.48148,0.488804,0.497282,0.536297,0.049149,4
19,5785811,1735743300000000,0.523151,0.563932,0.422408,0.440292,0.085937,10
19,5785812,1735743600000000,0.523543,0.565811,0.513166,0.526025,0.04787,4
19,5785813,1735743900000000,0.533929,0.545629,0.492261,0.518087,0.025522,2
19,5785814,1735744200000000,0.470111,0.519283,0.436428,0.463339,0.015338,7
19,5785815,1735744500000000,0.485445,0.558159,0.475176,0.512672,0.011897,14
19,5785816,1735744800000000,0.504515,0.506547,0.481113,0.4952,0.052731,2
19,5785817,1735745100000000,0.500087,0.520318,0.370075,0.390462,0.041224,5
19,5785818,1735745400000000,0.491908,0.518235,0.52716,0.552133,0.031892,4
19,5785819,1735745700000000,0.484589,0.528128,0.517956,0.546307,0.069625,8
19,5785820,1735746000000000,0.768071,0.827278,0.516582,0.518184,0.008114,6
19,5785821,1735746300000000,0.822501,0.87538,0.557643,0.593656,0.024933,3
19,5785822,1735746600000000,0.760344,0.79729,0.620265,0.627369,0.008691,5
19,5785823,1735746900000000,0.471965,0.548763,0.491766,0.500775,0.014401,5
19,5785824,1735747200000000,0.478613,0.50596,0.483067,0.510842,0.066011,3
19,5785825,1735747500000000,0.50346,0.566183,0.493646,0.5016,0.023068,5
19,5785826,1735747800000000,0.495085,0.561174,0.488239,0.493581,0.077216,5
19,5785827,1735748100000000,0.507445,0.515521,0.435013,0.472987,0.085186,5
19,5785828,1735748400000000,0.48728,0.490785,0.447962,0.473685,0.046846,10
19,5785829,1735748700000000,0.501585,0.580492,0.51545,0.553345,0.087154,4
19,5785830,1735749000000000,0.501526,0.530203,0.501784,0.504308,0.00895,4
19,5785831,1735749300000000,0.528346,0.581814,0.496281,0.497699,0.004667,7
19,5785832,1735749600000000,0.532022,0.534362,0.46029,0.471465,0.096649,6
19,5785833,1735749900000000,0.497283,0.55839,0.513618,0.515155,0.032697,4
19,5785834,1735750200000000,0.515389,0.543561,0.441721,0.459263,0.024577,5
19,5785835,1735750500000000,0.502923,0.549427,0.535257,0.573718,0.122289,4
19,5785836,1735750800000000,0.513874,0.517715,0.450841,0.465117,0.012943,1
19,5785837,1735751100000000,0.506927,0.515559,0.442563,0.471853,0.00964,5
19,5785838,1735751400000000,0.513247,0.579095,0.480844,0.506701,0.000405,6
19,5785839,1735751700000000,0.515355,0.559688,0.488879,0.490169,0.017408,3
19,5785840,1735752000000000,0.507642,0.569801,0.481557,0.49084,0.008012,2
19,5785841,1735752300000000,0.502462,0.515365,0.42295,0.448152,0.005294,4
19,5785842,1735752600000000,0.518771,0.544993,0.498432,0.502113,0.007645,3
19,5785843,1735752900000000,0.497576,0.565668,0.513326,0.53162,0.054201,5
19,5785844,1735753200000000,0.48963,0.536507,0.468127,0.495231,0.023614,6
19,5785845,1735753500000000,0.472024,0.52555,0.403362,0.416955,0.030301,4
19,5785846,1735753800000000,0.507655,0.524171,0.469227,0.481712,0.040288,6
19,5785847,1735754100000000,0.512461,0.556927,0.434047,0.462977,0.041757,4
19,5785848,1735754400000000,0.46897,0.527691,0.386872,0.403625,0.081201,2
19,5785849,1735754700000000,0.488952,0.502772,0.449205,0.470484,0.024472,4
19,5785850,1735755000000000,0.513518,0.537468,0.544697,0.552687,0.128348,7
19,5785851,1735755300000000,0.497414,0.498126,0.470793,0.502377,0.07377,6
19,5785852,1735755600000000,0.500995,0.578028,0.464426,0.488416,0.006721,6
19,5785853,1735755900000000,0.516428,0.588092,0.50915,0.548067,0.039118,3
19,5785854,1735756200000000,0.498054,0.505429,0.498763,0.529004,0.026837,7
19,5785855,1735756500000000,0.506917,0.573499,0.418788,0.442763,0.017617,2
19,5785856,1735756800000000,0.480544,0.524225,0.542953,0.56753,0.093025,4
19,5785857,1735757100000000,0.506328,0.583489,0.485126,0.498445,0.012241,5
19,5785858,1735757400000000,0.475901,0.516659,0.502832,0.52065,0.179299,5
19,5785859,1735757700000000,0.476658,0.493199,0.443029,0.469961,0.069907,4
19,5785860,1735758000000000,0.490938,0.559438,0.393621,0.414222,0.116691,3
19,5785861,1735758300000000,0.509879,0.584923,0.473782,0.511953,0.005518,12
19,5785862,1735758600000000,0.500945,0.543398,0.431238,0.453374,0.121503,7
19,5785863,1735758900000000,0.485793,0.518409,0.516873,0.517382,0.06533,4
19,5785864,1735759200000000,0.515795,0.577803,0.423848,0.428898,0.04479,9
19,5785865,1735759500000000,0.505737,0.51247,0.478071,0.479916,0.045831,1
19,5785866,1735759800000000,0.518811,0.586227,0.50556,0.541685,0.014204,1
19,5785867,1735760100000000,0.483967,0.552832,0.486395,0.499001,0.037993,6
19,5785868,1735760400000000,0.525817,0.549483,0.463998,0.497443,0.000832,4
19,5785869,1735760700000000,0.528475,0.529378,0.413763,0.431586,0.015417,2
19,5785870,1735761000000000,0.516409,0.517194,0.420463,0.457282,0.020377,2
19,5785871,1735761300000000,0.508782,0.587026,0.447784,0.467073,0.038325,8
19,5785872,1735761600000000,0.508936,0.57137,0.421722,0.456127,0.009998,6
19,5785873,1735761900000000,0.505952,0.534649,0.474065,0.500933,0.093206,7
19,5785874,1735762200000000,0.475283,0.546436,0.435848,0.446497,0.218771,8
19,5785875,1735762500000000,0.489224,0.560606,0.419517,0.442579,0.017264,7
19,5785876,1735762800000000,0.498127,0.570785,0.417438,0.428159,0.20565,6
19,5785877,1735763100000000,0.481453,0.521593,0.404831,0.412827,0.002683,5
19,5785878,1735763400000000,0.525828,0.591463,0.481783,0.494551,0.026393,6
19,5785879,1735763700000000,0.509006,0.512017,0.448797,0.460664,0.033345,6
19,5785880,1735764000000000,0.532082,0.544882,0.487258,0.507121,0.044283,3
19,5785881,1735764300000000,0.514223,0.56482,0.476883,0.502365,0.003774,6
19,5785882,1735764600000000,0.474859,0.48318,0.458068,0.496765,0.077985,6
19,5785883,1735764900000000,0.523526,0.526992,0.509126,0.527892,0.022301,4
19,5785884,1735765200000000,0.491888,0.500558,0.413228,0.443667,0.025748,7
19,5785885,1735765500000000,0.524562,0.560915,0.509704,0.529346,0.027932,4
19,5785886,1735765800000000,0.527146,0.566211,0.500203,0.517555,0.014547,4
19,5785887,1735766100000000,0.52433,0.598411,0.475605,0.492098,0.017864,7
19,5785888,1735766400000000,0.519321,0.553064,0.449443,0.484471,0.039414,6
19,5785889,1735766700000000,0.507801,0.548952,0.479311,0.485159,0.014257,3
19,5785890,1735767000000000,0.499814,0.565112,0.492879,0.504487,0.012652,4
19,5785891,1735767300000000,0.533932,0.599109,0.430873,0.459708,0.041274,3
19,5785892,1735767600000000,0.504903,0.531029,0.501109,0.512941,0.125909,3
19,5785893,1735767900000000,0.493065,0.551031,0.542126,0.542214,0.09438,5
19,5785894,1735768200000000,0.507954,0.578824,0.475185,0.483854,0.068332,4
19,5785895,1735768500000000,0.520679,0.58655,0.534367,0.535543,0.009828,6
19,5785896,1735768800000000,0.520016,0.546284,0.501004,0.512699,0.04543,7
19,5785897,1735769100000000,0.48045,0.539649,0.478697,0.491766,0.010728,2
19,5785898,1735769400000000,0.519446,0.578467,0.453777,0.491906,0.017322,8
19,5785899,1735769700000000,0.512408,0.53177,0.465701,0.498021,0.006346,7
19,5785900,1735770000000000,0.493782,0.547361,0.433591,0.438483,0.065606,8
19,5785901,1735770300000000,0.48516,0.492194,0.507536,0.51245,0.099166,4
19,5785902,1735770600000000,0.525742,0.547673,0.454228,0.494108,0.03591,3
19,5785903,1735770900000000,0.527519,0.529787,0.555113,0.581974,0.024821,5
19,5785904,1735771200000000,0.528256,0.53873,0.502423,0.527443,0.036945,4
19,5785905,1735771500000000,0.476457,0.484973,0.482522,0.506062,0.011386,2
19,5785906,1735771800000000,0.496227,0.571969,0.420738,0.426726,0.008823,8
19,5785907,1735772100000000,0.501025,0.514132,0.501978,0.512553,0.00325,3
19,5785908,1735772400000000,0.527045,0.532847,0.475653,0.492948,0.099175,5
19,5785909,1735772700000000,0.514537,0.574557,0.457524,0.475378,0.007224,7
19,5785910,1735773000000000,0.495971,0.547852,0.447353,0.486184,0.086743,10
19,5785911,1735773300000000,0.502916,0.553803,0.426372,0.428123,0.008086,6
19,5785912,1735773600000000,0.512848,0.584203,0.479893,0.480481,0.013982,5
19,5785913,1735773900000000,0.513458,0.566775,0.473031,0.509627,0.06988,5
19,5785914,1735774200000000,0.530249,0.583711,0.433043,0.468145,0.008512,5
19,5785915,1735774500000000,0.526217,0.562774,0.504767,0.51635,0.006345,3
19,5785916,1735774800000000,0.522447,0.567702,0.567996,0.580849,0.014823,2
19,5785917,1735775100000000,0.486244,0.547521,0.413225,0.436906,0.100847,1
19,5785918,1735775400000000,0.487348,0.516077,0.466042,0.474124,0.024669,3
19,5785919,1735775700000000,0.482167,0.485051,0.535091,0.57011,0.005009,8
19,5785920,1735776000000000,0.507617,0.541734,0.446571,0.457353,0.025304,2
19,5785921,1735776300000000,0.491548,0.521699,0.489629,0.492026,0.080436,5
19,5785922,1735776600000000,0.510722,0.525264,0.494453,0.515763,0.094897,2
19,5785923,1735776900000000,0.513321,0.570023,0.505992,0.53533,0.065639,9
19,5785924,1735777200000000,0.504436,0.568796,0.549858,0.588108,0.047253,4
19,5785925,1735777500000000,0.843034,0.855719,0.523468,0.548463,0.05514,6
19,5785926,1735777800000000,0.815625,0.854122,0.593104,0.597178,0.013343,11
19,5785927,1735778100000000,0.473934,0.500024,0.445837,0.472331,0.07122,2
19,5785928,1735778400000000,0.487834,0.533271,0.469151,0.472852,0.003609,5
19,5785929,1735778700000000,0.515622,0.523138,0.482269,0.490037,0.033824,4
19,5785930,1735779000000000,0.533673,0.608403,0.47502,0.486885,0.002298,9
19,5785931,1735779300000000,0.527191,0.532283,0.441025,0.443244,0.061439,4
20,5785632,1735689600000000,0.467067,0.49239,0.422614,0.442922,0.186866,9
20,5785633,1735689900000000,0.507638,0.572634,0.488292,0.490072,0.004231,8
20,5785634,1735690200000000,0.487265,0.497349,0.465068,0.498199,0.006152,4
20,5785635,1735690500000000,0.502837,0.514017,0.486536,0.508718,0.011502,6
20,5785636,1735690800000000,0.51541,0.53478,0.487273,0.495424,0.018095,10
20,5785637,1735691100000000,0.506419,0.575666,0.504114,0.538619,0.003469,4
20,5785638,1735691400000000,0.515998,0.529288,0.539767,0.544564,0.005886,10
20,5785639,1735691700000000,0.476633,0.541154,0.478789,0.515089,0.017486,1
20,5785640,1735692000000000,0.521572,0.583462,0.503868,0.542751,0.030724,8
20,5785641,1735692300000000,0.802908,0.85166,0.639611,0.665925,0.078361,10
20,5785642,1735692600000000,0.782582,0.820151,0.55239,0.585922,0.012695,2
20,5785643,1735692900000000,0.764079,0.792584,0.530105,0.563055,0.004246,7
20,5785644,1735693200000000,0.802711,0.819981,0.607827,0.625971,0.015256,11
20,5785645,1735693500000000,0.485848,0.54145,0.421131,0.426016,0.01013,8
20,5785646,1735693800000000,0.486127,0.523064,0.43784,0.441167,0.01001,2
20,5785647,1735694100000000,0.506019,0.527921,0.537306,0.541458,0.070753,6
20,5785648,1735694400000000,0.530965,0.55693,0.417122,0.437644,0.09952,1
20,5785649,1735694700000000,0.48377,0.494937,0.481434,0.482852,0.018358,3
20,5785650,1735695000000000,0.501657,0.50522,0.417892,0.437096,0.014403,1
20,5785651,1735695300000000,0.48978,0.524844,0.487844,0.499317,0.012076,1
20,5785652,1735695600000000,0.482235,0.560331,0.542078,0.576953,0.003923,3
20,5785653,1735695900000000,0.481713,0.557202,0.42809,0.431712,0.026505,6
20,5785654,1735696200000000,0.529561,0.540396,0.401213,0.428417,0.059587,5
20,5785655,1735696500000000,0.500239,0.544355,0.489348,0.492596,0.024646,7
20,5785656,1735696800000000,0.496578,0.524419,0.448699,0.469811,0.004371,3
20,5785657,1735697100000000,0.487665,0.539648,0.463319,0.476685,0.009994,1
20,5785658,1735697400000000,0.50121,0.503381,0.490012,0.511986,0.00993,6
20,5785659,1735697700000000,0.488516,0.531999,0.493498,0.49643,0.009497,7
20,5785660,1735698000000000,0.534741,0.571632,0.51007,0.530076,0.07771,3
20,5785661,1735698300000000,0.504533,0.549434,0.475488,0.495837,0.004898,3
20,5785662,1735698600000000,0.50251,0.514694,0.493308,0.527052,0.011428,11
20,5785663,1735698900000000,0.502103,0.5516,0.468217,0.47046,0.201108,4
20,5785664,1735699200000000,0.523541,0.547247,0.47008,0.47501,0.073899,11
20,5785665,1735699500000000,0.499603,0.54027,0.47421,0.513417,0.008665,4
20,5785666,1735699800000000,0.491424,0.560943,0.495088,0.514579,0.121064,2
20,5785667,1735700100000000,0.502899,0.5104,0.450134,0.47855,0.041778,4
20,5785668,1735700400000000,0.514244,0.54605,0.488578,0.500245,0.021963,6
20,5785669,1735700700000000,0.521293,0.565161,0.464092,0.489296,0.046804,2
20,5785670,1735701000000000,0.50387,0.53687,0.446916,0.463847,0.153321,6
20,5785671,1735701300000000,0.504129,0.542499,0.518502,0.551772,0.022027,6
20,5785672,1735701600000000,0.517869,0.575513,0.496099,0.513465,0.153136,5
20,5785673,1735701900000000,0.450785,0.50438,0.472989,0.500056,0.006694,1
20,5785674,1735702200000000,0.501588,0.539769,0.437741,0.451032,0.008887,7
20,5785675,1735702500000000,0.48948,0.510044,0.461454,0.469641,0.054091,5
20,5785676,1735702800000000,0.501045,0.521689,0.499396,0.508106,0.021218,7
20,5785677,1735703100000000,0.506403,0.567532,0.492129,0.514764,0.011709,1
20,5785678,1735703400000000,0.52241,0.558438,0.585428,0.605064,0.026029,3
20,5785679,1735703700000000,0.475079,0.501419,0.475073,0.503169,0.06077,6
20,5785680,1735704000000000,0.487053,0.541855,0.44387,0.477799,0.004656,7
20,5785681,1735704300000000,0.48399,0.524212,0.45199,0.453464,0.018675,8
20,5785682,1735704600000000,0.489077,0.52438,0.436916,0.468881,0.001089,4
20,5785683,1735704900000000,0.723409,0.734502,0.527339,0.561741,0.009227,10
20,5785684,1735705200000000,0.786547,0.858596,0.57928,0.607717,0.007707,8
20,5785685,1735705500000000,0.763746,0.830196,0.548761,0.575946,0.078322,6
20,5785686,1735705800000000,0.734116,0.801088,0.610384,0.647931,0.041418,7
20,5785687,1735706100000000,0.500279,0.515273,0.510338,0.545927,0.066006,2
20,5785688,1735706400000000,0.492175,0.532517,0.506824,0.521514,0.078244,5
20,5785689,1735706700000000,0.50281,0.578624,0.465908,0.491646,0.066371,5
20,5785690,1735707000000000,0.486181,0.560402,0.506716,0.528126,0.069394,5
20,5785691,1735707300000000,0.472585,0.475692,0.50633,0.510602,0.040233,6
20,5785692,1735707600000000,0.4897,0.490249,0.535229,0.544432,0.111214,6
20,5785693,1735707900000000,0.524864,0.565763,0.462057,0.482252,0.05918,2
20,5785694,1735708200000000,0.47327,0.490233,0.466109,0.484196,0.011004,6
20,5785695,1735708500000000,0.519748,0.536576,0.451879,0.474823,0.055888,5
20,5785696,1735708800000000,0.510079,0.547276,0.584099,0.615986,0.050277,3
20,5785697,1735709100000000,0.492807,0.496575,0.464408,0.496551,0.011977,7
20,5785698,1735709400000000,0.513501,0.56706,0.530758,0.541634,0.006997,4
20,5785699,1735709700000000,0.503755,0.531824,0.482578,0.493195,0.062904,8
20,5785700,1735710000000000,0.461526,0.467364,0.496711,0.521332,0.064173,2
20,5785701,1735710300000000,0.492718,0.560662,0.471872,0.487026,0.045821,6
20,5785702,1735710600000000,0.493246,0.535202,0.509563,0.547961,0.092518,7
20,5785703,1735710900000000,0.52601,0.599214,0.495156,0.520533,0.000973,5
20,5785704,1735711200000000,0.492785,0.493136,0.540681,0.551001,0.069928,5
20,5785705,1735711500000000,0.496204,0.542985,0.485919,0.490141,0.032605,6
20,5785706,1735711800000000,0.479098,0.516679,0.438786,0.467738,0.043453,9
20,5785707,1735712100000000,0.498861,0.573854,0.495325,0.508153,0.003253,8
20,5785708,1735712400000000,0.4786,0.492743,0.46788,0.475533,0.01697,6
20,5785709,1735712700000000,0.519549,0.563209,0.442378,0.452477,0.086925,3
20,5785710,1735713000000000,0.49243,0.506211,0.48752,0.515303,0.016359,3
20,5785711,1735713300000000,0.478557,0.547282,0.442823,0.469147,0.010658,5
20,5785712,1735713600000000,0.522059,0.548857,0.47329,0.477323,0.062896,6
20,5785713,1735713900000000,0.476491,0.512507,0.468415,0.495009,0.033109,8
20,5785714,1735714200000000,0.504596,0.559608,0.395515,0.420178,0.001644,6
20,5785715,1735714500000000,0.473229,0.494892,0.448377,0.480387,0.014039,3
20,5785716,1735714800000000,0.505274,0.514933,0.513799,0.517281,0.043444,5
20,5785717,1735715100000000,0.519216,0.554924,0.474034,0.484927,0.025765,2
20,5785718,1735715400000000,0.488332,0.517813,0.394845,0.426987,0.013246,8
20,5785719,1735715700000000,0.478764,0.507131,0.4643,0.481887,0.073989,3
20,5785720,1735716000000000,0.479324,0.479937,0.487082,0.523439,0.049385,5
20,5785721,1735716300000000,0.499003,0.561347,0.462738,0.490421,0.059937,4
20,5785722,1735716600000000,0.534704,0.593888,0.476527,0.478696,0.044442,10
20,5785723,1735716900000000,0.519223,0.575547,0.463876,0.481927,0.016625,7
20,5785724,1735717200000000,0.521069,0.553963,0.507199,0.519077,0.057509,1
20,5785725,1735717500000000,0.480742,0.520384,0.435377,0.465814,0.014988,4
20,5785726,1735717800000000,0.519745,0.572845,0.503761,0.509757,0.113287,3
20,5785727,1735718100000000,0.517767,0.5942,0.470502,0.505806,0.096406,1
20,5785728,1735718400000000,0.50549,0.528089,0.527047,0.556235,0.006253,6
20,5785729,1735718700000000,0.488632,0.548435,0.451609,0.475043,0.013911,6
20,5785730,1735719000000000,0.517499,0.566696,0.436695,0.459144,0.025629,0
20,5785731,1735719300000000,0.487799,0.538581,0.495483,0.533559,0.050651,3
20,5785732,1735719600000000,0.51183,0.519321,0.498851,0.533398,0.015859,8
20,5785733,1735719900000000,0.493147,0.554257,0.489077,0.525955,0.026295,4
20,5785734,1735720200000000,0.482261,0.515123,0.50265,0.53554,0.011519,6
20,5785735,1735720500000000,0.492705,0.519067,0.432374,0.446402,0.008833,3
20,5785736,1735720800000000,0.535422,0.570019,0.455862,0.462653,0.069829,3
20,5785737,1735721100000000,0.479014,0.548768,0.520442,0.532367,0.009106,7
20,5785738,1735721400000000,0.831528,0.883777,0.608455,0.646921,0.006239,4
20,5785739,1735721700000000,0.828805,0.829554,0.571856,0.6104,0.023918,9
20,5785740,1735722000000000,0.810362,0.829122,0.513082,0.521232,0.022122,3
20,5785741,1735722300000000,0.803743,0.859319,0.53154,0.540592,0.047414,8
20,5785742,1735722600000000,0.47753,0.547577,0.428838,0.455155,0.002443,1
20,5785743,1735722900000000,0.523195,0.566241,0.460669,0.482809,0.059999,9
20,5785744,1735723200000000,0.478586,0.525963,0.479725,0.502301,0.05133,4
20,5785745,1735723500000000,0.44981,0.472296,0.4028,0.439082,0.029558,4
20,5785746,1735723800000000,0.505543,0.51675,0.455827,0.478109,0.02349,6
20,5785747,1735724100000000,0.475686,0.510692,0.415951,0.439164,0.055802,8
20,5785748,1735724400000000,0.498025,0.541085,0.457454,0.483907,0.016364,10
20,5785749,1735724700000000,0.475812,0.52098,0.56192,0.582341,0.133741,4
20,5785750,1735725000000000,0.489536,0.504758,0.518908,0.542172,0.04778,3
20,5785751,1735725300000000,0.501249,0.507418,0.498379,0.52825,0.052271,10
20,5785752,1735725600000000,0.504888,0.53174,0.455821,0.492432,0.01784,3
20,5785753,1735725900000000,0.524098,0.588326,0.440357,0.477641,0.000963,7
20,5785754,1735726200000000,0.500025,0.521851,0.471542,0.498257,0.105386,4
20,5785755,1735726500000000,0.501929,0.556625,0.413537,0.424285,0.024985,5
20,5785756,1735726800000000,0.495683,0.516457,0.499414,0.534097,0.014688,2
20,5785757,1735727100000000,0.516631,0.535424,0.472892,0.500652,0.049726,3
20,5785758,1735727400000000,0.479641,0.496531,0.466773,0.48148,0.001604,10
20,5785759,1735727700000000,0.492124,0.526412,0.405675,0.430772,0.076308,4
20,5785760,1735728000000000,0.499977,0.521473,0.476984,0.493891,0.065635,2
20,5785761,1735728300000000,0.779584,0.808581,0.563293,0.596631,0.097768,7
20,5785762,1735728600000000,0.821019,0.86715,0.549091,0.562556,0.008042,5
20,5785763,1735728900000000,0.801628,0.868173,0.589548,0.607135,0.013904,8
20,5785764,1735729200000000,0.477938,0.539227,0.451338,0.483056,0.008713,7
20,5785765,1735729500000000,0.50735,0.542335,0.48936,0.497377,0.014863,4
20,5785766,1735729800000000,0.523582,0.547775,0.507986,0.530546,0.04187,7
20,5785767,1735730100000000,0.487046,0.539582,0.427073,0.445027,0.028669,8
20,5785768,1735730400000000,0.524509,0.559171,0.487859,0.502553,0.011662,10
20,5785769,1735730700000000,0.504624,0.565207,0.480145,0.484544,0.028253,6
20,5785770,1735731000000000,0.50363,0.572377,0.526017,0.526483,0.098889,6
20,5785771,1735731300000000,0.521571,0.544501,0.51619,0.540737,0.007729,6
20,5785772,1735731600000000,0.503667,0.534467,0.46235,0.484756,0.005739,5
20,5785773,1735731900000000,0.507025,0.509337,0.46043,0.497876,0.096672,6
20,5785774,1735732200000000,0.501661,0.536015,0.481567,0.493617,0.059863,4
20,5785775,1735732500000000,0.468432,0.503494,0.419006,0.420629,0.011791,4
20,5785776,1735732800000000,0.507407,0.580741,0.438648,0.45718,0.083759,2
20,5785777,1735733100000000,0.504539,0.537019,0.457873,0.459551,0.087494,7
20,5785778,1735733400000000,0.493159,0.527209,0.37734,0.387693,0.007823,5
20,5785779,1735733700000000,0.454108,0.480432,0.419351,0.446081,0.000229,5
20,5785780,1735734000000000,0.511197,0.519468,0.465629,0.483913,0.118613,7
20,5785781,1735734300000000,0.484514,0.532792,0.579819,0.592906,0.05777,4
20,5785782,1735734600000000,0.479718,0.49662,0.442136,0.47411,0.026342,5
20,5785783,1735734900000000,0.478006,0.51967,0.493711,0.507171,0.042399,2
20,5785784,1735735200000000,0.715217,0.77671,0.542403,0.548806,0.015268,5
20,5785785,1735735500000000,0.75879,0.817488,0.583175,0.594348,0.192896,6
20,5785786,1735735800000000,0.792888,0.801638,0.53421,0.572305,0.039365,8
20,5785787,1735736100000000,0.489562,0.523231,0.409522,0.419526,0.005227,2
20,5785788,1735736400000000,0.514778,0.578756,0.535266,0.549764,0.000782,6
20,5785789,1735736700000000,0.498315,0.498871,0.421207,0.428206,0.002862,7
20,5785790,1735737000000000,0.504963,0.516766,0.536082,0.56199,0.016374,8
20,5785791,1735737300000000,0.498801,0.532207,0.45974,0.470815,0.049075,2
20,5785792,1735737600000000,0.514082,0.55458,0.446846,0.455229,0.027362,7
20,5785793,1735737900000000,0.478253,0.520032,0.446733,0.470213,0.008586,3
20,5785794,1735738200000000,0.501792,0.573088,0.539714,0.570296,0.024143,7
20,5785795,1735738500000000,0.520427,0.580357,0.454209,0.477872,0.129124,5
20,5785796,1735738800000000,0.512621,0.588713,0.464134,0.484073,0.092834,5
20,5785797,1735739100000000,0.505874,0.583125,0.516066,0.555002,0.012573,5
20,5785798,1735739400000000,0.501755,0.505797,0.494564,0.505965,0.007179,6
20,5785799,1735739700000000,0.493504,0.501536,0.555826,0.574738,0.145543,5
20,5785800,1735740000000000,0.493651,0.558128,0.51939,0.527036,0.007173,6
20,5785801,1735740300000000,0.47204,0.546827,0.437363,0.457482,0.03146,5
20,5785802,1735740600000000,0.509057,0.563671,0.530273,0.549696,0.146257,8
20,5785803,1735740900000000,0.524567,0.525316,0.40671,0.437576,0.011491,2
20,5785804,1735741200000000,0.505293,0.51292,0.507662,0.525943,0.002122,2
20,5785805,1735741500000000,0.500299,0.577619,0.448918,0.454639,0.046402,3
20,5785806,1735741800000000,0.510783,0.517963,0.502599,0.540586,0.037681,8
20,5785807,1735742100000000,0.461868,0.533932,0.540195,0.550906,0.016316,7
20,5785808,1735742400000000,0.490871,0.520794,0.404989,0.414784,0.139853,6
20,5785809,1735742700000000,0.498671,0.573108,0.511451,0.547521,0.005991,5
20,5785810,1735743000000000,0.469278,0.4851,0.497853,0.524354,0.026315,7
20,5785811,1735743300000000,0.812774,0.89056,0.610881,0.646317,0.014259,12
20,5785812,1735743600000000,0.776571,0.818247,0.532592,0.544103,0.013668,5
20,5785813,1735743900000000,0.51244,0.573852,0.475774,0.477872,0.002573,3
20,5785814,1735744200000000,0.504065,0.520905,0.437901,0.455232,0.046671,6
20,5785815,1735744500000000,0.496565,0.507207,0.490998,0.500802,0.001404,1
20,5785816,1735744800000000,0.513706,0.53236,0.427625,0.456828,0.009746,6
20,5785817,1735745100000000,0.502647,0.562432,0.458435,0.46704,0.068368,1
20,5785818,1735745400000000,0.835205,0.835256,0.617526,0.62065,0.043559,7
20,5785819,1735745700000000,0.831752,0.886934,0.561803,0.580719,0.045126,10
20,5785820,1735746000000000,0.48452,0.492712,0.453731,0.465013,0.00139,4
20,5785821,1735746300000000,0.528229,0.581254,0.448619,0.458804,0.031191,5
20,5785822,1735746600000000,0.522423,0.546595,0.493116,0.505698,0.039031,2
20,5785823,1735746900000000,0.507717,0.579789,0.472195,0.484442,0.086019,4
20,5785824,1735747200000000,0.502707,0.527841,0.446642,0.464322,0.030321,3
20,5785825,1735747500000000,0.513506,0.586361,0.4545,0.477576,0.115293,2
20,5785826,1735747800000000,0.522683,0.568112,0.489263,0.510804,0.042376,6
20,5785827,1735748100000000,0.534273,0.551713,0.444667,0.468476,0.032278,7
20,5785828,1735748400000000,0.490253,0.558338,0.469817,0.474967,1.6e-05,5
20,5785829,1735748700000000,0.518825,0.542853,0.482916,0.485315,0.070372,7
20,5785830,1735749000000000,0.49843,0.547312,0.480696,0.517966,0.002093,7
20,5785831,1735749300000000,0.471035,0.514568,0.443651,0.45257,0.003328,9
20,5785832,1735749600000000,0.515085,0.577971,0.504483,0.537698,0.012645,6
20,5785833,1735749900000000,0.526412,0.546878,0.522709,0.525351,0.037054,5
20,5785834,1735750200000000,0.517514,0.527547,0.507023,0.534059,0.030791,6
20,5785835,1735750500000000,0.496956,0.569981,0.482328,0.506454,0.018066,4
20,5785836,1735750800000000,0.506976,0.531956,0.420385,0.43889,0.014603,2
20,5785837,1735751100000000,0.512579,0.562332,0.546426,0.561376,0.02762,6
20,5785838,1735751400000000,0.510313,0.579989,0.480954,0.515529,0.012292,4
20,5785839,1735751700000000,0.522141,0.528615,0.495223,0.523347,0.037591,1
20,5785840,1735752000000000,0.516974,0.540332,0.45274,0.478612,0.042871,8
20,5785841,1735752300000000,0.769941,0.776626,0.560888,0.59799,0.041649,4
20,5785842,1735752600000000,0.780837,0.854563,0.620468,0.623155,0.055859,7
20,5785843,1735752900000000,0.490914,0.566163,0.503127,0.533091,0.028002,3
20,5785844,1735753200000000,0.502902,0.575313,0.463565,0.502281,0.059229,4
20,5785845,1735753500000000,0.466361,0.495539,0.524333,0.563185,0.084875,2
20,5785846,1735753800000000,0.534709,0.573076,0.446777,0.453716,0.0209,8
20,5785847,1735754100000000,0.485966,0.559076,0.402854,0.435248,0.000291,3
20,5785848,1735754400000000,0.490763,0.56157,0.394601,0.396955,0.010993,6
20,5785849,1735754700000000,0.501489,0.502406,0.507319,0.535002,0.008646,4
20,5785850,1735755000000000,0.475202,0.489525,0.438478,0.464129,0.048612,4
20,5785851,1735755300000000,0.493963,0.526629,0.467272,0.485501,0.026783,3
20,5785852,1735755600000000,0.78427,0.844323,0.618269,0.632049,0.04621,5
20,5785853,1735755900000000,0.810911,0.84157,0.596968,0.606534,0.004131,12
20,5785854,1735756200000000,0.783792,0.800286,0.526883,0.540859,0.028,4
20,5785855,1735756500000000,0.492698,0.558989,0.537412,0.541388,0.005839,5
20,5785856,1735756800000000,0.479739,0.507015,0.456269,0.468361,0.02977,10
20,5785857,1735757100000000,0.53849,0.54756,0.485954,0.506264,0.063453,4
20,5785858,1735757400000000,0.50138,0.552065,0.44697,0.467559,0.012978,7
20,5785859,1735757700000000,0.501484,0.570658,0.430893,0.453971,0.007916,2
20,5785860,1735758000000000,0.475313,0.521453,0.475574,0.50466,0.024599,4
20,5785861,1735758300000000,0.509445,0.589154,0.42065,0.425315,0.050825,5
20,5785862,1735758600000000,0.770625,0.84055,0.566395,0.600399,0.046458,9
20,5785863,1735758900000000,0.8077,0.827275,0.646111,0.660746,0.008944,11
20,5785864,1735759200000000,0.789569,0.81591,0.6064,0.61405,0.020344,15
20,5785865,1735759500000000,0.50225,0.517911,0.483907,0.491082,0.011743,4
20,5785866,1735759800000000,0.47619,0.520804,0.422734,0.454971,0.024454,5
20,5785867,1735760100000000,0.498233,0.550395,0.471953,0.491073,0.109397,8
20,5785868,1735760400000000,0.496151,0.556123,0.441811,0.452114,0.043963,3
20,5785869,1735760700000000,0.502213,0.544586,0.533464,0.57072,0.00216,2
20,5785870,1735761000000000,0.464539,0.47434,0.443631,0.467078,0.011494,4
20,5785871,1735761300000000,0.483628,0.503658,0.437831,0.463202,0.010066,4
20,5785872,1735761600000000,0.491074,0.528541,0.463168,0.473084,0.014053,3
20,5785873,1735761900000000,0.509004,0.530553,0.446882,0.462874,0.076033,5
20,5785874,1735762200000000,0.465253,0.469309,0.472265,0.484544,0.015421,2
20,5785875,1735762500000000,0.524871,0.596033,0.556556,0.566393,0.022593,8
20,5785876,1735762800000000,0.522355,0.564062,0.483111,0.519063,0.0042,4
20,5785877,1735763100000000,0.482101,0.529723,0.431824,0.436966,0.016543,3
20,5785878,1735763400000000,0.544443,0.552634,0.484234,0.487807,0.016264,4
20,5785879,1735763700000000,0.50429,0.577134,0.425666,0.440873,0.006596,4
20,5785880,1735764000000000,0.498039,0.567035,0.589253,0.615562,0.088788,6
20,5785881,1735764300000000,0.859265,0.890512,0.672778,0.685408,0.01129,2
20,5785882,1735764600000000,0.856097,0.871955,0.649515,0.657608,0.042575,3
20,5785883,1735764900000000,0.850681,0.914236,0.627795,0.629976,0.053266,10
20,5785884,1735765200000000,0.82905,0.874987,0.583548,0.616855,0.017258,7
20,5785885,1735765500000000,0.492131,0.558655,0.466509,0.495965,0.019996,2
20,5785886,1735765800000000,0.506431,0.544984,0.468436,0.494228,0.008651,8
20,5785887,1735766100000000,0.515014,0.586316,0.575329,0.604654,0.014472,6
20,5785888,1735766400000000,0.525912,0.583206,0.476383,0.510043,0.004159,1
20,5785889,1735766700000000,0.49177,0.519952,0.449556,0.460193,0.06345,5
20,5785890,1735767000000000,0.501426,0.561815,0.471317,0.502948,0.070358,6
20,5785891,1735767300000000,0.488114,0.513842,0.491519,0.495641,0.007192,8
20,5785892,1735767600000000,0.519689,0.554048,0.342596,0.379929,0.058818,5
20,5785893,1735767900000000,0.494396,0.526366,0.488771,0.511363,0.066737,4
20,5785894,1735768200000000,0.489417,0.522885,0.369596,0.40014,0.18844,7
20,5785895,1735768500000000,0.501115,0.559167,0.534273,0.553756,0.004847,5
20,5785896,1735768800000000,0.469885,0.489539,0.395495,0.411507,0.003415,3
20,5785897,1735769100000000,0.509739,0.535596,0.446281,0.474521,0.018577,7
20,5785898,1735769400000000,0.494423,0.535403,0.396366,0.409546,0.052637,5
20,5785899,1735769700000000,0.549816,0.571962,0.564468,0.588465,0.076416,3
20,5785900,1735770000000000,0.488872,0.499509,0.470614,0.470667,0.049052,5
20,5785901,1735770300000000,0.495188,0.551447,0.562379,0.595903,0.010744,5
20,5785902,1735770600000000,0.51831,0.566103,0.560925,0.567601,0.03437,3
20,5785903,1735770900000000,0.514076,0.589781,0.529898,0.554442,0.001083,6
20,5785904,1735771200000000,0.518646,0.578053,0.425458,0.459667,0.130023,2
20,5785905,1735771500000000,0.494965,0.540734,0.479857,0.507075,0.03309,7
20,5785906,1735771800000000,0.479354,0.500686,0.522422,0.541371,0.021896,6
20,5785907,1735772100000000,0.548027,0.563995,0.507363,0.527543,0.093778,4
20,5785908,1735772400000000,0.509294,0.551165,0.463459,0.481027,0.092283,0
20,5785909,1735772700000000,0.504063,0.540919,0.490483,0.491867,0.019895,5
20,5785910,1735773000000000,0.514505,0.546905,0.497985,0.528948,0.072421,6
20,5785911,1735773300000000,0.476542,0.511867,0.407701,0.445953,0.005545,3
20,5785912,1735773600000000,0.491784,0.508758,0.44945,0.478271,0.043568,5
20,5785913,1735773900000000,0.481226,0.514881,0.494555,0.530504,0.04974,6
20,5785914,1735774200000000,0.503004,0.506141,0.511027,0.545886,0.091625,3
20,5785915,1735774500000000,0.475194,0.520035,0.476053,0.490265,0.064356,5
20,5785916,1735774800000000,0.512128,0.55668,0.462929,0.477448,0.011364,5
20,5785917,1735775100000000,0.521304,0.574654,0.474778,0.493157,0.017056,7
20,5785918,1735775400000000,0.520641,0.577744,0.452052,0.455713,0.012259,7
20,5785919,1735775700000000,0.507928,0.561844,0.473612,0.4754,0.004825,6
20,5785920,1735776000000000,0.50346,0.567763,0.510214,0.510311,0.010636,7
20,5785921,1735776300000000,0.492476,0.503121,0.569494,0.590645,0.001511,5
20,5785922,1735776600000000,0.508074,0.578967,0.429656,0.451202,0.065937,6
20,5785923,1735776900000000,0.498023,0.529098,0.524979,0.528088,0.053878,2
20,5785924,1735777200000000,0.466346,0.519684,0.478533,0.48563,0.03217,5
20,5785925,1735777500000000,0.488899,0.498544,0.407065,0.436725,0.014292,9
20,5785926,1735777800000000,0.514261,0.532209,0.476084,0.497358,0.020982,4
20,5785927,1735778100000000,0.479737,0.554202,0.460628,0.491776,0.027438,10
20,5785928,1735778400000000,0.479383,0.490387,0.467719,0.475741,0.032713,7
20,5785929,1735778700000000,0.496405,0.533626,0.515653,0.538524,0.024613,3
20,5785930,1735779000000000,0.46096,0.468522,0.540331,0.549915,0.036741,3
20,5785931,1735779300000000,0.513133,0.520597,0.531399,0.56981,0.028405,4
